66,4474,47779,5319,17,250815,4,93512,20
265368,6111,9,17,17444,45771,1467,9156,20
1340,235,3702,1,2709,1,11710,4,4,42026
66,143356,38427
21097,9,17,10655,3341,20
13,5244,5575,16929,4,124,199,315507,10012,3502,83,36500,78,2533,22433,199,1272,183,11,2419,334638,45763,424,1
6223,3842,4830,15854,1588
45233,2969,1302,1,32,66,12721,39,33,1,107,1302,249,325,5244,1,1
858,10,225,177,191,8851,831,3898,16,462,1369,4529,99,16,18427,1,117,191,3981,1127,393,13,3954
4500,31510,1064,239,35,83,3183,1,79,35,29,3084,4327,35,260679,13989,17267
66,2736,1394,2183
66,26489,83,38917,17,250815,4,93512,20
357,63340,117,375,257,26,374,228,11432,16,1078,228
644,15,384,21,126,102,10,22981,172,1543,965,32,78,31115,46,13,1543,12210,4,79,2101,814,32984,14,38,36
449,108077,802,121,13,2041,32,126,202,295,203784,32,124,2716,285,8466,4,83,80,70,78,35,124,398,11,7791,124,28139,663,26010
551454,219,10744,14
39305,6533,1817,76,6422,16,374,26762,1,985,1
15428,22930,16,56,11,802,39,199,30469,66,199,2258,6263,35,13693,4,530,470,118884,35,11955,191,2258,24870,35393,9
46,11,3597,375,455,26,126,374,631,37,3491,26,7127,9,200,42654,26,67660,37,21,4,156,1
38542,228010,58,13865,11710,9,4253,744254
45,6740,13708,4308,240388,152,15,46,25160,37,13,1311,764,4,2279,218860,4,38427,39,13,25145,15,47089,1
32166,4,4831,1614,26,12328,20721,58,1,270,9,181,32,733
66,2453,25766,17,42026,4,93512,20
15,297,9826,462,2911,64714,26,35238,3612,11,5402,2325,116,86,11,80773
12,2,14646,19713,272,28,35,1144,14646,24466,272,16,1151,13,2500,28,198026,2,12,30,6409,2949
166143,8496,644,17,600,623,6016,20
66,19910,24382,17,250815,4,93512,20
204488,5402,2325,20190,40,2839,1,420,53,96,1006,295,285,13,288,96,45,1127,1
12,92,4,96,5719,172,6249,4,51,87,172,353097,1,92,33,5719,133,4615,15,87,181,12,1,4338,4,135,15,509,181,16,13,6249,3534,1
420,53,5402,2325,3657,99,295,285,13,11886,96,1
200,409,21,274,39,1651,1514,109221,8707,83,240,436,1,11,3678,1,29198,1
26,135,37,191,6432,1573,9,9,17,20
2257,187,2128,26327,152,29,3054,37,13,5738,32,13,909641,35,641,1,11608,812,9
5708,9,9,17,156353,39,5402,20
1573,17,7224,143356,11452,236,38,954,20
296,504,109221,8707,93,123680,317,1,409,21,504,274,240,83,436,1,29198,1
88,844,16,784,13483,2206,2118,14,265,21,115,74,15,129,16,784,949,2206
2798,20050,2,187,3024,74916,39,12835,2,48,126,459,9,55,51,102,1959,63,53,156,9,48,53,32,24358,18020,4,33259,83,6533,35,29,584,9
80866,17,52894,11099,20
439512,15284,1684,185,26,232,32559,1,1,634,16617,39,1317,26,8897,1
1332,2,12,128,78,5952,18427,16,56,764,239,74,107,794,11793,12,1034,56439,39,73438,102,384,291,126,14,12
66,151769,17,42026,4,93512,20
1829,17,93362,28,1535,83,11452,236,38,954,20
9,5488,17,66,20
10,959,13,1924,26,5139,15619,1,79,11,25332,92,33,1041,16,24079,4,26,61,64576,70,2445,13085
2,5030,72,83,72,11965,1,10
79,1075966,3356,199,109208,75,3814,3337,4,10,225,35,1079,39,2579,35,107172,4,93011,83,677,83,151,1
3375,10403,58,6432,12472,2007,17,2200,20
109,171,11,2579,50440,14,164,9,3030,580,46,17877,389,14
122,2258,2206,35,2,476697,2258,33155
66,93362,1535,83,11452,17,42026,4,93512,20
15,115,15,64,3890,619,92,605,1041,133,4293,16,243,26,21723,2258
66,93362,1535,83,11452,17,42026,4,93512,20,236,38,954
2709,1,11710,4,4,42026
59,826,11,327,2709,1,11710,4,4,42026
1340,235,1,1033413,85,66,2709,1,11710,2709,1,11710,4,4,42026
858,25184,45185,463,379,4,4559,6051,36,2533,434,32,3574,10,171,86,734,51,396,14,14
2018,62223,123,5441,2183,19677,26,8485,3532,1
78,60735,16,1261,13,3211
78,45,398,46,2007,79,1467,32,733,1,15854,156,9,15,276,64,5990,15854,88
1829,184991,5319,1,47779,17,20
10,196,190,64,13,3981,16,43,86,15,43,1,2279,68
1447,20287,32,78,45,903,9,116,58,15,46,60901,4,96,39,558,5658,24232,10,63,1
24232,64,2742,39,978068,563,55,10,95695,126,3155,1716,45,1,147,876,16,64,22585,15854,16,687,116
10,63,350,17306,1173519,4,79,13483,32,29,325,68
357,2742,39,62839,9,10,68,228,156,9
88,66,1229,15,407,117,1,26,193,357,4953,13483,45,271,32,4392,1
871,109,243,35,75,9445,36793,22903,1,74,272,229,4,26,80,922,4,409,15,126,6111,109,102,56,668
66,2193,7767,17,42026,4,93512,20
10,186,305,4,126,1255,2416,33,14,7382,3892,3532,722,13124,3532,4,45,687
28570,19373,234,4883,26497,17,3719,20
1745,2258,2321,247822,66,660,363,122,148
664,58,277,1369,14,196,109,43,13,450,74,1442,82990,377,16,1621,11,40341,1,4791,8448,550,35,10391
66,25766,26,10623,17,250815,4,93512,20,236,38,954
589,8955,4,6177,1823,16,11,5623,10781,26333,249,2747,243750,110,133,2747,1
6331,5041,931,26,549,133,335
240959,17,8516,7175,236,38,20
10746,22494,6051,66,96,39,29,2828,18421,18359
12721,2450,781,1906,39,7276,4,51,377,18640,35,45,63,469,9147,1,92,32,13,411,1009,2040,14
8436,487,58,3532,10744,6336,103035,1655,9
942,16,163,74,18427,128,409,3981,16,12314,1
13,117,615,32,496,96,35,19252,102,679648,22433,74,107,297,8725,11,5718,56439,4541,295,285,282,12880,144784,83,56,5096,246
381,235,32,1953,235,9,68,38776
10,115,53,614,56,477,37,75,39,15,99,175,1,79,15,64,30,879,1,3293,13,4639
68,5136,83932,26,233549,4,496,135,39,13,125,1
66,11099,543,17,4,93512,20
117,19761,70,59,63,12,1447,12,30,8532,4,30,7533,4,30,2844,4,30,3211,1,79,232,520,520,12,1849,12,37,181,1
610,11,22224,151769,156,14,10,289,64,45,9
66,25811,12235,395,48,281,17,250815,4,93512,20
21992,7747,124390,100,765109,764,5515,99
2579,1745,25748,35,13,5533,39,16792,38837,4,42026,1
68,13,1535,2321,229,1,2751,13,63585,17,236,38,954,20
374,11,246,11,3532,83,107,128,722,37,11,125,1,4119,282,16,3532,83,107,34677,722,37,11,181,135,1,374,11,246,6379,83,107,34677,479,5124,37,11,3532
61,2067,855,16,75,26,394779,1,1313,11,109221,8707,83,12621,36324,1,1272,883,69888,33,1,504,720,7196,9
1613,9678,21404,58,28570,19745,32,520,16022,83,75713,1443
151769,393,2414,17,9764,20
215,260,96,6331,353,36549,231,13,1221,26,11,11267,292,32,192879,378526,899,316,3475,14
12,937,4,3289,4,335091,1,12,13,675959,28161
11,18782,28,31669,9226,37,2,17,6271,2,11,1268,20100,20
43,10889,61,4167,663,744,11,2735,63,35,13,8326,14,267,10,3148,273,63,10,64,116949,2579,74402,1
117,344,4,1206,9,17,66,10655,3341,2200,4,541870,4,250815,20,160,866,162
10,195,46,1221,1652,37,58,1155,32729,1894,3469,152,255929,4,79,10,822893,214,1155,32729,1,10,2089,2600,46,530,10
13,209,32459,272,17,1078204,15854,3445,20
1579,13,5037,79,86,11,7938,39,15496,1
182260,656,182260,3211,17,42073,236,38,954,20
315,1356,13,5678,79,35,1815,101,30517,55,87,579,16,163,8426,46,411,3981
18453,86,11,2041,35,3981,4,43,15,129,11,31854,2041,1
1,74,51,186,13,3154,208,11864,77016,32,794500,240,51,171,16,31546,12911,1,113585,84697,32,208,11864,4,55,93,270212
29,1069,93,121,208,11864,83,126,33,32,422376,1,420,10,425,33,1
66,154336,33604,17,93512,20
215,13,624,39,13,5967,6259,14
190,1227,239,74,221,11,8090,2041,16,3073,2750,3981,1,28374,26,449,26236,1,296,392,1
13,21445,25162,1
128,175,56,1216,123680,39,18427,15269,407019,16,1,32,33,211,56,239994,153,6058
2183,26,2183,17,13,25604,10791,20
1206,38338,671,152,7801,4,78655,26,11,313,335,18765,1
29450,473935,9,9,29,884,8424,16961,4507,2271,156565,152,13,424,3706,4137,1,79,377,190,12447,239,393,31319,9,9
86,523,51,186,214,795,11864,215,11,21596,254,183872,14,80,75,64,11,208,254,183872,1
57250,18910,2183,17,58,585743,66,7238,20,160,866,162
790,15080,765,78,392,1312,1,1206,2414,70831,229,9,9,17,8516,1745,20
1535,2258,16,4479,58,29,8005,17,64817,20
1095085,1514,11236,1009,1,3570,26,39209,81469,4,10548,4,34453,20789,4,2859,125303,4,857698,3850,1332,2
1288,580,348823,1227,294,3134,1,1288,221603,2206,91,6336,667144,682,47779
117,245,8954,13,13764,37,496,117,11861,4,17719,349042,4,1076,14089,974,4633,229,148
33,32,425,39,19910,3986,1
903,18705
6336,5967,19846,10744,28146,73438,19461,1138066,1829
88380,445946,4,28146,4,26,1006562,12894,10744
12,2,127,128,1443,92,2258,32,311,13790,424,35,452689,12,13,8322,1413,9
3981,102,183,11,2953,1
449,39,53,13591,76,38176,4953,1,191,39,29,382,226,4,53,32,6534,1,10,226,1307,285,1621,16,504,2828,64853,38,224579
66,2736,1394,2183
2,195,15,115,14,45,13,1560,39,13,7765,93,13,1296,449,782,1203,35,13,367,393,13,6409,610,9,9,9
29199,1980,33,2184,58,20575,2258,1
1664,9,11,98896,14875,329,195,15,832,11492,1090,14,14
74,827,16,183,908,35,7453,240,109,64,16,1078,602,3981,35,12176,4,111,23321,111
33,196,64,1941,3981,39,9056,37,82276,16,64,12305,175,26,762,45,1578,99,39,13,1690,1,21852,249,395968
1094,83,16284,27697,23205,619,83,109835,39,122,2579,8851,45,687,97175,39,7756,1
75,857340,196,56,8436,18427,15269,198401,151769,16,2181,764,152,602,407019,526,703
2007,190,1356,33,196,3211,55,459,26,903,4,453,33,616,3986,26,5402,80,70,117,124,22506,79,1671,295,92,80,21
1829,32,172,6249,410,1,7979,4,5887,1,6249,10202,4,9182,116292
2007,190,1356,33,196,3211,55,459,26,903,4,453,33,616,3986,26,5402,80,70,117,124,22506,79,1671,295,92,80
38299,4639,9,17,4639,44163,187,2703,20
74,15,129,4,15,64,16,183,33,1,74,80,129,80,64,16,1596,33,1,18059,6336
922,26,26526,58,13,208,130,574,14062,4494,16,181,1261,33
18421,7617,58,36912,7727
1535,2321,135,17,5012,543,20
19379,4639,26,2183,1206,2801,335
48484,10869,9,17,66,236,38,954,20
18453,15,102,232,43,33,4,540,1617,4,79,12508,563,1,3981,42,219,3981,42,219,3981,42,219
733,5176,1895,13790,1573,32,15045,9,9,9,270420,12588,4,4
18453,15,102,232,43,33,4,540,1617,4,79,1617,12508,563,1,3981,42,219,3981,42,219,3981,42,219
8964,4,79,78,13,450,1,79,33,93,11,459,3211,39,2033,8979,656,1
733,5176,1895,13790,1573,32,15045,9,9,9,270420,12588,4,4
66,11452,39,4323,17,42026,20
357,4,7791,19326,32,312,1
2348,5990,12472,2007,1,2875,5456,1,1579,75,13,22338,26,38427,33,1
18030,58,1155,32729,10,8424
224952,150444,11312,2888,53705,30889,22853,12671,13494,9850,78828,22853,46337,2594,9
9908,7938,2,61,1851,215,11,1851,46,15,9
12455,2,24441,133,40916,1
66,4886,18022,17,42026,4,20,236,38,954
35,1741,12864,63,49683,1272,111,99,37,1652,79,40266,32,16,722,36,1535,2321
45,13,8102,37,2181,764,10236,249,2828,6058,407019,1
7345,26200,70005,35,288,3981,109,107775,1
6097,5340,45185,724,5262,3597
12,2,171,7631,39,2579,1188,4,379,83,5635,7592,4,4306,554,2492,3302,64,798,334,375,1,12
1613,13,10655,2258,17,66,236,38,954,20
6432,9
93,2707,63,13,7050,35,11,6016,9,3293,20502,153,1103,13,420,37,295,17839,58,3337,9
4383,13,724,46,11,903,2586,1,2973,1467,35742,22616,2193,234,72360,234,9678
36,55,10,4408,36,29,395,163,486,5990,8063,36,516,231,46,350,33905,2756,770,37,486,43319,135,1,79,486,52858,396,13444,53,135,1,335,1
2156,361,16,4740,11,5501,39,14204,26,23245,19986,9,17,50164,20
66,10744,5645
86,11,26842,16,433,11,1428,39,1094,396,700,55,296,35,11,19823,353,9,433,99,15,3292,2660,9
422,9,4454,35,13,23588,37,13,2806,16,87,11,5176,9,3516,9,53,950,656,9
12669,9089,9,9,9,258,1090
59,12642,13,886,1573,66,4606,908,1,2183,151769,4,119504,26,460451,9,325,135,12642,37,576,1272,1
10,129,4455,12580,1
1,3694,64385,38,4791,236609,965,28896,3337,37,55,463,1
33,733,16,56,63,11,11692,16,56,66,15460,35,277,720,12210,4,1068,35,26,744,99,1
66,29450,1455,4,1924,37,11,2261,9,13864,1924
66,14698,1863,236,38
47779,2790,14
2007,60,60,60,2258
346989,4,3010,128,87,12642,175,1
4413,117663,5799,91,4413,117663,4451,15067,94977,20309,299048,14
2540,13,11716,185,7815,13289,9
29,651,2929,844,39,13,83926,39,30000,993,15854
2206,30,1,42785,16,29,11214
9124,37,1030,42785,708,63,14352,2400,550,37,13,2018,62223
66,2258,33155,17,42026,20
6432,37,13,10997,1,269,37,13,282328,6051,1
11,16909,71912,9
265,21,384,15,53,39993,187,128,868,99,16,56,598,16274,63,18427,1,2177,409,3981,16,284,35,242,124,18427,195,16,2181,1
754428,54001,8298,8298,8298,754428,54001,8298,8298
26,1447,11277,628,37,5596,36,75,133,175,1
568,459307,39,1535,2321,215,248,80734
1444,1413,51719,10128,27692,14721,26,11,43427,1,5704,21,39,1627
272,1220,39,189242,64574,14
1,3211,39,5478,4,10,260,11,833,701,236,38,325532,14142,44458,30351,8861,9
177,338,518,72497,9,420,13,4408,39,7013,32,12895,15,296,9,94540,7881,37,15,148,14
2133,58,330,32,13,6097,39,173918,58,330,28,181,35457,30,1,28,1442,1,7900,334,1,19473,28,181,35454,6409
12,14352,2400,12,3278,5646,5990,31457,1036,10442,726,332,5494,332,11258,499,14142,8979,69,756973,1036,849795,13101,118377,1
196,15,56,4558,74,10,813,15,45,13775,85,11,341,576934,85785,9,62839,13,132350
558,116268,26,369056,246,2875,1
583,8950,7791,1
209,18022,35,1987,10,225,1969,33,17,4886,18022,20
51,478,61800,32,11,10913,4,610,51,64,182,1941,33,16,411,2197
225,392,3,12,2,265,286,184634,56,341,4,2579,619,128,5137,66,11,2798,37,11,1815,1,12
66,100663,18657,17,250815,4,93512,20
19910,1240,9,77360
8968,125,2,28352,7292,2021,152,1030,124,6859,32645,14156,4163,1,329,73,13,1018657,31490,14
37,191,819648,4,70122,26,19910,154336,1,17,20
12,2,7446,32,2584,11,20279,32,11,6097,123,7371,32,78,2840,33,35,11,6097,7727,1,12,520,582,274
78,538,74,50250,153,13195,2357,3532,4163
10,186,56,177,74,96,39,4813,153,3167,3389,33,17,1352,10,87,18938,2552,37,873,3167,208,14,668,20
13,214,410,10,115,175,1613,45,908,92,109,260,13,116268,1
44471,235,234,238251,234,238416,2183,234,1426,37876,234,6306,35,29,5941,219,29,1141,39,8436,356,39,320
450,82,626,13,18705,7791,14
48,137,9713,2257,1,4139,229,120,60
7791
125,1752,504,125,58,11,2091,9,6111,9,9
357,4,97953,189242,1,12455,4,19910,4,9623,4,408951,3850
16077,9,12939,3822,4
66,151769
66,13,11099,543,17,250815,4,93512,20
74,15,69537,11,45704,13989,16,2819,22480,45704,4,15,70,78,11,20689,4,15,70,19569
13,3362,802,39,3337,939,93,6056,4,79,12497,152,23245,4791,635,1,295,16,2706,17944,58,295,7446
177562,3211,29,580,9,9,9
151769,63,11,2067,17,344840,7450,2200,20
1213,61,918,551,30,4,11669,45,1
66,32596,25766,83,29239,17,250815,4,93512,20
393,48,48,4,96,145,10184,37,48,19910,3094,48,14,277,3187,10046,170595,254,112727,52602,74940,254,28,17685,19228,9
1443,534,4639,393,602,11,1846,1,797171,30,1785,272,1
214,13,19980,64,12,13,3981,12,16,183,11,2541,4413,63,53,15,128,78,163,35,3159,17,153,35,13,291,9,9,9,20,1
10,225,526,24699,26,10,225,1531,1455,209,16617,272
74,175,32,11,673,4,13,126419,42,42,42,199,518,8897,39,85,3762,33,1,530,107,27065,35,673,779,393,2138,11,1781,1
3653,37,375,396,16,7039,496,329,4523,16,17667,151769,17,17667,20
1,86,11,5329,109,10731,19969,489,124,148464,26,13,4879,1076,109,10731,39845,1,225660,120049,97491,19969,162933,35,3337,1
733,2183,13775,1,1,96,39,13,209,619,18359,576,1,1
264,63,238,32,744,51,722,6016,46,833,3260,450,32,199,1815,22717,204585,1,521,51,36,521,954
196,68,16,87,13,3211,39,933,3339,208,110,4696
4232,56772,37,29,122,3532,2539,17,20
12,2,13,6179,312,590,32,22085,1,12
7067,1535,46,11454,17535
42,8035,1535,2321,42
28,4,497,11481,4,4,16,56,21310,2554,868,39,5977,1,341,3196,46,13,19685,1
64222,17,13,33520,9,9,236,38,20
128,190,64,3075,35,42026,153,645,10,128,516,16,5780,29,6637,46,29,777,13693,14875,473,42026
21,2157,54,33952,690,254,11159
8424,11,11716,133,66,42026,66,1,30,409,4,30,21129,1,739,2259,7922,2465,9,1853,10334,2
551,1500,5488
164,5990,125303,70,295,285,30002,1397,13,40045,1815,39,13483,176640,1
341,235,26,1573,66,29215,2986,5439,1924,42026,1,11,670,39,656,79,75,520,16077,1
4494,395973,250815,288,125,37,13,1009,17,22496,49197,2002,83,11099,20
25791,30,2258,35,13,2713,58,29,28136,7144,1,169135,32,46,13,271
6047,7155,9,9,9,15,2274,1,56754,3181,1,231,59,3981,1,45063,1
1006,46,231,3981,1,215,392,13,4204,1
18910,2183,17,328069,3311,20
722,151769,278
337,15,1,260,11,19447,1829,1,126,215,248,61,730,14
338,628,4,15708,36,145,17,66,20
4757,1036,78094,20279,169420,9,219,219,60,2,682369,2400,227746,12671,1433,1,18427,5013,119,16,28161,157140,12671,1433
19910,5764,17,682,109009,20,26042,13989,8979,17503,14924,17,20,965,32,11,117,158917,1177,4,5840,83,3586,1
66,1535,2002,28,17,42026,4,93512,20
833,46,628,17,88763,2731,20
1068,5074,16,11,1829,1081,1,17,5074,33820,13709,10202,20
42026,15641,6849,13,1444,27427,1,277,720,427133,39,13,2521,1
66,24358,5069,17,42026,4,93512,20
66,24358,5069,2276,254,1258
66,24358,5069,1539,361,17,42026,4,93512,20
476070,17520,656,17,13,156416,7881,5087,20
66004,544244,234,4791,1436,39,1444,1413,13,3962,1,57303,694,1,86,11,10739,1
3,12,2,288,235,2028,703,2,43599,20320,83,671,4946,2,12
83859,8122,6979,16199,272,35,1,59,3981,1
987,33,46,724,9,17,1535,2002,28,20
83859,8122,6979,16199,272,35,1,59,3981,1
2183,8525,17,361097,5319,20
64,16,320,53,1206,4,79,3653,16,7617,85,352,1428,39,869,453,13,2041,1
147,7675,13,1801,26,1302,1613,195,147,2252,13,10913,45,329819,26333
10,196,56,11,2799,39,780059,6063,1,5704,21,39,335,1,1
4388,48,110298,46827,48,2,87744,16,27943,56720,13777,21317,2,13434,3619
46,11,520,1507,2586,4,10,1220,363,520,54076,148,1,12,8192,9309,12362,37,2091,1,1473,9,12
66,93362,28,1535,83,11452,17,42026,4,93512,20
239,1,51,73,320,99,496,16617,3302,21746,16,6374,35,85,83836,16,3663
1750,13,208,11864,1305,11688
1969,13,374478,234,1407,110,234,16617,1,448,143,11,886,670,12482,110,9
267,175,56,53,1326,39,12815,13683,12272
66,6179,246,17,42026,4,93512,20
229,32,13,6111,2193,9,9
4,23313,2703,137773,4,22292,4,338721,4,20671,2699,5932,171,139022,1823,8851,14492,4131,3948,1
473,4,10,115,15543,79,10,59,260,16,9,9,9
15619,499,14142,46237
66,4639,44163,17,42026,20
66,96280,25766
547,9,4306,10,629,959,47,7922,2465,215,16,56,11,6331,2417,1,47,33,317,85,16,8090,77567,14
463,2646,1535,2258,2314,2018,1299
563,109,70,46,2263,209,36484,4,109,171,11,13513,27111,1,78,245,121,5781,1
66,22496,49197,2002,83,11099,17,42026,4,93512,20
220,1,55,808451,8793,876,16,320,3945,16,3770,12242,18513,110,9
3289,10,104163,13,33540,9,13,42026
589,11345,22829,14,29198,1
22873,70,12682,26,33,93,249,720,22292,1739,45,2070,249,225,76603,5526,26,107,2456,489,11,6319,45,6353,3195,9
88763,2731
1566,2304,8527,767,4681,263,1668,4,118,58973,25,157,6097,22,2304,256902,166,69,18928
165168,26,58,4251,31404,9,17,7128,20
24975,39,11,353,4,119,16,119,9,75,4749,9641,350,908,1028,229,1,135,16,6647,61,25854,110,9
11,1949,39,5990,85785,10781,58,11,1068230,531,1,1617,47637,1
518,2,86,43,51,129,37,504,1573,21,2,128,15,183,33,14,518,17,63,172,2527,5402,4,41501,26,3311,4962,9
30409,13,1296,2609,59355,29453,39,53,22819,1
3379,12,7938,12,32,45,31923,855,16,4054,16,12746,13,120500,39,4500,246,127,215,16,286724,38062,1,372398,416,4847,9
1,200994,4,29,1995,342616,21,16,2282,75,3337,54550,23114,2860,351,281,10,43599
6058,151769,14,3,2,59,152,13,271,30,2183,151769,93,13790
13,833,15472,2067,1,133,516,16,1,92111,215,15619,83,7168,4,79,606,99,37,13,833,96,1
45914
17151,66218
32,662119,19986,13,411,122,2401,3954,4204,14
4734,11668,12110,662119,19986,26,662119,12721,724208
33,32,172,1809,16,872,208,24232,26,25748,1,52796,19401,208,6909,1
66,14698,1863,17,250815,4,93512,20
13,214,946,10,64,11,4791,5012,37,820,1009,32,13483,1
33,5871,156,6432,1
88,4,1609,29,1815,10,93,7629,13,6097,1
520,547,1,10,64,807,61482,39,1045,397,20321,85,37,2840,1307,9351,35,13,656,1,239,35,9238,3337,1,24210,1
66,25766,26,10623,17,250815,4,93512,20
92,589013,30409,4,33,30201,489,11,3119,16829,1
8193,4295,3469,338,48484,152,12141,46,338
175,33,32,13,16077,2579,559,1455,9
22873,73,12682,26,221,3731,5108,9,13,42605,215,11,1362,34583,26,107,128,4743,249,13943,35,13,208,791,9
2859,15525,5037,26,86,290,291,115,5477,45,43466,14
44040,46,9,14,1595,13,2193,9
2093,58,126,2268,6244,111929,152,291,32,25749,83,9309,66,520,16458,39,3337,1,6223,1116,291,4297,9810,71371,9
66,13,6249,10202,17,42026,4,93512,20
16541,214,1776,92,51,23442,61,664,9,2181,215,6321,424,123819,10349,291,36,6859,36,45,32,13,12721,507,37,8004
18303,32,13,11452,39,181,1
13,10233,45,25628,1030,13,367,1
20947,30409,66,90930,26,6002,93,22930,16,416,45,313,1,86,11,516,37,1
42534,73,989,2259,9472,397742
1394,108049,32,11,6896,63557,39,27993,1
1745,2258,32,559,1447,30,1
3532,4,2183,26,6336,17,20
22853,58,67468,635,17,66,20
260,11,14105,19447,1829,148,66,13,9,9,9,26,761,10979,14,9,93,55,247975,35,29,656,45,10,1782,16,284,1503
34453,34566,1
51,425,504,1069,1,164,38496,504,2705,496,9316,14,14
10380,47779,5319,17,20
260,11,459,22366,3375,602,10781,2007,172,3375,296,3463
1393,2909,1028,351,1,72,1,243,46,59,7617,33,85,9
7674,199,1210,55,51,102,762,35,3981,26,22819,32,32,78,504,4734,12047,55,45,10,1817,2186
66,1,4163,4200,1,3986,2206,28,4160,9,8980,28,4160,9,79,42552,2206,28,784,9,2007,125,28,784,9
5606,35,13,77650,39,28809,1477,13,10222,39,29,1588,1
2,66495,9,7167,2,12,12748,27310,2442,75,21023,5634,9,12,12,530,76,268575,13860,9
6259,35,42026,37,11,724,39,6945,14997,37,54638,2200,2089,11,790,236,1535,1447,26,4380,5361,9
23492,1949,2,3337,917,1106,1,266,283871,5900,16506,82,17,66,10655,3341,2200,4,541870,4,250815,20
68,15,1012,12965,8821,61198,1036,672396,1451
3606,19105,28,13,3651,4744,12288,296,46,61,650,530,33,574,175,37,463
2258,7292,64,699,85,35,43951,416049,64,7929,58,66,9,21330,11491,111,2047,785,9
74,63205,260,3981,56,36079
74,13,635,66,13,607,32,448264,4,107,10500,313,11,1961,1,17440,9
568,15434,9,9,12,2,11,24357,214,215,96,5311,35,33,1,12
296,1659,39,1802,17997,7609,4,10,4402,13,20837,10,129,16,17997,16,11,10073,26,240,957,4415,133
14,214,152,13502,153,152,47610,32277,4,6238,4,76767,4,14875,4,55892,4,7582,3850,14
61198,1555,32267,20,20
48,800,654,22115,152,1301,2324,2258,133,11,2258,5441,1285,15,115,1399,39,13,939
656,45,102,56,936304,214,92,30,96,32,526,28,145748,13483
79,2609,6224,10913,128,87,1,164936,145,46239
1186609,2579,7948
10,59,807,53,615,48,266992,325525,66,18427,2,265,198,137,420,51177,32,13790,151769,48,152,22692,615,1543,1
3039,99,1,18533,58,10362,1,30,687,35,6071,3009,1,10,87,13,450,6071,66,1
9368,11669,45,3362,274,121,5537,311,19975,1
525,99,53,8298,9,133,1095085,1893
361,254,2978,11,21161,87694,1
12,2,17452,5883,16,4739,4649,2,156,969,4,814,19862,12,13,23492,17559,64433,13764
17306,534,2193,325693,36108,36641,168035,5841,78988,1451,222066
66,88763,2731,236,38
1054,1,10,63,13,2053,31669,1
10,186,10,171,16,722,53,13483,1,79,325,265,21,284,11
2178,363,133,7238,16909,14,2,50
3651,4744,110,37
985,254,2709,1,35185,4,1595,61,3651,4744,110,9
1034,18427,200079,15,872,5990,12761,152,15269,2183,407019,16,2181,764,1
296,34141,3651,4744
676908,7096,3651,4744,17158
172,203619,99,26,99,1,11,10233,12721,33425,53783,489,11,7159,878,33425,28,11,991494,1696,11556,1
7483,16,288,1340,4,397,15708,58,1
2709,120952,4,348,2735,58,277,6527,4,133,3981,610,17966,61800,2114
126,16,43741,6336
110,343379,733094,32,182,142313,66,74144,1,814,13,285564,213278,137698,29198,1
13,3604,25162,278746,152
1829,66,172,5990,2790,39,17,18022,1696,20
220,319,1,29,25507,37,12669,215,699,313,59242,35,13,288,1423,153,55,1,27934,4,211732,1
66,3183,42968,17,250815,4,93512,20,236,38,954
319,4,2070,29,3597,1,569,32,10132,1,64,156,202,5402,44788,2305,1
55,7096,215,3651,4744,110,78,202,6985,563,66551,14
10180,1,53,410,708,63,33,551,23027,10180,3981,1
7024,51503,2109,99,556088,133,416049,894,83,1853,11,833,143050,46,3337,296275,83,9,20404,8897,556088,9,9
209,125,39,29,181,9,107,32,55,15049,15,70,411,46,29,11716,1908,163,92,45,128,56
5144,26,3651,4744,35,13,450,2041,1,31323,33630,152,26,18640,211146,152
19823,11531,39,2041,1,568,7410,164215,46,85403,1,109,128,10834,111,37,33,1,243,46,87,558,2552,9
6611,26842,16,64,616,15,1,43,574,35,2054,26,406,15,75,13,520,209,1
16660,36,1535,2321,17,20
285209,3651,26,5144,4744,32,35,25732,1431,37190,3181,152,831,35,5144
200,387025,187619,534,2579,866,499,274,3264,200,1
1925,16,56,13,14930,39,434,1,13,749,175,32,11,12,131,16,3289,12,35,13,524,4,315,32,46,33,9
448,78,658,119,133,37612,3416,26,1858,13,163187,234,9064,3899,16617,79,33,17,578,20
26,16,1609,175,93,1535,2542,35,13,934,1371,1
2,53,32,11,6458,1697,4,46,11,2007,11258,1
1280,2193,17,20,6131,6373,4,240532
31047,32541,2209,12,40407,455,39,1306,1109,12,11,299,22905,15093,133,29384,4,58,172,5443,3073,39,38,4,4613,46,8284
55,37,75,13,6985,18427,129,16,4267,249,6261,15269,2183,151769,16,64813,34578,1
7096,378430,249,33630,216923,1,107,333083,13,7951,37,1086,3981,26,76491,75,13,271,393,107,69437,1
2183,151769,17,122,2200,20
92,181,2209,15,30012,564,37,9351,26,10394
1034,5013,145,13877,22480,831,164936,83,37806,942,35,4694,16,1392,10665,214,15,102,361,228
31757,152,66218,4,1021,1443,152,1745,2258,296,2973,85,37,110,453,4709,11012,3889,5011,2040
12,2,53657,11432,12,1332
290,1436,63,53,48,1285,48,890,249,3333,1
1,183,39,1031216,7609,393,6443,1,26,409,126,107,2070,2238,63,11,32651,1,111,58,53,1
13679,20117,26,13709,14
1,2285,126,12965,32,13,214,5948,1493,53,31047,3155
53,724,32,4111,99,16,56,540,71149,9,17,1535,2002,28,236,38,954,20
13,272801,55403,70,13,398,6307,8319,472763,48891,489,381,25415,9
2379,39,3981,1,86,11,2041,9,9
245633,26,284,29,580,9,12,2,7621,15687,12
21404,35,11,11258,1,2007,10115,26,2258,17660
92,15,64,11,47936,63,5127,4,43,15,186,33,239,4575,14,16757,128,264,13,4451,1
66,13,6249,10202,17,42026,4,93512,20
148143,44787,17,154336,33604,236,38,20
86,1898,128,8851,374,6855,39,85,14,30,30640,7692,9,5402,4,8656,974,954,64,75,699,4,3818,11,816,939,9
18938,2552,26,75,2033,47779,5176,17,93362,1535,83,11452,20
93,11,4110,1543,16,14982,35,13,9212,1,130,297,59,26,11669,5546,1
211,231,1028,53,73845,83,16840,3516,794,254,1
9,9,9,9,9,96,39,13,449,575,352,9,13483,21982,48918
553,10655,13073,4,3,12,2,118327,4694,24479,12
2461,143,7997,46,29,1959,4,1467,46,29,1729,26,11,46,29,12677,1,11,393,75
66,1480,5281
12,2,291225,216287,9828,628,27243,16,10536,4200,76,216287,827,1,389,55803,46,31165,9
598,96,12798,13,12977,1,680705,23725,109527,42026
74,10,4451,649,26,33,1884,4,225,10,156,2773,153,156,1362,14
1829,32,66,34024,35,42026,1,7727,1,17111,22,34024,460154,42026
19298,85,29,325,13483,2829,1,6111,1,26,115381,10,26513,13,13483,1009,784,1
1809,4091,33,13,209,23241,9099,4,595,3211,33,552,33,1,26,10,225,830,39,33,4,389,9
16909,8485,160168,1,17111,22,34024,460154,42026
66,25766
4232,7765,17,45844,20
6432,64232
3030,785,35,27561,4,6828,20052,1493,13,355,4,79,27332,13,2274,39,13,117,1,28,12702,25702
66,29450,17,250815,4,93512,20
66,38746,2258,543,17,42026,4,93512,20
190,196,64,621,13,30927,917,1,6336,879,16,64,739,11,398,8899,9
124,202,124,15,129,16,1261,13,434,229,35,13,4552,123,145,39,11,6985,1,987,21,191,2258,10,226,9
305,4,13278,6063,32,78,41592,1,794,254,156,698
177,338,9,9,9,420,51,243,119,16,1480,13709,53,356,1
13,246,127,621,85,21428,48300,31226,16,56,879070,53,114718,718,107,75746,1,187,214,271,107,29518,115,126,237801,33,32
5236,4983,4,16219,1,17111,22,34024,460154,42026
66,4639,44163,17,42026,20
66,96280,25766
66,122,225659,47779,83,1147550,5319,17,42026,4,93512,20
724,19447,525,1
7149,656,3099,1,4392,17,88763,2731,20
2183
1029,14875,1,1,17111,22,34024,460154,42026
78,11,355,1141,37,19641,16,284,11,25317,4137,2258,38,162011,393,15,5959,61,642,4,16,85,13,19000,57765
4475,110774,66,14551,18938,1069,254,19252,28,121397,73845,447,38,137,73845,58,14850,308858,9,190,651,4,330,32,58,19252,1
1220,18453,32,211,6599,254,24278,11159,1,182,14,288,135,10,18570,13,458,908,4,10,470,96,458,410,16,722,1
11,1949,39,2258,26,78,798,37,21,4413,2018
934,2002,83,11099
80,73,78,653,121,13989,39,5243,1411,32,415432,39,2549,35,5074,10923,26,55,46
75,795,110,1,5488,5488,9,9156
66,13,2007,10115,83,2258,17660,17,42026,4,93512,20
13,634,125,37,11,7881
15,115,32218,46,13,2193,14,39683,4363,397,13,569,1493,101
54348,13,235,231,58,191,1535,2321,9,100663,1535,2321
177,125,3289,1,420,15,63,61,3041,9
119410,26842,9,4091,15068
559,36722,26,169200,21892,59
9908,7938,2,130,551,722,13,656,393,109,1156,33,1
32,33,11,122,2579,2706,153,13,518,96,14
59,826,11,327,39753,2731
8485,462781,83,6111,28369,27042,5488,9,9,9,17,44888,543,20
59,96,11608,7068,17,185902,7068,3889,236,38,20
28369,27042,46,11,1340,235,4,6432,724,9,9,9
96,2183,96,198401,2211,17,204,60000,20
872,191,2007,18513,13073,26,5764,32,3165,1,79,232,10,260,209,2007,35,2007,23617,4854
632,127,9309,33,156,202,32,11,5830,127,827,16,186,4169,124,185,267,1531,11,5226,3333,965,11494,63,185
416,2397,4,3028,11,1535,2258,9,9,17,64817,366088,20
143,61,1069,1,2554,621,16,17440,46,4,3136,1,554,269
1386,4,17,93362,28,1535,83,11452,20
1127,37,13,1,3580,37,13,13483,21410,1,17,61603,36518,3054,28,20
7345,9933,12210,9464,9,9,9,86,2413,32,398,798,37,375,7500,14,14,26,15341,4392,9,9,79,17302
86,23725,407,32,303056,5549,124,39,148,1,11681,11452,110,9,55,127,14,17440,46,33,9
66,38746,2258,543,17,42026,4,93512,20
15769,2258,17,450339,20
1566,1,30,615119,86567,14,521,16,3373,126,35,8468,11488,83,9542,118241,24196,8452,299,14
66,4639,44163,17,42026,20
66,96280,25766
2,2093,5013,8192,39,13,908,83,3376,38427,290,9153,35,1,9,12,583,124,42785,5005,33,530,76,108522
18307,13073,6058,5176,35,42026,1
17082,9157,237353,37,559,6063,1,425,35,359992,1,1826,214,1,270,7781,1
1566,1,128,624,9,107,215,798,135,16,11258,18427,23020,1,33,962,12,721900,615041,18427,615041,12,4338,1,33,32,12,721900,78094,18427,169420,12
66,29,2258,543,17,250815,4,3337,20
10,292,15,156,3289
66,62839,5319,17,42026,4,93512,20
164,4,141707,4,196,15,2539,55,554,1568,3981,66,13,1781,92,15,102,2539,739,6980,93238,14
1,107,87,13,16219
164,290,101,497,75,13039,58,94301,26,59355,61586,14,2445,140069,26,11,9713,37,12814,9,9
124,109,226,12,24207,20524,1029,12,17,509,191,5402,35,61,1966,20,1
66,122,61274,4474,47779,5319
348,2873,61,7200,453,33,250282
28038,3651,26,17719,4639,267,1665,156,42026,93512,3337
66,9659,151769,17,42026,4,93512,20
20338,619,1,193,2594,722,21
602,253116,6336,17,20
77143,128,64,11,946,41661,125,16,119,8016,85,152,11,7609,12,13,2731,827,6746,12
109,6144,11,117,410,100,147,931,9837,13,4451,100,35,2
58,53,13412,39,744,13,13989,39,58103,35,13889,5624,35,14,13,934,7513,267,39,9
10,530,78,56,61,1949,39,2258,79,178,61,1753,39,10394
1,284,11,6331,1927,17130,26,509,99,10,1613,13,87501,39,12,4966,12,184527,9
12235,3333,1,614,361,844,121,12235,3333,1514,566,135,1
239,3532,64,143,489,3035,260,33,4745,1966,1148,1,12753,93263,302939,1,1,73,51,1483,14,51,289,9602,282,14,4137,282,22853
10,129,343784,137698,16,56,172,27111,37,11,3746,36,4119,199,48835,12776,11,4998,1
4,86,11,13683,2481,152,15,1
10,129,11,1467,35560,153,11,2007,247059,9,5708,37,16219,32,78,25791,37,3618,1045,4,32,33,14,35,45,1815,4,85,37,2414,14
10,225,232,16,470,6652,35,6652,2183,1
65892,26888,60243,11,3532,1,73438,1,164,55,14,9
74,51,509,11,2797,46,29,650,854203,128,56,14255,1,79,128,3007,16,234,37,19252,83,234,37,3093,1,865,165889
520,701011,39,264744,248017,16,564,37,11,43372,25202,393,311,11,12955,1523,35,18427,1534,1
5281,26,6652,39,886,8617,367,1
10,6202,277,411,8181,10046,16,9143,3789,12753,93263,569774,37,11,1949,39,2258,35,249,122,2725,9
875,13,1535,2,14250,2535,37,192039
37806,32,11,1741,17294,4,55,107,102,56,7566,37,13,3041,1
240959,58,11,11790,9,9,17,29450,1455,4,122,6601,1924,20
1765,7756,26,1255,32,11,1185,16617,296,4,824,98896,10744,37,15,9
11,42605,39,24006,889403,4,11,29960,201195,1428,83,11,4479,39,1,11,57397,43599,7576,11,13483,15481,1,8142,35,187,4888,39,117,83,3859,1
10,143,11,2193,1
1752,16,63,25766,2258,66,746,17,5012,20
312756,6016,4,18910,6016,663,3075,4,6097,15426,2829,4,13483,662740,4,36
78,5412,58,6331,25202,39,12318,26,6228,1,1,1012,99818,171,2034,26,833,135,3672
9,9,6111,1
11,2258,62223,2937,764,39,3337,2074,75,6893,17,4879,20,51,2832,70,59,10511,2510,504,1807,92016
28,92,238,8137,19470,83,8707,226,109,129,30745,4,716,61,248887,10537,1
8019,11,125,4574,786817,124,22433,5800,764,4,199,2567,45939,12753,93263,569774,15225,56,5441,2258
15388,3,2,2,177437,768,102,56,392,59,124,3390,152,11,13860,148,1
64813,34578,606,99,37,45,151769,1
7027,2002,123,3075,48891,50012,58,11,2338,39,28352,4,52730,4,17,66,7027,2002,20,160,866,162
13,214,53773,410,5477,8851,32,486,8851,17,42534,13480,35,933,85785,133,3376,2206,20,1,128,190,642,45,96,99,1
526,44829,26630,8981,58,22853
66,1480,2579,4639,2206,17,250815,4,93512,20
15284,9,9,15,130,239,18300,3983,63,133,61,302,1981,302,143,408,7756,35,13,11982,878,1
2183,6016,4091,2007,125,28
357,26,692,5607,7791,26,692,53952,12136,1,363,16077,32,245,12642,1514,45,135,1
55,53,3607,425,5967,15481,37,21,507,78,674,55,341,32,147,733,153,32,147
26,115121,3981,156,1
12,375,2913,26,6546,831,883,52803,11714,124,13,19941,11864,39,350,8067,17,20
41988,17139,2579,122,4466,133,82602,4,2340,4,4220,4,2331,4,1369,26,4879,35,16,13,628,1
22433,2258,33155,1
1369,592923,85785,4,32752,9697,1,11,435,699,152,4,232,9482,199,9713,1
2007,58,56093,53,409,93,20321,152,277,19409,1,22853,58,18427,1,1,58,30774,1,858,5988,19986,58,55180,1
32565,39,4493,32,110,2718,35,3337,393,172,24641,8536,1,214,135,128,384,126,53,75,54832,99,4,79,10,225,172,58680
133,4,2978,104968,2579
434,133,12669,1,74,61,15557,798,4,14072,32,59,11,892,1
11,2258,33155,4135,12753,93263,302939,2258,33155,13830,424,2258,35,516305,9,9,88,53,32
358,28611,11723,14,14,6331,1333,14,14
55,4,10,664,1,93,175,35,8981,148,1,164,93,53,78,8016,152,13,1369,14
21791,3532,28,2736,83632,1,83,5796
15854,6605,133,13,19252,1
288,1086,3638,39,13,6249,66,1
12753,93263,569774,5013,2,12965,3705,5318,13101,5508,157640,4,111768,4882,12965,18427,332,764,478904,8981,21,22853,275642,13494,4,5318,815634,1433,9
1,10,225,538,128,7039,22853,12,215818,12,26,226,22853,9102,234694,12,12
10,143,598,2193,1,269,26,37,12013,9
1570,273,92,645,290,285,11608,26,75,152,1
58,858902,17,15217,4293,20
17,1535,36,11452,152,93362,20
7193,88701,504,152,199,39,1882,23725,39364,99,4,78,35,117,3211,1,337,330,51,409,21854,39,31865
30,40862,4,79,590,1400,63,13,590,39,13,20516,16,21,9
284,13,100365,1539,16,24358,5069,4,687,39,45749,4,687,16,1
195,317904,186,11,4953,460451,93,2436,14,57086,18484,236,38,19910,3986,19954,17258,1,50134
13,39,30422,21325
18410,11454,5321,58,191,733,827195,1
59,32280,9,17,107910,15854,20
116,420,33,23052,16,3337,1,2257,4,277,47677,12798,40,81439,4077,32,99,4,35,1815,56,4038
8485,462781,17,610,462781,20
66,93362,1535,83,11452,17,42026,4,93512,20
12,8526,32,190,20903,58,8526,12,12777,236,35464,6855,124,78198,8016,152,35,13,3034,12871
2594,265,33,56,1477,28538,9
26,1385,55,21641,393,11,4633,83,83,9,14,123,62,42,9,206,120,4,4,20777,9,9,9,41823,41823,41823,9,76,28,20
529,165889,70,24139,3157,3688,4055,19369,32,1271
1290,11,4088,39,3651,4639,58,6239,39,1535,123,1272,196,186,15,796,36646,6029,9
26714,1,183,538,2954,35,61,10997,37,13483,393,381,6051,1,2510,13483,7016,32,13,6051,1
2183,6974,3064,260,75,1590
9541,45,735332,108873,530,78,2496,35,99774,10009,450,124,22853,3177,1817,56,764,1,171,11,4246,26,8675,16,7039,285,631,645
226,3075,120,120,567499
3532,3532,3532,9
969,102347,17,47779,20
4998,39,12,722,45,16221,12
2279,1,46,11,71912,1,58,923786,54730,1
10,5092,9,15,5092,9,80,75,5092,37,1535,2321,9,202772
393,11,181556,125,4,61,320,2209,10766,36,2319,1,15,70,13,4333,39,6811,6768,1,1,10115
28,568226,134,411631,26,6652,2183,215,4670,99,53,135,37,86,172,565,53,53,22819
1148,85,1,153,1535,2321,1
77143,32,3390,13,449,133269,284867,10801,169887,39,496,3981,16,1767,86,75,1511,35,367917
246482,35,42026,9,246482,4,2007,4,2258,26,342801,76799,9
55,1059,93,35,13,11716,14
151769,37,1829
17094,251429,13989,14
2503,151200,378176,3211
6432
19409,282461,58,1174,469,16,49659,350,99128,9,1272,70,1229,4038,35,114318,83,214,129,6424,1704,58,1898
66,86489,678162,17,250815,20
35185,105162,472,10233,103439,1433,22520
1573,135,9,17,19910,24382,236,38,954,20
1,1470,38542,11,1,363511,1
3077,13100,6088,638779,19612,19447,1,1,9540,35050,3702
117,2041,152,26,565,7534,530,53,111,489,350,11716,26,53,302,3762,33,53,135
28,568226,134,13900,83,6652,2183,86,645,15,374,16,16,722,9,14
92,181,2209,51,30012,4,183,17224,1,33,14,30,9,784,85,11,112589,36,3770,33,9,29,21550,1
10,257,7451
13,23426,39,18317,172,16563,20450,32,1296,16,29,68,37,16719,12975
126,10,406,45,377,547,1,74,33,1776,4,222765,20524,8551,5402,4,11452,36,428,459,9
12,2,6327,11,15522,1,5546,4,1651,1,39172,4,944,1,12
110,53,32,11558,1,107,51503,56,53670,1,1369,64,3981,16,5189,504,1134,1493,504,15136,9
66,3532,2086,5613
93,1830,3853,48287,16,13,450,148,124,11,16909,1077,1753,66
12,2,61,181,102,56,11,181,39,879,153,11,181,39,70,15,14147,208,110,14,12,102,33,56,16617,14
74,11,2021,39,1447,5173,35,11,5490,4,175,32,30,74,33,5173,46,11,17660,33,11,908,329,504,7724,27068
1156,102,183,21925,8967,999,63,11,347,6769,3333,93,67793,133,282,1
154336,33604,4,15,20863,1
1,290,5567,10931,2541,7787,16,221,16269,14,153,183,656,133,11669,133,2579,32752,14
1535,2321,35,68388,17,485912,18657,26,220998,20
1531,38815,392,208,58,1122657,26,10655,3341,4902,4,5490,4
15,102,2117,11,19447,4613,46,13,7791,109,7039,1
116,190,1356,93,896,43071,133,453,15619,1,8090,45,1
10,260,191,816,46511,7791,66,154336,33604,1,656,341,1
42486,2,3981,4,4939,1,86,276,64400,43,14,954376,23725,973687,2,12,1546,13,524,3273,5318,55803,4911,12,1,3710,185
26,16,29,62839,13,132350,13097,42026
674,55,2579,148,9
340,340,340,530,2477,16,13483,628
193,944,4,107,102,1706,30897,125,9,9,22853,1069
133,1068,15517,8707,35,1
708,63,191,96,762,156,554,2954,7918,1
181,32,63,744,2258,38496,61,6796,170705,61,5858,4,272450,61,48194,12472,61,3399,83,5678,32,16077,1949,39,2319,1
4333,39,19685,66,320,1
127276,135,1,656,20516
11,491,258,152,13,1258,4,733,1393,4,559,2258,26,8536,40446,74,10,260,75,375,10,111,16,2725,1,110,4,231,16,2725,1
110407,11284,119,35,15505,1,855,16,3619,37,2579,8536,4,240,1728,4033,13312,16,399,26,110,129,8536,389
1153,53,410,32,311,9886,39,60707,1,124,11,10,2093,139,1638,93,35,2259,3211,79
473,74,33,1400,63,225,22248,9,248,229,1504,26,1473,450,4649,58,13,3651,4639,1,10,68,3651,4639,88
3580,66,13,250815,24211,934,1,68,13,2465,79,102,190,87,11,4088,39,3651,4639
74,175,70,2579,17877,175,32,30,1071,39,12965,397,145,285,9471
1975,24323,1885,628
1772,85,5708,136511,1,53,3586,11086,32,9391,58,29,651,1,1642,4,8090,33,58,2183,119504,1
75798,86,11,14801,1385,63,72,35,14275
3075,6016,234,17,361,36,4507,20
10,115,74,15,497,152,1415,87,11454,1,109,245,12276,16,739,30077,26,3173,33,2416,37,228
296,4,33,215,16929,1,24043,13179,152,19252,10395,2978,40341,4,6013,101999
133,13,55511,3325,489,13,1415,9
65892,14875,4,10,102,226,221,11,498456,314740,425,152,2338,39,6336,26,19910,4,51,16719,13,12642,410,58,5967,36,722
172165,28,11,8298,45,215,248,485890,28,1332
1407,130705,17452,133,16899,1822,4,1881,468,14,1881,392,58,221,684,9,14
8851,245,957,16,3211,13,903,16,13,7033,26,10020,13,47034,37,2572
1829,58,13,302,1,17,4802,11099,20
10,616,191,84939,127,470,282,48,2445,43052,48
5099,11,21641,46621,13,1215
110,32,211,16,52374,11,122700,35,540212,4054,37,6652,2183
5967,11702,1,30457,152,322845
6097,490,1
13,7149,656,3099,66,88763,2731
422,6249
13656,172,80298,39,5967,11702,899,152,322845,1,239,19252,1417,13656,47,314763,32,175
1054,276,4,182,420,53,1547,551,54832,99,16,56,11,16415,14383,148489,4,69309,4,23108,1,203,126,554,117,9652,9
248,23962,66,13,34195,39,11,122,125,4,11,2579,553,4,96,145,516,4,58,9555,11,1205,39,3311,942,3117,1534,13,344,1
1829,9,17,93362,28,1535,83,11452,20
238,8424,6249,7068,35,2725,33797,1,656,63,7068,215,894,78,248,120819,381,14875,215,11,2790,1
92,128,130,361,1531,682,47779,1,330,1384,25719,4,38899,4,20406
325,35050,13860
20202,87225,236,38,8016,7087,990687,1447
55,284,13,10604,9
2,107,107,1016,431051,4791,13846,79,128481,2709,1,47466,32,530206,1205,479557
15,478,11608,559,1447,14
337,15,2709,266992,28,19409,63,15,70,11,4385,39,2579,1188,9
1362,2258,4,45842,1188,4,559,1667,26,240,11,583,19455,9,9,23654
147,6281,554,63,51,127,5189,13,5538,10233,12721,50904,39,353829,4,7221,4,7756,10071,21
5990,26714,70,3791,37,350,6111,125303,4,965,102,56,38176,35,19170,21041
39318,1,2457,35,11,28500,3834,2978,24250,6562,1,1332,2
13,288,135,17,1477,13,13483,3341,236,38,20
3,74,15,186,17302,43099,128,409,249,726,35,288,3981,1
66,88763,2731,17,42026,4,3337,20
11,417,127,4048,13,628,133,10233,12721,2197,26,191,96,645,1413,19252,1671,1757,1,32,33,208,1,329,32,13,15037,37,477,320
29,181,29,3861,4,29,121417,29,13,13860
1413,1502,1,37,26433,5472,1,3,12,2,22520,9,12753,93263,569774,22853,9,12
255929,234,607355,60,2546,1,3996,319,1,163,126,33,54832,99,1,1631,1012,9
53,32,63,2012,12,17440,656,36,746,453,53562,12
3981,26,35,11,2041,1980,254,641,1,288,1578,128,56,4,14
42,66,3519,172,3203,13,26704,6985,133,11,8525,22467,32,13,51398,39,13,6374,42,64,214,11,9961,87205,1
11,65272,1444,27427,1,128,6849,746,35,11,356,27978,118002,39,4791,1447,1
13,81469,133,13,1444,27427,128,54745,13,1
66,13,41951,24358,5069,9
172,24480,39,47979,16,12716,4791,367592,133,120592,1
115479,26,24358,5069,242992,16,56,30,23542,4868,698,1
22853,24799,1
4939,133,3981
6111,18938,9,40227
133,3981
750,598,24975,39,11,3181,152,180434,1613,33
173,214,15,12381,243,4,22853,215919,32,330,149695
173,214,12381,243,4,22853,215919,32,330,623485
269,37,681795,5105,764,4,127,284,4990,1,4739,66,221,16838,149761,1
66,2453,25766,17,42026,4,93512,20
651,32,5270,132229,11,474071,39,3248,4,4306,894,11,13701,38007,1141,83,2123,73,32010,4,278081,83,19969,1,2093,14
708,63,13,1009,39,11587,4309,38,12301,37,21,9,9,9,287840,42977
341,16,163,13,2973,344411,1471,1,83,1,66,13,16829,1,420,13,2041,32,11,24975,26,87,119,16,2490,2561,9
330578,9,1170053,32878,5764,4,85049,253677,4,82480,656,20860,4,10781,19986,2
66,24358,5069,2276,254,1258
66,24358,5069,1539,361,17,42026,4,93512,20
66,24358,5069,17,42026,4,93512,20
37,15,16,136998,35,11,532,7938,80,64,2041,318,26,13,2609,70,35,1987,9,128,109,14
2,36363,39,2486,28,3066,4,3,2,10,64,11,78627,26,10,225,8358,16,716,33,9
12,2,19135,1535,2321,2193,2,12,203172
10,257,631,12682,37,191,8322,946
3289,31976,27695,32,16,479,37,9,9,9
66,107910,15854,17,42026,4,93512,20
3968,9,293,21408,33,46,12328,20721,58,6331,6097,797,9,2,13,209,2561,16,716,6938
153302,93806,1443,1577,9,9,9
29,125,2040,10486,1473,4,10,1093,85,711,26,128,56,2579,92,10,111,16,566
1386,110,3,12,2,13,325,892,10,621,39,93,64574,1,3,12,2,43,15,129,11,6802,30,1,12,12
10,7202,424101,1807,58,28836,1021,1447,654,2654,1,10997,32,6600,1733,26,99,1
17,159106,3986,2002,20
11099,135,17,2200,33781,20
2193,22616,4,2193,11,27692,4,27935,11,27692,26,202,145,9,17,5012,543,20
59,826,11,327,55253,83,11099
66,2258,5012
13,13877,119380,58337,1,858,229,9,13,5311,35,13,2373,4091
5979,65838,15854,36,10731,125
151769,17,20
35,11,532,7938,80,64,2041,318,26,13,2609,70,35,1987,9,128,109,14
160364,46,221,13408,26,29,5475,66,43071,1,4399,28906,425,11,341,8899,10,257,53,5475,135
416,54628,26,68,55324
9,2,53,215,11,590,45,1218,48,28624,48,1,3791,37,63770,583,1,10604,2
12,2,2709,16659,80066,8793,215,43599,13,5990,9087,35,13,8365,367,1908,39,12
1721,86,1511,14,14,29450,42588,35,42026,1925,16,64,699,16,13,3661,1,239,18427,32,48549,9,9
66,3211,39,107172
393,46831,16,249,908,37,13,13791,17,25260,20,110,2509,579,16,42654,9,17,281204,225659,20
66,1745,20115,3491,5319,236,38
29,1470,18705,10744,35,13,744,9,2047,6094,95360,4,65,9
92,46,1131670,814,18427,876,1399,393,11,670,334,3269,172,27111,10314,55,195,30774,9,340,340,340,1,39057,31115,9
4822,9764,26,3579,17,22853,223301,20
16,75,13,127,377,2367,133471,4,191,733,2628,9394,61,3981
30,145,30,3981,200
11,16909,13434,1,40227
750,389,211,317,133,13,18153,39,615,110,28,72,1,574,10456,4,574,7054,37,191,16909
66,96280,25766
66,4639,44163,17,42026,20
1,1807,123165,26,352360,32,397,46,4953,8230,1,2887,102,3898,16,7759,21,46,45,1
66,47779,17,42026,4,3337,20
2379,39,3981,9,9
2379,39,3981,1
66,11452,4888,17,42026,4,93512,20
68,126,53,1251,32,13,25644,16,246,39,9056,79,315,214,2972,121,4422,1,2857,2695,614,56,468,249,9862,35,1
598,24975,39,11,3181,152,180434,148,4,128,45,87,117320,119,489,13,8806,14,399,36,433,16853,9449
45,3211,39,61,580,9
29,47698,148,4,78,7562,12669,4948,4,32,299,320,8484,26,299,2615,1,53,1218,8776,11,37089,181,4,319,14
416,54628,2041,32,1752
965,1127,325,14,2183,26,6249,1411
66,731576,1394,151769
451,78,13,209,39,3991,17,143356,11452,20
3003,39,19685,1
188299,13,8086,20831,93,11,1741,9623,2361,32633,26,33,32,894,39990,74,10,3664,33,35,9
66,9659,151769,17,42026,4,93512,20
13,30852,615,148,28,48,9118,355,1393,4,2317,656,37726,9691,4653,48,2
221,1680,99,229,5170,3112,6223,36,2579,19455,35,29598
11,32651,35,29,878,1,341,1,66,1229,110,238,16,722,558,5372,61585,1,21097,9
125,39,10682,35,42026,32,11,7617,1,80,29702,58,11,1868,3702,1
1040858,1059641,37,1757,39,83836,9,340,340,4,4791,5648,37,18427,9,39665,332,11284,1019536,13,9,4757,437,576934,18427,1
14105,28144,3075,58337,56814,78325
8496,21428,35,11,6889,35,334638,4,36959,10731,248,674,63,11,1,4306,425,11,21428,39,12911,12
3183,7026,9,278,17,66,20
455,9,9,9,3168,9,9,9,10511,9,9,26,11,125,39,34333,393029,9,9,19823,135,347,9,9
1706,1400,6432,9
11494,209,58,6336,13900,31404
88,164,53,3878,110,1,1312,33,93,110,389,363,15543,1
55,3289,23725,4822,4079
1535,2321,3319,36681,17,1166287,50511,20
249,701,249,708,249,11982,9,249,565,66944,249,68,9,9,11,2644
260,6249,8485,6336,79,6316,8725,16,379,2654,3986,9,9
66,3256,1535,2321,236,38
10,420,10,938,39,9754,26,2579,63644,123,39,256333,23725,2080,1025966,28933,26,39,77143,124,11,765517,47936,1,74,214
58,340759,4608,99,4,1288,499,692175,392787,1036,686100,499,22853,1036,203934,2888,354981,332,18427,5967,1433,82,71582,21,354981,332,31923
6802,6802,6802,12,2,734165,673648,168,67889,543,35,1987,1,5870,5182,26,27427,12
11628,29537,108384,23725,4,8100,16,4974,12558,3356,30774,4670,11,12,634,9713,37,12814,12,37,8851,628,1
66,122,225659,47779,5319,17,250815,4,93512,20
602,57425,968630,3986,1,17,2348,13523,20
102,80,110931,53,1885,3054,989,8851,86,32,53,4696,14,33,32,110,11,619,2258,628
51,68,1,88,1,10,129,20279,7997,9,9,9
13278,45185,6599,4,3843,24232,4,13028,18657,4,248388,4,1447,20287
12,2,6249,9,9,325,135,172,14080,374,12,246765,12,12
19416,12,2,377125,4,1745,25748,33117,3,2,15620,14,14,14,12,2,25748,12,12
14646,731,656,6657,46,496,8102,32,886,21671,14105,58,13943,14105,58,2183,14105,58,3532,1
15620,14,14,14,12,2,25748,12
3981,9
3981,4939,13544,53,12425,21,39,194665,8793,1493,2348,4717,102,43,33,110,14,14
21741,35,29,9400,53,344,17,1690,20
776119,53,12894,12136,1665,13,94355,35,34024,13,19909
14930,5569,26831,437946,703,215,4160,313,26,117,44711,39,350,235253,64,8934,35763,3337,1,83,11
8298,215,16917,3599,12965,621,109,377,214306,9,551,4770,3195,93,520,1268,36,86,1776,16,172,142436,6796,14
3751,160323,31911
29,6017,26,61,449,904,9,9,225,942,16182,73,15,61,2258,32,579,9,9
15,163,4,21383,88993,58,13,4872,123,22883,88993,1493,33
1573,135,1,17,93362,28,1535,83,11452,20
13,8999,39,21383,32,78,2183,1,22883,1
598,96,12798,13,12977,1,340,340,9,414,4209,215,191,672,2479,1
13,2567,8897,8144,249,1966,389,9
2183,1,64817,366088
26,13,38427,39,13,1423,32,179627,48,137,4,2006,36,3136,86
83786,2,30002,13483,196019,16997,35,16,3337,4163,1,10164,38,4161,110,46843,39,471184,3337,917,2181,9,9
3502,2521,4,4640,39,11,2579,435
3735,13335,35,8851,377,245,1941,124,3119,13335,4,199,2321,83,199,6652,10053,152,607,27243,1
22883,15225,698,56,509,119,35,11,2567,24006,329,107,131298,4,215,392,221,768,39,47502,13251,403507,1
42,8341,1535,48891,42
93,33,312,3986,153,10652,3986,14
12,31923,110,4466,13,6413,37,11,33425,2,6099,172,23101,39,51198,12,225661,6006,35,12455,1
565,25105,9847,1535,2321,17,20
269,10655,3341,37,53,903,3583,9,10655,3341,2200,4,541870
942,37,11,50134,26842
3319,903,18938,4,302,3583,66,2725,4,26090,17,66,10655,3341,2200,4,541870,4,250815,20,160,866,162
8005,58,17915,4,167852,4,9960,5519,2086,28352,35,11,2321,7997,730,235,5136,9,42026
5365,4,86593,722,3843,3532,1,26,53,635,32,1619,63,282,1
64,15,4020,151331,32598,26842,17,337,15,2311,20,4540,66,61,10623,14,61,66247,226,221,248,4020,1
13,209,23241,48138,1,9,17,65770,27042,20
2193,35,29,584,9,58,26,338,30469,66,14607,42026,1
15,7436,711,39,12,3619,100704,12,1,70,51,17039,6416,16,277,3619,3155,153,11608,14
47779,1829,66,13693,656,1069
1,11,22910,39,277,13708,26371,16641,127,26842,35,12,1306,10875,3337,30234,12,9,4475,5456,1
19507,512363,19677,14,3,2,59651,18427,478904,2,46,93833,8102,4,6016,4,19677,26,12
10,11454,29,1425
74,15,129,4,15,64,16,183,33,1,74,80,129,80,64,16,1596,33,1,18059,6336
116,9,51,22110,33,79,883,33,118596,4,51,4745,33,2579,381,135,563,1
19954,14538,26,17,8516,1745,20
302,1573,9,17,154336,33604,20
53,700,3333,1851,393,13,367,215,5285,46,14
92,61,181,708,313,4,428,708,664,4,30,68,153,1215,576,28,1642,26,3909,37,1535,2321,12775,35,8449
5013,17306,23185,332,355,69,28297,369,1,106669,2183,151769,335777,499,1
23333,9850,899725,13101,369,1,8551,46344,76603,36641,1,224952,7376,7220,2183
655,10012,199,2931,8496,27974,2579,4,152,4417,39993,1,199,2731,10012,78,35,114318,4,14441,4,83
1312,92,10,855,16,109,377,700,13,886,135,1,634,3211,35,434,1,838
46410,4,111,16,101660,1,722,1028,15,3211,363,1
453,4458,80,128,987,53,390722,398,130553,393,613000,2,11716,204,14
13,3909,37,3333,8443,35,1115,7197,2704,9,574,10456,37,1115,411,6884,9
66,6097,17,250815,4,93512,20
288134,14,9132,425,153,175,32,11,3258,14
357,1034,883,10519,107,1527,452675,2321,36,95839,4177,14089
2,50,5083,2269,3508,16,183,2183,10744,26,17294,26,274,11,866,39,45
733,19447,4,733,908,9,17,328069,3214,20
233744,39,651,14,2590,14,12041,183,264,17444,14,12721,507,32,162933,195,78,32480,7724
341,4507,16,163,2709,1,10164,468,33,35,1655,1,152,1068,46,199,19415,94301,1,26842,16,433,282,497,63,53,1
23765,78,1,175,32,598,86766,39,221126,152,228,45,20045,187649,6652
8531,17,55253,20
22745,18421,563
393,602,10053,11,886,96,4,10,102,110,9255,5990,125303,70,13,209,35,13,367,9,1535,2002,4
30,15,43,78,171,11,15540,16,722,6938,9,4435,70,13,209,9
28306,1576,576,63,133471,2183,28,5372,132846,254,59651,20242,1,182,582,16,433,1
92,298680,462,21,26,564,12,225,10,653,16,71,17997,590,60,14,12,4,10,1797,12,588,1433,13101,4,148168,4911,13006,1433,12
37,45,10,171,16,784,29,3531,1,10,128,698,1,10,2338,228,58,6336,26,1894,670,39,31052,1,6772,903,63
75,13,1807,33426,83,21314,2831,436,39,41669,137698,215,87636,489,9542,1188
551044,18421,3337,37,3248,1,135,80,40676,13,1373,389
80,6475,47089,61,12352,83,13483,675968,4,1,59915,45569,24232,9
53,32,13,135,19252,23558,320,66,4770,2197,26,4048,350,12721,1362,1
730,235,1,135,37,191,18910,2183
917,1,708,63,7175,196,265,99,11,4791,8949,148
117,344,942,16,163,554,6111,606,2005,39
36500,344,19455,26,1444,33198,2500,28,5606,726,37,480545
420,16,163,55180,22520,66,1229,55658,13,2368,514751,619,1,764,1989,15269,2183,151769
10,260,85785,47466,148,1,33,93,214,7168,39,47466,35,85785,1,46604,10360,1,13,590,876,16,56,2301,16,15228,13,90873,39,13,3211,1
870,121,13,9507
1793,7069,125900,46,795,11864,10358,4399,3962,1494,1422,47380,46,24837,4399
11,812,2128,26,16950,4,272,13,28471,2966,922,33117,453,11,436,1
12,2,12455,1467,7119,83,68,78877,12
118,494,1,1638,14818,51586,3382,5402
58,13,7068,20575,2258,1638,14,1400,124,6039,124,2436
135319,124,35,153,5402,14,14,14
46006,2345,89449,58,620,16968,27499,13,6271,28,8516,746,1
338,2193,39,2659,1,615,4091
340,340,10,260,782,288,17660,156,79,10,1304,13,79879,39,939,1
1684,55,202,1455,148,4,29,181,488,79,53,17111,39,38917,1
43,10482,22322,4694,14214,14,12,2,15061,30979,30979,12
29,677902,35,15061,3,12,2,29001,3,2,43,10482,22322,4694,14214,14,12,2,15061,30979,30979,12,12
88,4,12,2,4,1305,361,9,3,2,43,10482,22322,4694,14214,14,12,2,15061,30979,30979,12,12
10604
602,12894,26,2414,58,11,122,903,531,1,4494,16,4595,370,72,38
296,1980,416,33,211,3606,37,13,3651,4744
29,1851,215,2089,21,21009,26,12810,177,26,254,13,607,121,33,9,55,86,74,59,11,3333,1851,6202,14,26986
66,1535,2002,28,17,42026,4,93512,20
135,37,191,21579,1573,2138,16,49958,46,163282,6336,26,827195
172,30559,530,1076,231,4,79,102,190,22254,11608,1397,1
12,2,345011,4,26,5654,1258,85,6249,1
17,4255,11099,236,38,20
12,2,78550,64,190,143,3651,4744,79,107,32,232,13,9985,37938,35,22819,53,4655,107,32,25029
13,411,398,5571,35,14956,26,24119,32,11050,39,24358,26,186591,1
764,18427,26960,607,15581,4,20869,54989,46,60350,49,15904,1
1422,918,70,6099,54293,5658,4,2751,35,13,291,1,12,131,131,3289,23725,32,16,56,31671,37,53,1
11,258,127,102,42654,26,42654,26,42654,663,6237,126,1177,316,87,9,10,186,10,225,35,68
564,37,11,26,143,19379,4639,26,9476
59,11608,861,4,10,4020,1802,33,1,337,330,13,608,1543,32,6424,1
1385,63,32600,88480,708,2279,94254,35,16997,1638,58,13,288236,1,147,5454,13,3077
66,1535,36,11452,152,93362,17,42026,4,93512,20,236,38,954
32,33,11,1793,39,74,15,34265,999,254,53073,3986,14
23241,4,47779,16803,1,17,20
26,4455,4,208,14
687,35,1393,219,22853,234,202441,17,20
66,47779,17,42026,4,3337,20
4164,16,7592,5406,85,12669,656
904,16,218,2621,1,11,117,13989,16,8318,58,130,1,7290,4500,246,9338,291,102,3663,51,695,22376,1
10,260,7881,2183,58,8485,7200,12172
11,13483,3341,2209,291,125303,214,1,117,1298,2209,117,5678
11,2294,4088,39,20575,2258,32,13,209,271,16,1078,13
4173,708,31600,2579,5605,942,37,434
4869,99,4451,152,122,10665,9,9,12
193,246,9,10,63,13,4455,13097,550,1
66,95520,1696,17,42026,4,93512,20
1306,1249,2969,1,375,7765,70,425,133,106830,9979,99,39,17243,17755,1
2,709635,26618,28881,27974,2,1915,28
2183,157370,4,19677,17,1394,151769,394705,31215,20
32,11,634,16617,39,4,4,26,1,13,209,802,32,13,1
12,688,8569,9507,13144,145,1043,19370,285,82609,17633,1,12
13,13877,54270,12721,96,1
19135,4639,17,7224,4091,20
940330,530,87,15,11,1086,18938,2552,123,79,221,214,61,547,5777,45,523,15,2151,83,56,5070,28,2342
12,9482,37,5402,246,12,4110,12463,9,9
92,87,151769,14,14
764,18427,26960,607,15581,4,20869,54989,46,60350,201
66,4255,11099,236,38
203,4,35610,3177,1246,63467,32,110,9,135,16,3268,3631,9
123,381,2041,397,38352,124,13,54002,70,29946,152,13,18484,1
5708,37,191,733,13278,142563,656,1,127,102,4405,21,14
12455,2,356219,129876,319979,10184,1
12894,3,12,2,6058,39,12894,14,12
2033,656,1925,16,56,520,65560,1,10,182,171,29,11452,9
22520,22853,14
55,110,75,69284,7786,16,13,731,4601,5281
319,200,1,4981,6940,15643,46,4575,248,509264,99,39,9542,1188,1,55,554,7910,208621,1
1286,36,2211,2,172,5025,658,61,271,9,6111,11159,85,37,14495,1,3,16,4263,13,892,1
191,605201,2565,45,7670,111284,15225,76,1773,16,2833,352,654,109,102,59,2183,99,1,76,11,72586,92,15,70,156,2773,16,8725
1288,3050,1283,884,16,3770,2258,83,1671,18427,1283,228,16,71582,83,1671,31923,153,17,111,22399,26,20,43,488,16,1671,73,16792
2,2579,18087,28906,35,13693,93,13,214,8818,2,31923,4,393,11,664,1757,1313,2725
782,53,2554,2602,133,46,13,13434,4264,46,13989,39,58103,35,5624
206639,35,3981,1,116697,234,4363,219,78,99,35,3981
55,15,186,51,102,2957,21,313,14,3289,51,909,3663,21,1,26,221,896,190,1
1,15,2274,9,598,420375,33630,148,1,3651,4744,35,8292,14,9
18427,171,16,687,1086,8536,3187,965,239,149265,4393,121,3337,5969,4854,5967,11702,35,973,1,876,11,687
348,51,264,175,876,11,687,35,277,8536,11701,645,73,80,78,5969,4854,5967,11702,1,200,243,85,58,11,8818
1,74,15,70,109715,35,496,271,4,11,6502,35,21,128,1286,228,1,381,6502,1363,9351,876,267444,1
66,24358,5069,2276,254,1258
66,24358,5069,1539,361,17,42026,4,93512,20
66,24358,5069,17,42026,4,93512,20
203627,12965,194148,1777,7376,2186,1,819985,44458,14142,2725,8551,65344,252675,1,5712,25912,14142,1156975,13494,9,18533,7609,1433,1,88,1
3494,814,102,3667,99,4,63929,83,5137,11642,1155,35,455,1,599584,586,348,11669,504,321,654,1765,9,219,219,60
32,96,39,29,1470,3991,37,1,86489,18910,3532,107161,37
96,13483,4,96,5967,26,11,4088,39,3986,37,1573,1
11,398,6744,16,771017,37,5427,35,13,24961,12235,21111,39,26,13,62657,35
66,93362,1535,83,11452,17,42026,4,93512,20
9902,62092,1,5490,4,1924
66,4639,4,3,116292
56,86,15,70,1,53,32,13,325,2022,13357,6099,295,285,15,70,1,28,43505,7900,14051
66,138606,10202
2091,19447,17,72,4091,17,62828,20,20
3770,13,9713,37,26,183,2156,580,139
13,1972,2340,2002,26,11099,4,14155,16,13,1,4392,656,9,1830,19248,83,72344,722,424
897,32,11,5856,1,79,74,15,2117,11,3532,152,221,7724,16,14382,11,3341,4,33,128,317,221,886,181,11032,45,33,32,861,9
77143,9,3,2,107,2209,30,13732,60,5270,798,13313,60,5270,798,3831,13313,60,78,798,3831,13313,58,3165,83147,60,1369,42654,9
9960,656,37,1829,9,5488,5488,9,17,18447,543,20
3710,9,7881,191,22533
11,11716,6764,14,9,2,50
222646,4,5302,374,9713,37,85785,37,9612,506475
1,74,32,764,4,107,614,94009,11,40,251056,1,191,352,41905,24489,152,4791,79,13718
13483,234,419689,234,9678,17,74933,82392,20
66,3532,83,7026
1721,9,239,10,276,240,1,15,1894,13,11452,654,736417,7016,14,80,1894,214,9351,4,26,265,33,574,37,11,654,4,26,11452,1196
61485,11345,22829,82,2183,14
126,554,200153,3948,4,158855,4,4,338721,4,22292,4,23313,2703,4,20671,5932,4,2858,4373,4,8016,85,14
1854,61,1282,4,239,74,61,1134,15746,1
5979,65838,15854
1429,1535,2321
174591,156989,37,231,59,3981,9,9,9,11,4392,726,33630,133,219136,9,9
29,1470,17,1054019,740698,26,4639,33155,20
53,32,152,880,13,209,16709,9
231,3981,32,18640,27836,1,78,37,174591,1,79,232,11,11509,7175,32,880,880,295,285,11,6675,1717,1,296,392,4,219136,9,9
4953,125303,14,33,93,1
798,37,21,16,84078,45,508993,32,96,39,449,31047,109085,35,13,367,4,35,40179,39,221,23845,83
66,17243,12798,17,250815,4,93512,20
2573,15708,31404,135873,588852
3922,2265,1972,4,17440,46,45,1
610,9,53,32,6086,206639,23725,9,231,59,3981,1,1113,86,107,260,37,1829,148,9
74873
381,2308,215,16,3211,13,1781,3,12,2,191,96,3117,32,311,69226,489,4681,208,110,1,1781,32,13,477,3195,39,181
117,344,315,9,516,61,125,58,11,459,2973,1949,39,2258,38,2007,221,13,209,271,16,516,11,125,9
660,47779,129615,1,3208,37570,26,10781,58,3075,1,1304,33
92,15,64,214,568,795,35,13,367,4,872,11,42968,39,5281,58,96,4,26,11,13167,58,13,469,1
1829,32,389,11,17053,1,516,58,21161,4639,1,42073,4,9021,5777,2915
708,6111,1,42073,4,9021,5777,2915
1135,46,11,1206,26,13,214,118884,32,2258,123
66,13,3183,42968
340,9,2074,11,71510,26,226,53,32,86,33,13144,16,8732,4408,1,375,396,128,1290,46,16,2248,16,350,4681,9,29198,1
66,1535,4091,5205
2,196,15,64,3431,2258,153,1199,66,11,3099,35,61,7444,125,35,11942,14
312,831,255203,1,1034,4,74,15,64,798,3981,4,200,1208,58,61,31470,1,9
66,13,6249,10202,17,42026,4,93512,20
19910,24382
66,96280,25766
66,4639,44163,17,42026,20
35,11,4559,59309,46,313450,1902,4,1894,5764,4,124963,4,31976,4,255933,125303,4,28352,17,154864,20,18513,4,9351,1
30,7852,38542,1
35,11,1177,266058,59309,46,313450,1902,4,1894,5764,4,124963,4,31976,4,255933,125303,4,28352,17,154864,20,18513,4,9351,1,265,33,3508,4984
126,290,13,656,3211,14,29,1411,1
26,11,7617,37,13,1009,1,411,85,4,367,1949,9
12,2,426244,3532,10744,32,894,425,139344,214,3157,45,33,215,3532,30,14,12,1332
83701,1593,362547,3981,9,9,12,2,185,86,13,203,14,12
2183,235632,29752,934
1850,282,13,27993,1
1353,13416,11,899,37,249,580,2193,42026,934
1280,77354,4308,46,8746,9
102,10,20660,29,641,133,110,26,516,2579
4307,4333,34282,48138,47779
1745,2258,1659,39,2007,148,1,7884,267,3586,1,26,11,414,1205,3599,99,39,2007,26,156,2222,16,87,191,1
148,10,186,33,6316,56,191,682,47779,656,66,249,908
66,17,11,3211,39,6068,20
221,2183,917,85785,7068
66,13,12721,32,236974,785554,7609,28,12,510643,16,510643,12,249,2377,53,55235,190611,1
614,56,11,16617,39,48,48,234,48,178072,48
12,2,13981,88186,35,10665,254968,93252,12,2705,38496,14
11432,1,13
66,22853,1069,17,42026,4,93512,20
24975,39,11,4532,161153,9,4842,221,389,9,102,282975,183,33,1493,64400,36,17448,13,781,2971,14
393,181556,6142,868,148,1,3986,11229,1103595,128035,1103595,23827,9
10,225,60436,58,477,320,36,166241,952,16,553,13,4601,17,1120,6016
30,1,4474,3217,163124,1,99645,33,58,9764,965,70,9810,3586,35,350,4953,3904
4772,4039,24754,11229,2258,14
107910,4,2093,79,9237,14423,21258,70,58,1757,1,208268,32,11,4255,15525,965,30,96,827,16,265,111,1
26,765,80,204,70,20710,22853,4,229,1006,96,145,28
171080,59,11454,13,42486,9
379603,3532,2648,9960
32,11,540,398,8480,22853,2101,35,42026,1,20223,63,11,55437,39,2007,125,37,2258,9
379603,3532,2648,9960
319,22853,32,63,350,2583,1443,36,357,10,143,16,722,558,903,29953,175,32,11,3099
1,35,739,63349,532420,13412,80,64400,704,284,118884,35,148
86,93,4111,99,16,56,11,341,899,93,425,12682,152,11,861,1543
164,30606,215,26327,13,4739,14,290,33,1079,153,11716,14
66,1535,2002,28,17,42026,4,93512,20
10,186,15,102,26,55,290,53,9157
53,297015,35,215,11,16219,228010
68,61,63,29,1135,1655,9,22425,4,530,10,115,61,777,22425,5990,14875,74,15,64,96,14
53,13591,8838,248,11,2041,79,269,16,191,53756,2053,1853,3959,2660,53,110,32,1477,11716
337,15,37,11,532,36,623,5488,9
130,70,648474,5714,4,232,3981,70,795,1
13258,570396,1,744,21,292,495508,64353,318,1,495508,64353
74,10,260,17452,26,7232,35,96,1425,26,26,7232,35,29,469,1425,4,1059,13591,10,10731,14,726,2,17452,26,7232,21,2,5623,1729
92,42534,70,2821,133,7457,107,128,111
88,1,9850,173,1,2052,3075,3177,1853,3264,1
30979,30979,18910,2183,1,1846,543,12588,4,509777,1924
225,78,538,74,335,39,2379,1,530,56,225,1,3,12,2,22853,8010,66,504,64788
319,174591,195,33,800,389,35,10164,2162,107,93,26,32,13,209,30,96,102,1078,282,66,86,107,32,209,66,231,3981,610
594279,7997,26,8485,6336,37,11,1494,26,2222,1573,17,20
174591,13,2455,108394,398,58719,39,13,125,4110,11552,10349,3981,296,9641,246
7365,16785,1573,134,12016,1085,1168,753,82,17,66,10655,3341,2200,4,541870,4,250815,20,160,866,162
64400,35,22721,4,70,109,129,16,4352,13,59355,153,4026,5477,13,16617,39,29058,174591,36,35185
200,2010,355,616,221,624,1,3986,13,9867,3843,1
133,31854,1,133,1,57822,1,708,63,64400,530,59,7039,119,11,1021,7939,14875,16,7345,9933,52894
35,31854,39,965,78550,35,3981,45,32,191,1203,10164
598,12798,13,12977,99,39,229
64,2923,13,2041,35,3981,86,11,868,576,93,37786
1535,2321,14
9541,39,11,64400,830,2,64,16,762,214,157577,26,3981,70,2052
18428,39,33630,2,325,3981,4939,1,411,3981,4939,1
80,5578,4,80,26524,4,80,5499,4,80,1468,855,690,254,11159,9
589,10,225,4185,127,43,10,64,16,4451
210,38,50,1,361,92544,1436,12798,46,250990,293751,1,32,48926,2562
66,13,19447,908,17,42026,4,93512,20
1353,238,127,2282,26153,13,17174,768,39,658,85,58,554,32,11,9713,37,12814,26,11,886,670,39,540024,1
1661,45,10,91818,9,9,9,15,3211,2517,1,10,102,214,1443,61,1447,1
10,225,112913,4558,152,13,12959,26,11,1999,39,6167,277,20202,25974,32,159856,9,4385,39,2579,1188,9
1336,37,363,153,15,128,888,37,631,1,13877,18552,32,9862,45,6110,221,4770,120,5468,18927
2258,17,5012,20
66,65770,151769,17,42026,4,93512,20
5402,1
12,2,13483,152,1651,2639,58,4,33826,534,1573,833,46,387769,64754,12
11,202337,9713,37,3075,46,9099,93806,1535,2321,1,15,716,3843,1535,16,6165,1
16071,42126,9,36720,1846,133,7703,1415,4939,102654,70,957,152,5966,7831,9
66,93362,1535,83,11452,17,42026,4,93512,20
31136,35,117618,5105,6249,161588,4,15616,37,53,14875,2040,11,1423,3116,9,5439
319,22956,1471,9021,26,24250,6562
9,9,9,215,11,117,7938,9,9,9,35747,63,33
217714,1,1573,800,389,66,13,6249,10202,17,13,6249,10202,20
45,3762,11,84,16,470,99,75,1306,14729,68806,1,1642,4,10,1313,620,30464,16,3337,1
628,135,17,1535,2002,28,20
26,29,594279,7127,8485,6336,26,9476
86825,70,6075,14858,39,9604,33,32,63,15540,17685,11,1177,1285,6769,3260,32,14105
164,10,257,29450,153,139276,35,53,14441
12,2,277,1034,52670,3090,221,78,568,1690,57851,4,221,69518,12
1034,831,2,43,15,1708,409315,35,11,5012,267,15,129,16,56,11,1422,3532,35,11,2227,4335,14,201
122,434,4,1830,8777,66,4,341,4822,4,583,17755,4,623,16617,9,579,4
6099,11,35136,37,20449,1,1656,2,24989,191488,2258,28,17,66,20
2156,1573,32,2183,157370,151769,1,4,17862,2915
2,221,68,45,11432,576,30,86,1087,86,1776,9
22873,58,18484,39
66,4255,21741,17,42026,20
14204,135,9,9,9,17,20
6249,8485,6336
28009,77143,32,348,553,1298,2153,7576,18427,107,32,5270,143960,107,48,6316,17440,51,36,51,6316,5270,41692,6746
76716,2828,9,9,9,26116,2183,9,9,9,17,755711,20
66,4639,44163,17,42026,4,93512,20
193,3968,9,10,115,45,1,1709,16,186,39,347320,35,46006,13989
1034,4,229,32,172,35742,88715,133,13,4458
86,172,2706,9,9,77143,397,3211,39,249,720,8521
11432,26,12978,130,4,11432,26,12978,1
7214,1353,2546,11,3211,39,221,720,8521,1,28
66,24358,5069,100365
381,57041,32,11,110298,46827,3502,1,89389,580624,4,3751,12558,499
82,246,1,53,32,63,7629,11,4953,9157,58,79692,1
19641,7262,10553,39,5967,11702,2,814,4739,4649,214,37,18427,4,78,37,30774,1,8468,114845,1,134196,78,249,14730,1
559,1467,26,11159,1,270,1,17,66,236,38,20
12,13,10744,11494,117,92,1268,83632,70,3753,1,2530,102,56,24489,92,1268,6909,320,829,1,12
48,42654,48,32,110,3150,35
18427,764,17536,1433,16,19252,4474,89389,499,446594,22853,14836,59868,1433,307555,57992,1011866,764,17536,93377,12,39292,78094,1011866,589091,12
66,9803,11452
3651,58212,46002,2915
15217,8005,46002,2915
18427,16977,609495,18513,716,51677,96950,3273,30048,18717,15265,36933,1,62,38
13,2844,39,48,48,311,34331,46,11,1415,32,13,114720,22115,2844,46,11,15807,125,1
51,81,6614,20721,51,81,477,30312,1318,9,9
3638,453,9784,4984,8016,11541,576,615198,8904
74,15,63,13,973,344,3507,305,61,490,4,42654,13,3962,4807,240,9
35,1502,781,21992,6331,1333
969,2091,17,13,2007,10115,83,2258,17660,20
66,2453,25766,236,38
167617,9,17,88763,10202,20
66,73,351,6111,17,250815,4,93512,20
10,171,11,22829
13483,2829
4389,74,87,10940,3825,66,30,2052,5121,46,29,7194,35,3337,14,10,115,29,1134,1367,32,8016,1,200,39107
10833,39,1135,133,335,28,4633,26,10889,2940,15,129,4,722,75,13,1535,2321,133,13,12775,15,129,1
984365,884,13867,2,3737,4,10,171,374,51,3376,862199,9470,10781,35,504,2,128,51,374,37,13,1523,58,13,60121,1
117,656,1,117,2258,1,341,1393,1,450339
66,8197,1,5488,17,250815,4,93512,38,3337,20
2621,602,11,5990,240212,2465,14875,4549,35,29,3962,4,1473,1665,13,22819,92,504,46,4770,1,7914,33,615,4909
554,35,19252,133,15520,722,7050,13,4649,551,14
973,344,2258,58,5672,456,20721,733,16617
10,225,894,47779,79,78,13,216177,554,35,8975,127,12741,70,682,47779
264,63,4078,381,749,2078,1413,1477,13,17755,15,64,40431,21,31047,9
59,11,2798,43,58,13,1716,39,131,131,3289,23725,11381,13,5901,17,66,42026,13097,20
66,31976,656,3619,17,42026,20
10,68,29,3964,2799,55,202,4,10,5523,33,58,11,31669,39,1177
3337,361,526,22819,208266,18427,11415,16617
13,21445,25162,1
7376,22853,21,53705,17667,1433,1,4757,1036,78094,4,18427,169420,9,904
133,2583,36891,48,22853,48,16,2583,10046,48,8181,10046,48,1,14038,231,2621
3,2,59651,18427,3389,334638,124,296,4,19252,165067,8525,46
292,15,9,26,8531,1
583,2193
14722,7678,250847,4737,32,8776,152,11,117631,9542,62680,66,299,7562,133,859672
3337,67910,3651,148,4,75,13633
1140,9,6058,118955,1
250844,10784,16,81557,13,13483,4,14722,33,93,232,65871,35,160807
107,32,313,37,13,2873,83,51,232,129,16,4408,11,4451,14,29198,1
2709,15,171,16,470,11,122,768,110,45,15,64,890,1,164,15,6213,5441,2258,124,172,15792,9,9
78,11,731,24975,1436,35,31215
11,7617,9,9,17,20
5263,39,13,939,1,1638,2888,1046606,2209,295,29922,285,22853,2888,234694
23765,350,188071,70,5441,63,559,12152
28709,2627,1514,17877,10236,13,2859,15525,76356,92,80,143,5386,121,18577,39,3670,79,1005,488,1
87121,70,96,39,13,13,3491,190,11776,57567,1
13477,291,2683,315955,31457,4028,91,22853,18427,770,764,11660
164,2259,3211,14
51316,214,9164,13,7200,1
221,59,2193,26,45653,121353,1
28,10,23736,23101,7609,12,20059,3278,31671,74,208,11864,10665,32,3435,12,32,147,12482,285,1666,14,14
589,315,4,11,3843,125,1,40879,38,7918,4160,148,134265,46,1340,225,1367,66481,9,9
1272,2404,16,8838,59,50453,101074,16,63040,273,66,13,398,10913,1
10,59,883,11,398,10913,3814,13,1690,2978,213278,1
19946,981,14142,18427,1036,676940,534,7376,457873,5508,187910,1433,1,123,9850,22853,161170,2577,1433,16,9850,594904,3273,17084,2577,1433,1,48
733,879,39,99969,1,553,13,41688,26,18938,4,18640,1,16075,96597,39,61,3885
18427,290,78,115,2,26487,12318,842,23239,5477,907209,18427,32,2,11,56439,11,352142,75,558,111,16918,35,13,860,9
2716,29553,1661,22819,27111,98053,2466,9,9,9,575,433,4,292,833,286,11381,16,13
13459,35,11,5176,13144,145,285,13,9471,19831,215,1644
66,100663,1535,2321,144413,17,42026,4,93512,20
125303,26,1535,2321,9,9,9
239,10,64,151769,5708,66,746,660,122,908,53,724,16,115,965,908
288,21846,35,3337,37064,472,777,4421,499,173,1,17,4091,236,38,954,20
105071,1,203,1,17,151769,20
220,1,10,1858,13,1680,1397,2416,295,37,21,1,9157,14517,32,13,209,17779,1,1399,32,75,903,6288,1326,18152,1
220,128,190,553,45,38542,15,115
13,8851,79881,13,5300,39,5990,2258,169420
13,21445,25162,1
110,45,80,64,3435,15,16,1426,4,86,32,13,3763,37,5427,119,620,580,165374,35,20671,10923,1
111237,153302,26,2183,7727,1,708,4,11494,9
66,4639,44163,17,42026,20
18570,2831,120502,26,19147,5957,4694,39,1176576,1312,28,93,15761,16,26,51254,26,3379,35,19147,6503
51255,9,3834,32,9542,148,1,85,42026,14
117,344,75,13,209,15854,133,51
12,2,10,214,406,18427,5508,23078,26,6058,1,254923,89389,534,2399,14142,1451,1,12,167004
109,64,35,350,42810,5477,6058,5508,9,9
1451,233968,9,2,22853,1
133,22853,3177,16,764,33,1776,214,35,3337,1,4494,16,13,411,4493
7964,1090,37,18453,17,25766,20
117,682,47779,3991,26,40879,4160,148,1,420,78,11,1793,39,352,16,243,1
164,109,59,34857,46,2529,63,958,4608,1,2400,100587,76909,5967,1
59,552,45,33,32,397,254,9,6331,674,39,10766,26,11663,1,128,15,56,46,703,148,14
16,150583,217980,5105,15,217234
13,1069,35,6940,6058,371104,74,78,16,606439,130,1,53,48557,3437,215,86,6734,16,4861,26291,8637,19252,670
463,135,30,163,93362,17,93362,1535,83,11452,20
1573,58,26,17,13,6249,10202,20
53,8536,5678,297,78,64,248,295,1,110,80,102,34319,2258,33155,37,35,2990,1
66,22853,1069,17,42026,20
27111,15222,1,610,10603,1
30,6058,14,444454,1,484199,9
488,145,16022,285,11,1949,39,2258,9,1631,4,28,416,61,8068,4,409,291,1
117,37,282,1,2258,77956,70,35,202,9047
70,12682,15284,329,32,143960,110,32,107,5039,37,11,8699,1893
6351,7207,133,7749,11710,16,38635,1
1077,2,1216,151769,26,88333,2183,1,6432,35,13,10997,547,65770,151769
13,5678,67652,35,615,19206,70,20633,63,2258,62223,46,31457,54765,1
109450,12172,70,295,240,20135,12172,9,10,63
658,16,37,47466,26,22853,2261
164,70,130,55,458,870,14,239,74,19252,4493,1041,489,1426,4,32,33,211,16,374,424,3311,11710,16,315,8599,14
66,8525,46,13672,17,250815,4,20
11821,93,31404,31404,6051,12537,2097,2133
357394,93,7642,152,37,11,5105,1
11669,45,10,883,11,122,286
270,4,1706,10,289,87,558,119,453,10,2540,13,11716,1
1644,11,16465,36,2007,11258,37
33,32,6005,11,6724,6828,11,15582,4,33,32,16617,39,12419,234,12003,15582
53,32,329,260,11,2258,2206,4,86,11,939,9,420,45,939,128,56,124,117,124,249,133,148
9237,13,8536,4608,32,211,16,183,64,11,8531,9
667193,3,12,2,1467,2193,42,42,12
12,2,10128,21892,8746,12
10,186,10,46,10453,1,10,102,264,33,13444,563,29,138222,1
48,137,8699,10184,110,407019,7756,58,1,240,24323,7756,58,2564,32,39572,1
23979,142829,4,15,6599,9,9,9
1573,35507,393,11,463,463,463,135,9,9,17,66,6097,20,160,866,162
66,1078204,15854,3445,17,250815,4,93512,20
66,180988,15854,7457,17,250815,4,93512,20
8289,32,11,520,6534,1954,4,43,78,2337,33,133,4475,130,1,19612,19447
2294,4667,267,39,564,98053,2041,17,964449,5281,353097,27358,20
9545,32,11,16617,39,12362,26,4966,1,74,15,614,56,663,96,4,56,663,13,12362,1,28,369,1,18776,234952
32,5443,688,79,13683,3169,32,1,26,32,520,355,147,32,78,5454,35,53,688,3169,32,17935,2259
29702,963124,292,6702,4342,4284,152,23063,58,17656,13709,1
2414,54905,39,1340,9,68,53,908,117,656,156,17,8516,1745,20
223040,4550,6432,65892,656
66,3256,1535,2321,17,250815,4,93512,20
19379,26,13483,1,17,59151,135971,20
19379,26,13483,1,17,59151,135971,20
3268,12965,1,260,39,7756,520,12682,14
53,2193,32,37,712,393,7534,1493,66,42026,9,9
177,338,343379,330,2159,51,30970,583,35,61,9351,36,13073,1655
27935,9700,1,2285,1,3274,1,137193,1,26107,2915
100683,91983,83,2258,1,3749,5014,14305,2767,1251,46,38073,3111,1
33945,63,146830,571797,4,6082,447,23725,4,22883,83,10731,100183,8067,1306,35262,272,83,272,1
13483,4,32,110,3150,35
11,8170,48,865,166229,26,312,26200,33,152,13,3981,133,175,1,86,11,4110,235,39,1255,312,10898
86,290,2556,64,16,43,58,249,4,70,15,6599,14
55,880,13,15626,27690,133,312,1341,64,78,2923,85
2054,313,1,393,13,886,35507,125,35,326666,9,93,575,16,17,66,10655,3341,2200,4,541870,4,250815,20
66,4639,11556,17,42026,4,20
195,51,163,277,14875,14
269,33,11494,42,6432,42,15,70,11,117,3508,182418,42,42
1535,2258,17,4091,2007,125,20
5262,99552,49102,1,872,10128,3651,1
8051,58,11,2193,68
362547,876,16,10931,145,3532,16,13,2660,214,240,109,128,3663,13,7453
8962,6656,111772,1535,2321,14,46641,474,8962,6656,250,8458,7419,34193,226037,1
181019,305,32783,1535,2321,6656,1,3134,1011,546,1535,3815,1949
11,3532,39,4260,9,9,9,2357,3532,4163
12455,2,3337,2479,33730,46,291,4,4055,26,18584,10182,53095,1,1,3529,4,295,231,236,38,228
6652,85785,7068,17,14417,225659,17,78832,71950,20,20
88,1,3,12,2,2010,2010,11277,20667,186267,35,85,1,107,32,33530,39,50751,8793,12
4670,37,21,124,33,93,520,2579,35,9881,39,17330,4,939,795,202,50562,79,1706,374,33,11,1753,9,433,9
86,11,1952,152,9593,10223,175,32,11,7938,35,13,12931
15,409,61,32551,16,87,145,275,14,75,15,87,32,5974,58,6249,5438
12002,21410,7411,1,355,2465,4,72504,656,1,39,291,8424,13,450,14875,4,1174,26343,1268,9,11,908,16,5839,1
2829,19135,234,13483,24953,1924
13,12,568,6097,48069,7181,12,37,8851,538626,2,12,16757,16792,28,30774,16792,12,11389,4,45799,863,1
496,8788,38427,14
270,11,58212,79,10,614,24539,51,45,13,62839,5925,128,987,313,504
2240,9,59,87121,9
83,58,350,1745,36,4801,1959,273,63,28352,83,10655,46,3963
6527,956271,39018,12965,4,814,211,16,4054,93,781,24357,1,782,145,2
13483,2414,26343,8266,9,202,68,61603,36518,7411,1
6600,13394,9,329,32,61896,580274,14,14,17,66,20,160,866,162
265,53,38338,61,9
11,7617,9,93,11,76742,2530,1,337,15,83,37,311,172,733,115806,9
102,2957,11,13597,99,39,13,3186,152,48155,42821,328,14,74,148,93,172,80298,4,172,18100,58680,1
897,32,11,5856,1,79,74,15,2117,11,3532,152,221,7724,16,14382,11,3341,4,33,128,317,221,886,181,11032,45,33,32,861,1
1076,15357,1658,75,931,35,1680,878,32,63,9482,1535,35,1535,2321
770,991656,4451
565,12463,46,2583,41916,121,237287,26,20671,4220,10523,1
6432,13483,83,24520,19910,634,1340,3431,17,3256,1535,2321,20
10,63,13,892,7629,22853,1659,39,1030,2258,1,206311,22520,4,43,7629,22853,43,9
13483,45185,17,20
135,37,13,933,5894,20575,2258,17,66,20
37,172,145296,6051,17,66,20
602,1021,35742,3986,17,236,38,954,20
66,22496,49197,2002,83,11099,17,42026,4,93512,20
30,30,4,86,10,2011,13,469,125,271,15,109562,558,352,1413,335,130,7318,16,374,1185,708,1
610,1059,11,341,13,2041,76,38,236,81631,26,25732,1,13,831,3651,8911,5144,4744,36,831,35,5144,8911,13,475,4744
13,1949,32,8427,1,13,9099,32,425,1
42,45882,6962,5569,934,66,2954,8964,16,13693,45882,19969,6962,5569,934,807,133,1188,1
610,274483,12714,1,488,3378,486,18468,22425,6051,46,5967,17660,83
39352,12455,2258,9,27692
13,16617,39,22115,35,950,4957,26,700,50,32,3710
10,186,53,32,547,66,75,1,21111,87,477556,66,100456,12820,1,11,8067,559,9157,4,55
12,2,7629,695,37406,56664,128,93090,61,34021,1,12
4647,45,13,12721,39,75,2590,32,45,248,9786,16,10537,127,80,70,1,12490
29,981,59,1527,21,11,2478,39,9623,1,4389,86,107,827,110
520,969,1573,16909,2183,16928,83
15388,3,131745,215,45652,13654,986,1,1882,4,221,9542,798,16,42717,1733,450,334,42,42,456,36851,58,469,102926,99608
16022,19379,4639,35,11,820,3431,152,14214,3422,1258,13,162684,541870,250815
13,209,682,47779,18359,35,42026,70,35,53,1924,1,110,66,9423,2200,1
708,63,33,4,13,886,4432,4511,32,211,6599,9,9,33200,133,42026,70,78,1068,33,34503,4,21,2295,1
74,165292,2541,107107,26,74,107,93,229,4,33,196,56,63,13,32218,46,13,2193,2,59651,18427,5013,110
74,5039,46,526,4,10,11275,15,433,33,13865
1483,16,66,11,1455,8950,1,2052,3075,190,992,632
16,21,92,51,1318,363,133,1733,15,33,32,78,164137,1,32,45,86,80,129,16,12655,18923,16,14,164137,14,17440
3375,10403,17,1455,20
17541,1413,26,1733,229,232,15953,63,11,8897,1
646472,156,202,5402,35,2829,216287,534,1433,6471,1179,1046578,3177,14
26,288,3981,377,944
558,6652,4435
45,1127,99,664,3,12,2,214,2621,123387,1417,13,7886,1534,148174,3981,1,12
240,664,1,17452,60229,16,2833,11,520543,32,350,109463,4,13,1543,77838,260,30,879
2,61,2706,58,2709,1,126476,1147869,93,11,26842,16,433,1,234
2183,593482,42026,1655
4451,11,7297,60922
13,946,164,130,7434,487,1,32995,2002,276,64,248,13212,75,13,135,4,79,170056
48,168,26567,1134,997652,16,11,23478,46,13,1296,685,2586,1,48,16221,434,152,5898,1,31600,516,1
488,3378,19135,35,11,559,1670,1,305289
8851,39926,1638,9037,37,462400,28906,80608,28,13,746,39,3337,46,3175,201,39274,6073
5887,17,189325,20
66,93362,1535,83,11452,17,42026,4,93512,20
137874,1029,1535,2321,1031344,534,60300,589,429582,1433,62,100,62
831,55,202,124,4500,1999,26,11608,1
2258,26,66,74555,26,16792,38837,35,1444,26,2435,119,335
1331,239,5176,1696,807,11,5442,13,2361,39,22433,1,116,9
194660,594279,26,47779,8485,12172,15080,313,58,13483,2829
59,1858,99,246769,1,520,13797,5316,12172,1,26,22191,239,393,19113,1
20328,37,13,5258,1,33,32,182,2644,36,532,1,1742,558,1064,425,21,129,16,320,3945,1,17,17997,45123,20
2055,71211,9
12,2,11,5967,15481,32,96,39,13,449,11738,8114,48098,1,12
610,4,51,260,13,1443,45,2209,51,4694,32,33,9,9,9
66,8525,5012,17,42026,4,93512,20
111,5967,13,9021
1615,12,2,11,1670,329,9234,1443,145,3986,285,122,2367,3603,1,12
13483,2414,66,132873,1,520,459,820,2414,9
1829,32,11,398,5442,83,7200,5176,1,13,933,21741
1829,19447,17,251108,28,7411,26,51044,236,38,20
12753,93263,569774,43,15,521,37,191,12,22853,12,110,14
2109,35,191,28809,26,123737,9
66,107910,15854,17,42026,4,93512,20
66,13,3183,42968,17,42026,4,93512,20
46490,1,10,186,107,93,59,11608,1653,78,16,7433,11,1086,35,13,4640,1,282,78,311,35,3904,6743,282,1
63054,51854,63,9351,143187,46,11,128691,1,79,107,195,87,2457,489,13,85403,63,96,9
37,21,13,12746,39,13,125,93,13,8322,3981,83701,1980,1,858,606,63,143,191,2054,119,9
66,4639,4,3,116292
66,5967,1863,17,250815,4,93512,20,236,38,954
45,147,1716,214,1745,25748,1
5176,17,20
16,75,13,6714,39,1949,12172,37,11,9827,3084,665506,46,30230,16935,1949,12172
8664,4455,9,7027,2002
17871,11,9602,133,30,11720,4,79,63054,59,143,99,13,208,135,4,663,9032,3981
86,13,203,1,53,45246,6336,32,46,3251,1
82,80,115,33,5866,3114,51,11454,13,414322,2725
232,87,13,674,1341,700,124,36500,26,9235,124,109,102,1,630,1341,1
203,9,10739,39,28210,124,245,133,69893,26,623,9113,497,133,247831,1,53,45246,6336,32,156,117,1
193,246,4,164,43,43,14,13,16617,32,55,218860,9
6432,6432,9,9,9,344
583,42026,9,9,117,8826,9,2920,85,16,675,583,19455,32,9338,13,2579,10665,39,78359,13,2222,124177,1902,39
2,1312,4,372633,12621,21,6097,2414,1659,39,968630,1,11,4647,85,110,1,1352,9
110,109,70,397,8485,1012,10238,1,88
1,29262,10731,11454,350,3319,17141,109,171,76,32849,26,350,3343,640415,1,504,10665,614,43,45
128,1894,195,12721,37,133,653245,1,816,147,890,1,26226,9182,39,14936,274301,586,1644,9
10,1609,126,8520,33,1385,37,15,396,4,45,93,96,39,13,209,13039,807,1,3981,39,9056,1
3532,4,2183,254,4,1083,1902
2,450,246,10,129,53,156,639,1535,2321
5488,1,22616,12939,3822
602,45914,85785,1049507,974,445946,1,17,234,445946,4923,20
3,189043,39,48,14646,48,19713,1005,35,3223,17,1759,20
2362,4,74,1619,4,284,45,1741,1924,231,66,13,5012,329,15217,4,52894,11099,3850,32,175
6432,1340,1829,9,269,4,9,24324,1924
790,2193,450339
24765,615,159,159,3419,24765,58,7938,159,2
11,4392,152,18744,66,288,235,1,93,32218,46,13,2193,1
30611,2,12,3640,128,1076,13,10233,46,1415,35,13,367,1949,12,1,538,107,128,9,9,9
47,43,51,2407,35,16,7196,58,6599,1261,249,6768,585883,24102
30,10115,11631,4,16928,32,4339,1777,4,160644,32,540,876,11,2007,2206,21732,39,1
2,5441,2258,35,14,217980,276680,35,249,82956,14,14
13,4507,39,3319,22853,17,66,70804,20
10,2565,63,1531,11,19373,42,24099,42
898794,46,53,6945,196,56,11,26842,9
2583,5243,28,259109,2583,3099,28,517674,2583,3025,28,7551,5372,2583,1443,28,603709,9476,1
1299,1369,32,11,6546,13989,35,13,1729,39,13,46176,123,80,614,78,265,33,111,16,3030,46,10541,2615,5977,1,1208,58
393,14954,13,13877,1535,12363,70,17962,31329,12817,16,1933,2965,52037,12864,39,13,367,1
6432,1573,9,17,9423,5319,20
717,620875,58875,295,231,2012,13,2731,126,13,14080,143,172,6249,285,19157,15357,46,183872,14
6432,458,6223,17,4886,1455,4293,20
1441,4,5545,16,163,33,124,11,44843,4,8859,33109,26,6422,11,3532
116,45,93,565,9,79,10,87,1109,4,9309,11,670,838,1075,1363,145,285,1246,88
127,645,1280,13,6432,32459,66,1078204,15854,14
50532,2624,31865,5127,992,291,1,249,5127,153,284867,302,254,653,3516,36,73,3010,881,1,18427,128,17440,228,231,1
6432,1206,1302,2866,10881,4,568,1614,2528,2528,2528
66,9659,151769,17,42026,4,93512,20
672,235,66,1535,2002,9,9,12,37,13,68,39,543,12,1535,2002,28,38746
209,35,1987,9,17,4886,18022,20
13,151769,17,328069,3445,20
20575,2258,17,4091,2007,125,20
3211,39,3337,9,9,12,2,53,48,299013,48,1638,46779,13,1350,39,13,2731,1,12
3702,58,117,382,66,1535,2002,9128,12,37,13,68,39,543,12,288,235,93,4392,9
319,1,51,195,78,1636,13,1029,13057,1,164,195,51,78,12382,92,1585,1313,11,109221,8707,123680,317,1,107,894,535996,33,1196,9
22873,78,4615,3663,70,245,12682,9
2006,179627,190,87,211,148,1,231,3981,1,78,2445,2006,179627,4,79,190,651,4,33,93,249,353,39,13,8806,1
526,2041,66,7411,1,13,7411,137,2275,8016,58,933,3348,1
319,5639,187,118364,16,5136,187,886,15645,410,1,375,1729,43,145,285,2282,9
4946,17138,3642,66,1535,2002,288,235,4,33,93,2294,9,9,9,3832
96,39,13,209,3991,37,198401,151769,576,53,1258,39,1987,9,17,8001,20
21428
94813,1535,26,11452
7881,17,11099,5497,20
284,105324,3356,61,4879,3155,4,3159,32,468,33,974,53,271,744,538,109,73,397,13,2321,36,2028,102,3390,43,55
13038,16,361,13,81469,39,33998,3986,32,4954,285,29,13038,1514,11,899,1
330578,9,1170053,47779,5764,4,85049,253677,4,82480,656,20860,4,10781,19986,9
99656,93,63,11,1717,46,13,2373,4530,30606,83,9,79,110,30,145,9,1065550,290,78,129,99656,35,3093,9,18481,31165,133,110,14
470,5497,12721,26513,13313,4,205603,17,20,1076,219,268580,17,20,16075,1815,92,2029,17,4,20,219,14429,17,20,240,48,319,48,645,48,30,48,624
30309,1036,36867,1,215,392,30,11412,1,33,32,12642,1,143,1541,615,29,48926,6769,531,320,35
12,3731,9471,16,19252,35,104551,1,77143,3731,1,96,39,228,128,624,85,58,58337,46,13,490,46,1,12
903,2530,2,13054,50891,214292,24851,4342,487,58,6436,2193,13,13725,32,1422,28,2988,32,1422
11452,35,13,4079,1
11099,2183,17,9270,5319,20
514323,796,9,102392,1029,9839,499,10274,98933,274,7938,40269,1,758,33
2573,5176,71912
12,2,13,3379,14728,15619,26,13024,79476,123,221,135,16,38,38,34857,38,12
175,70,1745,2258,53462,127,186,8570,1,79,126,102,15,87,4968,16,559,1447,82,14,10,478,4,15,40660,35,33,9
1664,9,190,2565,55,890,267,39,39,2258,1
102,959,15221,1802,4470,14,38622,81461,83,16617,35,256181,3337,32,4564,1,62680,39,3194,128,56,398,1
53,218,4768,32,3906,16,15,152,460077,2321,4,153,87,11,312,24107,17,10136,20,16,5839,53,185
379,296,145,18324,35,284,3986,2321,1
100663,1535,2321,338418,6432,9,79,318,221,1054019,740698
8102,37,8942,4,347,9,9,9,12,2,13,8857,16,722,3075,16917,1455,239,563,51,64,13,25507,9,29,1473,939,12
6212,83,3289
1,11,670,39,5156,12235,215,248,35,244156,35,7542,39,3337,1,11,1915,614,76,82485,1
18427,1595,185,63,53,26038,1,78,154336,37,51,396,221,1029,1603,1,416,167617,46,375,27189,170465,273820,9
733,7997,9,9,9,473,121,13,1,3050,33,58,4001,1
12753,302939,51503,87,93501,16757,2258,67649,1,18427,215,3578,549,58,293,137,9471
2,25629,18427,16209,7749,124,5061,5613,10699
5967,2246
66,122,225659,47779,83,1147550,5319,17,42026,4,93512,20
66,96280,4639,7457
18427,195,78,384,75,375,641,45,107,93,5441,2258,9,55,1989,58,249,320,1
66,13,2725,10403,135
2,4234,794,13,4399,9839,208,128,87,11,71510,133,21,12,164,51,23823,26,87,4494,39,172,120983,3337
27157,13,9351,32,9637,58,13,9351,72,2275,181487,231
23447,51,70,11,2579,3507,39,687
5152,218,16,9713
125745,32,27749,58,110298,46827,16,4655,221,940330,16,16792,619,1
346729,2193,17,145,285,12301,20
33,93,1971,14444,4,276,7617,85,35,1504,1
2528,79,221,2821,35,75,57732,10623,1,7429,28879,153
1826,71510,14
221,75,15,171,16,115,121,21,1,100663,1535,2321,1029
107,32,397,6097,110
325,135,36,109,64,550,10749,21,17,11099,5497,20
66,3532,83,11452,17,250815,4,93512,20
6432
858,10,102,7951,231,48,23691,40397,48,133,29,1908,9,5488,111,58,504,3811,1,468955,33
66,4639,44163,17,42026,20
66,96280,25766
66,9659,151769,17,42026,4,93512,20
2579,15145,25748,25748
28809,1
4,13,28146,39,143356,1
2,3570,5639,5338,824347,3570,4,45233,12,2153,768,4791,288,1975,7919,334638
66,22853,1069
2362,5108,1,89160,179640,32,942,35,13,4694,9,88
236146,4474,47779
191,73,66953,24043,453,430772
119,16,2725,393,1698,875,9,9,9,6331,1333
35,185203,455,4,835641,234694,17,11903,152,16641,39,1741,1987,35,11,2258,2206,20,93,13,2879,28,3746,8470,4,6762,39,173951
66,24358,5069,17,42026,4,93512,20
66,24358,5069,2276,254,1258
66,24358,5069,1539,361,17,42026,4,93512,20
93,45,93806,3986,3469,16,282,4,107,32,78,239,518,798,16,87,11,36,107,6065,11,23255,4,4392,10580
56,4558,92,109,4405,15,29450,26,7238,13,325,125,35,3337,1
66,122,16346,3256,18657,17,42026,4,93512,20
29,3763,32,100160,58,13,615,39,1,86,1326,39,11,16617,32,26,14,214,11,1417,53,209,9,369017
716,61,584,31211,16,9216,61,2811,1,551,11,670,18481,285,20722,2321,26,5645,61,2811,182,9235,1
5708,11,398,1177,11258,39,1981,2258,208,110
2007,125,4,26526,1,254923,16880,360410
2,10676,93,325,989,13,6016,19278,1,109,695,33,32,78,56,172,437514,96,9,9
2007,17,13,3183,42968,20
13,2007,908,35,957,16,1894,1467,18513,16,2767,2007,26,7039,33,124,51668
8558,15,1,722,63,11,8897,4,509,46,35,820,1698,83,240,320,477,16,3495,75,45,35,2283,9
116,86,172,3710,6097
137,325,1983,10122,1619,286,35,249,122,1638,107,708,63,11,5105,11821,5331,35,10164,13039
66,62839,17,42026,4,93512,20
50247,8181,28908,4,50247,28809
341,3981,39,1415,1
602,407,45,4,43991,523,21,63,64400,26,10,225,11,398,154360,830,1,10,63,81631,26,4791,5012,37,98053,1
58,37812,37,2193,1652,1,17,2193,3177,20
260,11,139908,46,29,448,3416,55,10,42182,33,46,29,2128,1,110,10,64,11,11669,1659,1
66,3532,36,6063
1480,14089,39,10655,1535,2258,9,17,64817,366088,20
463,2646,1535,2258,135,9,17,2314,2018,1299,236,38,954,20
6536,19447,1,17,8582,162684,2200,20
46,40168,1465,42785,14
614,15,509,16950,46,428,14
181,21846,14181,98053,193036,1331,2168,759,671463,1210,105755
74,15,2665,16,552,35,96,417,4,26,96,417,931,4,265,33,56,13,246,127,523,558,4392,8525,66,35,1
74977,46,2677,654,14055,11,559,2007,11258,4,1385,63,1205,969,37,411,3028
381,13520,164230,5932,35,859,83,27660,175,704,325,89978,36,110,3289,23725
66,690,254,11159,17,42026,4,93512,20
12,2,8525,22467,25783,16190,4458,28,12
177,16,115,45,13936,6882,4,96,39,13,2879,18421,9939,4,32,658,16,42026,124,3258,22842
64120,21287,240,26,110,159,13,2963,2909,28,6823,69137,2028,17,201,20
66,12939,3822,1535,2321,17,250815,4,93512,20
269,78,37,16,504,60229,35680,37,311,1593,11,10855
215,1671,1861,124,203,9,29,3532,13457,21,145,375,455
12,2,378684,5402,1447,102,8652,61,108106,1,12
9604,13341,46,24079,4,26,80,5032,121,277,424,9476,22325,35,2725,64,3597,7127,1,12
13,1447,32,833,39,185,2257,78,45,311,582,121,29,2258,8562
1443,13,1447,229,4338,9,13,42824,109,716,37,1447,2445,33998,1,229,1028,455,58,30,2258,9170
29,777,13073,2183,13
267,107,93,16623,6855,8851,22153,36,199,301073,628,26,107,214,9309,66,2259,543,1
382,70,13,449,1849,55911,35,13,9713,39,181,1
17,1535,36,11452,152,93362,20
1704,37,785,917,1,1704,37,954,2,523,15,1113,126,1745,13,10233,182,32,46,13,469,1258,1
1615,12,2,2,10,128,722,29,2193,83,12800,123,64,33,156,53,518,4308,814,33,75,1
1,66,234,4,10,232,716,18355,26,228004,1902,18513,1,6122,35,3337,32,14305,37799,1
1,6252,347,276,987,350,3154,25202,3726,77246,35,3337,20217,35742,3289,8913
12,2,299013,2377,18427,4,16,1076,85,1826,79922,24250,10746,35,334638,12
66,3256,1535,2321,17,250815,4,93512,20
253842,1218,6652,1,75,114631,36,96,819648,1305,17,253842,7068,20
565,26,86079,1,190,292,389513,1,18705,44917,32,2540,321,17,118690,1069,20
22692,2,12,305,392,31329,92,290,107,7617,53,85,12,5682,2,12,10,190,87,711,39,29385,15,4,29
142594,565397,2258,26,75,3337,1300,540055,16833,92612,393,13,5639,3671
57992,620993,17,154336,33604,20
66,156353,39,5402,17,42026,4,3337,20
602,3075,17,394705,74555,13745,20
1665,569,26,168,6432,656,1,42,1,42,9,9,9
5712,4,18427,589091,1,918625,1422,8516,4,38746,2122,624,4,42026
175,70,520,1086,352,10,43,4,63,784,11,16950,153121,66,5567,1
1,10,516,29,125,58,11,559,1949,46,8516,2258,9
259856,10,68,1531,36571,2193,26,1949,39,1745,2258,250815,15149,9
66,3532,83,11452,17,250815,4,93512,20
66,107910,15854,17,250815,4,93512,20
29,1952,32,16,470,2183,1
8436,338,64,11,273,66,13,2193
11,398,125,1,20069,32,18394,1,131,131,3289,23725,83,655,77524,1134,635,3169,1,458,11,359,1
416,54628,26,68
8606,6811,2978,4,11452,4888
1465,13,624,39,11,42785,4,10108,160920,4,49416,60094,1,4204,1,86,32,13,4051,1534,53,14
2086,3333
1531,35,87121
193,8359,988,1215,270,1,45,4,448025,2258,721107,749,1
45,1815,74,70005,111,313,15,172,43,13,14020,320,124,109,70,36484,110,1,53,271,4363,128,87,3981,214
209,3491,656,35,1987,7098,8485,6336,26,3462,24799,47779,17,39327,58,66385,20
288,21846,35,3337,12,70,15,3427,48,16,21,14,9,296,10,13899,12,17,327833,650,20
66,100663,18657,17,250815,4,93512,20
78,538,4,74,78,9351,5490,603884,4,353,128,56,46,5714
29,3947,227274,830,316,433,135,3688,8296,22853,2630,615335,974,96,36,79674,227274
16617,39,75
302,1829,9,17,7224,143356,11452,20
9678,10027
631,102,56,425,295,58,3075,1,296,4,1145,631,1
471,21,38355,292,51,3289
83,855,16,986,18427,214,18427,37594,117,320,83,2747,46,2018,477,320,152,735332,1,12682,22873,14
13483,1588
31923,5704,21,39,45,3532,133,3765,10630,123,168714,3494,127,23159,86,107,407,381,1159,1
12,56,11,17248,531,4,26,15,128,1671,11,1745,3341,58,245,122,6097,4,245,14534,64576,489,68,1,12,120,6908
9351,36,13073,35,46006,12,89,12,5696,103409,4173,2
5488
78,182,1,3651,4,1745
48579,22853,4,557596,1804,686244
449,12813,26042,3532,64293
1302,124,11,3054,5441,3843,3532,26,25748
48,15037,48,4,48,48,83,48,43372,48,70,110,3150,35
731576,151769,1069,66,32,11,117,7751,123,523,7220,381,3431
239,5372,132846,64,39172,4,79,12002,2276
22101,8531,9,17,4253,744254,20
65621,28809
10,63,61,3211,92,33,1041,16,449,352,17,782,4322,4,30128,20,4,55,316,84
800,389,2457,2978,24358,35765
504,1999,9541,32,20321,152,13,1144,45,11,2258,26373,260,30,26609,35,80085,768,1343
13,6249,10202
886,2018,32,5441,13483,13483,35,3337,32,13,209,9
18686,8707,46,3,2,67652,374,13719,85,16,126476,264729,124,12318,10046,12
13,18686,8707,1296,125,35,5883,16,126476,264729,311,7160,124,4586,1
5281,36,6652,39
9542,1535,289,76940,45,1
75,13,73934,121
80,260,3469,6336,124,33730,16,10665,1,35,4239,5777,39,1,232,78,822893,23334,1,200,515,291,99
18427,38,51177,3579,2,18427,51177,2,51,11669,29,119,83,10,11669,1651,9,30,677,83,151,802,39,1049,64,407019,9
13,532,2258,101565,35
764,18427,135123,19252,3705,16,361,132504,12212,43951,383,128,698,10931,2579,80991,1447,133,109221,9
532,15641,43599,58,191,3419,17,90289,20
23725,4,14091,17,80085,20,432662,4,12,29,7609,215,248,326195,12,1,293835,5013,6471,1057060,4,7457,2579,209821,377838,1043,446579
24358,5069
23725,4,14091,17,80085,20,432662,4,12,29,7609,215,248,326195,12,1,293835,5013,6471,2579,209821,377838,1043,446579
107,23407,15694,12798,1,824,164,107,37918,16259,1
296,4,33,276,9,2660,62767,9604,35,3337,4,55,32,18427,35,1426,1,107,9192,16,111221,580,35,20671,10923,1
8496,11,43834,716,33705,39,602,299,4639,232,795
11,990,32,121,568,130,15897,829,695,5607,83,9542,4,83,3961,1174,469,85,9
1613,27754,13,40878,2200,1,583891,48287,16,249,122,96,13,1741,2859,15525,207785,17,172,20,1,181,83,746,35,14567,1
8777,122,10616,39,25145,35,19065,4,337,330,4,3302,3746,254,11982,32741,4,656,11494,4,3850,1,14
66,9944,5497,17,42026,4,93512,20
155364,171,3670,4953,10131,658,35,276,64,248,13,209,879,79,240,399,26,163
33,32,37,13,32512,16,56,1989,55,45,96,102,2114,13,17660,35,2133,1
473,79,61,7140,10855,6671,46,29,274,873,12,3150,374,13,208,920,12,93,78,172,7751,39,1483,1
15658,15658,18347,4,618115,4,17719,1,4
110,45,215,407,11,830,39,131,131,3289,23725,26,249,524,48,5654,5654,48,4,56306,713,6135,16,497,48,125,48,13039,35,13,1306,1
122,9125,1069,16,313695,45453,4613,46,4799,6063
1708,1076,85,16,987,119,165374,22399,9,75,13,20115,5402,324697,95858,119,16,3337,9
7446,32,4327,363,1473,1,7371,32,3659,111,39,363,1473,1,10,43,1343,148,1,11608,861,9
