13,1306,2040,148,4,78,328,1,28,9163,1711,1878,2526
295,16,8185,6075,83,56,621,11,3119,285,16,1854,83,9470,75,3434,1
190,14820,61,650,1,245,1290,33,685,1,273,13,367,1520,35,13,2086,1,28,17475,32444
448,11245,70,63,15057,123,15,129,16,4,79,15,1326,39,64,16,1
1781,137,78,13,2879,3954,35,181,9,13,2879,3954,32,92,990,4844,1733,291,654,80,73,2288,1
5127,3563,478,48,3268,48,33,3699,1218,45,221,48,30,716,48,16,5734,58,130,127,59,348,129,16,959,1
59651,18427,20242,2,314763,530,87,335,4,213278,3187,28,3337,148,201
45,1270,749,92,15,115,4530,153,78,13,3618,153,59,1177
15,64,16,552,35,785,92,30,96,645,290,28,45,523,15,11,3104,208,175,1,28,15024,6554
10,257,334,42,42,42,335923,10,143,214,299,35,446,2860,51,7158,2492,21,13982,42
110,86,128,10,87,33713,35,117,16964,231,10352,12497,29,181,92,10,2151,398,72,316,687,13,886,4879,3155,1
1012452,33,182,2416
2467,6802,129,21,16,84,10352,59,1797,53,274
238,127,1722,126,1216,15,70,896,1911,16,56,58,15,2305,1
1290,16,6200,4,992,153,1523,1,109,5547,61,3081,26,416,15,133,68
13,4255,1064,39,45138,16792,2,92,15,70,208,4,30,171,16,56,2857,4,92,15,70,664,4,15,64,30,208,16,56,2857,1
80,87,3491,46511,35,13,908,329,10,3343,102,10,716,496,46511,37,76908,14,14
24823,32,13,20667,39,4507,1
11140,17,624,162,4,75274,17,624,162,4,71270,17,624,162,428,215,172,624,4,3157,37,2782,17,2656,162
13,1306,2040,148,4,78,328,1,28,9163,1711,1878,2526
602,788,290,78,183,15,11,1204,26,311,11,5816,290,78,183,15,7864,1
13,25922,51,87,46,26,504,6671,32,733,1
269,37,700,13391,28,56040,1394,43683,17,68,32,779,20,1261,1206,9,9
80,75,64,45,96,417,133,13,1109,80,406,80,64,2735,352,85,58
15,64,16,509,35,554,4,554,4,554,7053,15915,45,929,5688,153,29219,453,15,10908,631,43783,1,28,6107,24526,12
86,13,673,14,14,221,225,26,10,225,232,3881,2172,530,56,989,218,8719,9,9
6796,32,59,63,11,12977,35,13,2086,663,31626,13,12977,15,629,163,631,3502,55,3502,13,6796,26,163,13,367
2015,92,177,4,1797,92,2857,4,26,3721,92,816,1,12
12,2,3337,837631,2,12137,2177,687,530211,3195
526,1,520,3024,26,520,8964,16,29445,25807,39,54541,46,4977,58,670,39,434,83,3083,1
86,196,487,58,12776,83,12244,14,14,717,11,90849,9572,4532
12,2,5623,1077,39,3532,479,35,1590,20746,39,107172
12,2,6923,39,3532,479,35,75560,4,26,429273,4,1590,3577,20746,39,107172
458,559
12,2,128,3268,92,1728,16,43,55,4,73438,26,741907,71554,226
12,2,1255,9196,63759,66,39919
1925,5485
12,2,741907,16135,707612,37806,61640
12,20242,215,894,22213,14923,1215,2858,37,64104,27978,10766,16,21111,12,28,45043,93263,213278
12,2,3337,23736,61350,16,12302,3491,5728,46,530211
1442,62,100,62,105009,51,6321,199,939,647252,504,1064,30,1307,7419,13514
883,46,13,2373,39,29,281,11,5274,425,152,11,356,518,281,1285,1,48,1659,39,17371,7181,4,10746,7181,48,1,126,547,1
107,1911,16,56,13790,16,1
672,235,18324
12,2,2626,514751,16,533,12561,123,3948,117,656,12091,201,12
214,1021082,37806,195,191,25534,37,1981,11488,1,14055,296,58,5604,26,2539,1
12,2,620,4163,3492,7292,37,13,367,1949,64,248,82372,124,685,124,206,1,1,32,33,2621,14
10,5116,63,11,347,1,2279,4110,51,37,13,51557
12,2,20671,6855,6110,37,16623,2713,35,4,65892
12,2,968782,20843,12304,16,35,73438,4,35,107172,17,866,2,64963,9230,20
548009,3283,13,1717,1
12,2,35,298636,4,11,30852,59698,127,523,424,170702,37,2259
12,2,14417,14417,45043,93263,8911,2133,34282,58,52993,14557,9087
75,275,46,530,78,76,894,84,16,536341,26,16,87,489,1059,51,73,182,43619,1
29,2034,36608,16,13,401140,8001,39,4055,18130,11108,13,685,135,16,56,190459
221,397,559,58,8562,83,90071,8290,85
11992,11992,3045,17,36,1,73,1,293,75289,20
12,2,343,2,150583,51568,3657,489
16,181,37,86,32,33,9,9,8664
181,1925,79,11,2156,107992,39,1989,36290
319,15,102,79,11782,33,69603
29,288,229588,3935,28,28,28,78,45,672
10,186,83,21,11347,2170,32,16888,28,168,5802,1499
10,761,156,2859,28,28,824,11,290742,315,32,55,2859,35,55,989,3256,9,9
11,670,39,1553,35,13,367,196,12928,74,80,4393,16,1174,469,1659,39,653,121,1174,469
13,8363,12,2799,29,2271,58,2736,25824,10577,99516,1,12,26042,381,731,4738,133,13,1981,23868,1
1057,24077,16,126,11,417,8738,121,469,130,16,635894,32,126,109,128,1854,121,15,16,469,130,1
526,1,18829,231,16,13,19810,1,3140,231,1
177,149845,764,142178,1,209,5258,1,35680,39,1494,65201,35,61,181,1,87,2530,35,75,61,5244,1,6578,23725
32806,82990,16880,177,149845,1,554,177,9490,39,13,356,35,61,181,1,29,331,120696,245,8094,15,1
1425,34739,4739,525,35,741907,9,22011
24469,32,13,12374,68,79,68,32,13,14527,24469,59,11,353,39,1064,79,523,670,39,2953,35,181,1
33,32,295,16,64,798,3248,37,191,39,228,16,56,664,4,285,16,56,245,208,152,602,30,3248,66,75,1,10782,32899,8156
361,59352,239,92,10,225,35,29,2725,9,9,458,9,9
20923,11702,11385,2067
190,1443,145,285,96,3081,1443,1,272,1
4673,22120,78,35,468,86,80,63,4,79,35,602,13,208,16,43,86,80,31226,1,28,9163,1711,1878,2526
181,245,8035,15,11,1296,1071,1,33,32,989,328,1
11,7599,246,215,341,8801,4,79,11,377807,246,52729,98316,1,28,32476
12,2,102,856042,987,13,40727,4523,16,2934,2703
12,2,107172,2,881,4,9776,124,11,1539,5173,489,11,56627,1,520,13694
3429,46,32,311,7560,4,79,3659,111,26,2625,46,32,3173,86,523,291,5060,26,7174,1
2,87,35,302,1,107,32,13,246,58,93645,2054,1
78943,32,13,12721,39,75,61,1553,1,15,1817,4083,181,16,374,15,6050,4,15,614,265,228,65860,453,15,1
26,1299,1369,32,894,213580,2340,4,181590,884,16,284,85,4770,276,19253,1
163,13,687,35,5990,10164,302,3114,347315,215,3286,425,6662
12,2,117,1069,425,152,1,46,241219,143401,28,2340,276,56,899,152,226954,4,78,19409,9,12
88,101,1,14268,1
93,575,26825,13,122,4163,1,143,3532,26,31052,1,13,3532,4163,32494,10731,2554,3532,563,1
6249,26,5281
92,181,4298,15,35,3831,10839,4,226,12,164,21,12,226,12,553,21,12
190,374,61,2073,16,632,267,74,15,416,33,16,785,2337,954,16,1
765,33,32,3502,308013,93,2584,13,2924,107,276,31253,37,11411,39,10164
11,3481,530,116240,61,8420,4,79,147,128,190,116240,61,533,1,120,8798,9697
932,1,9,9,9,67444,1873,1
13,1893,858,425,9
10,186,130,959,126,11499,33,32,16,3373,211,46,35,61,650,15,239,959,33,785,1
4351,68,62965,152241,453,66341,741907
181,32,63,11,10027,1924
1829,28369,7220,741907
6047,2274,115213,575
1659,39,6237,121,61,20196,4,87,1989,26,4300,191,122,1397,1
95207,95207,32164,589,329306,5013,117,344,27805,5013
12,2,4618,5058,1301,8954,231,37,2934,3714
92,3685,2151,463,4,80,1465,13,3685,78,4435,1,143094,92,57858,2151,85,4,1465,13,6796,4,78,61,990,1,12
13,449,4500,135,16,8209,1093,85,32,576,16,4,33,32,66,53,135,45,13,96,127,1280,15,32,844,121,15,1
36,51,297,163,45,19069,3970,88
95207,95207,32164,589,329306,27805,5013
348,14072,12911,156,202,4,267,74,51,14072,156,202,4141,488,645,51,102,374,26,929,128,521,37,51,1,20121,123064
12,2,107172,12561,2,764,41953,1826,81944,1174,37,16429,39,88093
422,5465,427803,801329,1433,4,3506,1451,54049,4,118,19851,718002,32118,8975,4,24207,63036,242103,218290,721988,1231,9850,207034,173,43447,4
4,259,199465,3506,5318,45996,226872,69,63036,59885,13494,27805,5013,45996,226872
27805,5013,95207,95207,32164,589,329306,5013
4,2,4,1893,80648,219,940,4,60684,219,7910,4,327298,7942,2
4,2,4,1893,80648,219,940,4,60684,219,547,4,327298,7942,2
4,2,4,1893,80648,219,940,4,60684,219,547,4,327298,7942,2
4,2,4,1893,80648,219,940,4,60684,219,7910,4,327298,7942,2
4,2,4,1893,80648,219,940,4,60684,219,547,4,327298,7942,2
130,243,26,111,1,79,181,32,3699,121,1321,127,2972,798,16,574,1
1059,5477,33,14,37,1,7713,2040,66,335,14,80,43,549,58,57531
2067,15,70,96,39,13,4392,10699,35,277,80085,4,80,614,1116,1,75,5718,1166,36,1273,894,1116,39,15,293,3327,1
117,5847,70,894,295,66,146932,469,1180,2248,1
92,15,3360,13,15653,130,133,61,181,4,117,352,128,516,3323,37,15,26,33,2177,56,11,16888,1
4728,75,4,68,1174,469,13252,4,267,68,8372,254,11,109111,39,14502,1,28
10,128,7266,15,4,37,10,225,250726,26,59100,425,123,50105,70,61,2416,4,26,45,29,2308,1417,520,296,1,14910
10,68,218,202,26,264,63,124,5655,92,229,1,88
265,61,6416,832,86,61,918,163,4,26,265,61,1966,226,86,61,533,264,1
56,672,4,861,4,1185,4,6054,4,1469,1,181,32,156,1568,16,56,631,79,177,1
15,163,61,17929,35,33998,1447,1,139344,4,15,163,13,40390,35,61,181,35,11,1580,39,6200,1
13,1232,802,32,2626,785,35,13,7014,39,1969,238,156,202,26,902,45,15,70,1216,156
717,61,1185,32,29,1325,1,16,226,14,1
23654,2930,265,13,918,39,12761,2751,38548,4,56,7929,16,11489,45,312,19625,190,257,228,9
177,11702,125,333,75,9,9,1116,16,56,5990,1
3653,37,238,8100,21,13952,39,17798
127,407,23554,32,78,700,35,367,1949,14,14,14
127,407,23554,32,78,700,35,367,1949,1,14,14
127,407,23554,32,78,700,35,367,1949,14,14
86,32,13,17267,271,16,1763,85,58,6410,35393,14,525,53,99,9
12,673,12,35,996,4,12,117,12,35,3068,4,12,1262,12,35,552,4,12,254,12,35,5644,4,12,624,12,35,531,4,83,11,12,74,12,35,181
692,4,311,156,459,32,7410,1
175,32,30,9406,45722,285,48069,172,61376,939,1733,15,1,7206,65425
124,15,4528,208,110,4,598,417,1595,249,288,1,80,11275,15,16,361,6237,4,26,1330,16,317,61,181,58,86,15,143,1
35,68,175,32,30,4883,17928,16,14382,55,685,3570,55,55458,16,35,68,175,32,2437,58,30,3020
46,13,744
5329,22902,25554,6695,15,1,10,5358,3580,1325,1
1034,330,4,10,289,284,11,1975,4,78,16,564,37,631,133,15,1,79,3699,16,226,337,15,4,37,75,10,64,1
13,14694,39,3859,576,15,70,30,2041,37,13,1426,39,1324,4615,15,1
35,13,2258,4888,2258,10277
13,520,1144,45,66972,1369,15725,12965,32,13,946,164,19252,276,487,13693,1
75,15,171,32,68,1,79,11,414,1467,110,26,240,992,1,7900,72,1,102003
41205,24361,305,151
674,1177,11521,8700,1698,79,13,4507,39,6099,11,569,11521,779,1,28,196806,16,15461,33032
1353,5802,83,311,2367,4852,291,489,199,29204,39,16699,4,329,199,2268,4246,137,47435,83,12732,83,199,1083,4,11,8426,39,7371,1
124,15,4528,208,110,4,598,417,1595,249,288,1,80,11275,15,16,361,6237,4,26,1330,16,317,61,181,58,86,15,143,1
2621,437,1757,2168,40269,896848,10,225,177,117,1248,194979,37806,75,13,209,83836
12,74,15,129,13,7621,4,15,64,16,1378,58,13,1444,1,12,28,1711,1745,4,13,4157,35,277,2476,1
3337,3337,21,7376,85154,7376,200425,534,4611,118,200425,1451,222066,18247,3337,2419,1451,222066
10,171,16,56,145,8235,35,218,285,10,257,16,163,191,778,175,1,17151,9,9,9
55,221,764,92,29,13953,143,318748,26,49198,70,78,2821,229,55,10,616,53,635
15,102,1804,424,6123,83,1032,254,4,133,48,4163,48,239,558,87,133,1407,497,9
376882,32,660,16,34349,17839,58,469,9207,9,196,56,295,74,107,553,16,34349,48,26291,35,34993,48,35,29,15451,3337
2338,355,1064,58,11,355,1350,1,64,554,11626,16,687,11,1350,4,79,15,56,1773,16,5305,1064,15,10554
532,12195,35,741907,273,2816,58,75,558,117659,4,304400,26,3325,10020,3045,3222,9,9
13,209,1129,13,313251,4,13,5201,4,153,13,35050,1,13,96,45,523,538,15,115,107,1280,15,1
381,125,32,11,122,4640,4,284,11,2034,4385,26,516,389,1
232,397,1975,463,112704,12661,133,13,1542,1,5558,119,13,641,1,271,16,383915,13,125,1
10,8497,282,92,107,10012,11,102476,4,92,107,724071,682746,4,10,724071,102476,9,4306,10,163,53,3323,16,554,4,37772,122,4534,10429,15496,9
116,363581,51,73,582,117,416,85,199,21643
12,1324,190,260,1989,5011,16,904,2572,6828,260,4966,654,46,2500,12,28,76,29665
455806,2002,2621,19946,1555,1555,54049,2621
685559,11851,44458,534,615,14142,1070084,9102
80,276,78,5508,13,12463,1251,4,393,75,381,1083,115,86,1511,271,119,4
6899,39,741907,10665,4,614,1093,85,1,621714,741907,621714,4
520,547,16,21,4,10,470,75,375,4660,36,16333,4,1416,36,3824,4,3291,36,177,523,181,145,39698,36,277,651,107807,9
55,2692,29,6761,93,7085,58,12538,83,28289,133,700,1413,4,1659,39,6123,83,126,554,1716,51,102,87,46,11,3702
3175,4534,2,10,163,1861,2318,4466,58,8364,584,26,9396,3045,58,3175,35,1425,9,270,292,558,35212,575,455,9
1710,37,282,80,10731,1302,11,5244,35,199,33413,16,94012,37,61129,36,558,6185,35,5441,4,381,125,39,199,1423,1
221,305,41266,1,319,446299,5754,3508,5754,148035,5754,95629,4472,11,1231,82,116
137,1,712,33413,172,9697,33413,35,11,5012,9,9,116
10,196,78,76,13223,10,72,148,260,33,78,248,37,29,1324,127,5525,21,85,3114,10,93,20321,35,28192,4,15672,36,931,9,337,51,9,177,6151,9
30,1087,86,11,1240,708,63,4,74,6675,4,850,1,2486,15515
29,1141,39,850,32,45,1307,32,145,1,13,1307,15,11931,13,145,130,102,1113,1,5898,13118
70,15,425,39,30131,26,530427,14,507,491,1
158448,4,518176,7750,85,39,53,7167,9,128,33,43,496,117,152,22418,99,22,1109,36,50968,277,3041,14,149959,3337,1659
299,1325,74,15,257,1968,8657,26,229879,5465,1,146,1
12,2,48082,42308,145,34077,35,741907,1,12,6098,5724,7016,273,117,1
1750,13,2953,1471,311,1386,26,311,5814,14,1206,3334
1348,26,1194,463,2091,98992,182,177,1861,125,1231,5013
3089,32,55,8795,1,33,4843,15,663,72190,239,11,2021,39,61,2705
337,15,37,744,21,264,63,11,312,88346,338,597,1,260,575,26,221,245
10,196,1570,64,96,8235,1096,285,16,64,5540,5818,275,9
246,35,1,11,650,158053,35,1
110,186,127,32,3845,4,117091,833,39,69059,36,158448,5522,341,58875,1
1311,2683,1442,11,1,351,1,677,30936,82990,1068,206450,1,117,45572,39,71371,3337,1
19035,785,58,130,127,987,99,13,2319,35,15,1
10,651,602,10634,382,4,221,744,21,145,5613,1
55,202,39,84,26,84,119,681,221,551,523,15,902,164,15,70,66,218,66,13,325,908,1
66,11,2002,66,225,1,110,53,128,284,191,7623,1
78,873,53,6098,29,569,79,72,1281,330,4907,987,21,489,53,367,695,168,12,177,125,12,569,51,2639,73,565
106358,276,190,56,1941,16,533,1,276,17440,13,9707,79,78,769097,33
3429,11,395,1425,35,2572,32,59,598,271,39,873,15,70,1116,16,64,168
395,70,78,9552,15,59,2021,228,92,15,87,700705
77143,258414,4,117,647625,46,703,858,9,9
30402,24495,26,35,520,459,10553,1,620,83,812
2081,1,51,13790,291,37,55,554,641,18951,55,202,11644,16,277,1,26,80,7566,15558,39,277,52612,16182,3,1
80,56309,37,920,79,33,1127,99,16,56,286,1,713,16917,61,6416,152,277
14801,687,32,11,3065,1210,4,26,33,2279,876,16,56,22369,1,4352
13,344411,39,24220,39,40727,32,12817,16,14441,1,3577,11921,1392,1729,16,3904,1
26112,55,559,313,229
1034,4830,2510,15,70,11,5687,10,64,30,27706,39,927,15,74,15,84,119,1,269,1
10,257,130,127,17359,48,10,128,84,119,48,66,350,1926,26,190,2377,119
13,26373,57977,32,520,32449,26,724167,10078,135,26,135,107,20808,21,26,1283,957,6657,1
692,10,1113,4,48,32,218,75,121,13355,16,84,26,127,2377,15,48,14
10,115,74,17371,551,5466,7670,2705,5849,79,33,5466,21,16,7670,29,6200
39,1603,1,3053,4463,409,107,47267,53147,231,1094,2797,285698,4,92,107,297,64,50354,33,1
2621,530,10,987,504,1823,16,4475,272673,2089,152,1580,899,9923,63,16,62443,1
39,16,17293,39224,214,35,32,145,285,8338,39,75,5666,4606,509,829,37,450,6167,1
315,32,11,3052,4,26,215,11,1680,1258,965,109,190,409,16,2467,1
12,2,10,43,63,491,19418,3456,12
10,1113,74,9642,83,18815,153,954,316,406,97586,24445,46,53,319469,125,1,59,11,582,621,8570,10,1318,97586,1
35,181,80,75,243,3814,1523,45,523,15,5060,4,2590,45,523,15,54461,79,221,45639,45,183,15,30269,1
15,128,56,1579,9,547,5990,4129,1
92,13,2521,827,16,2054,13,4408,1
831496,2,102,15,163,45,4463,14,21,2,2894,208,14,929,102,163,45,4463
610,182,17979,320,175,1,15,425,33,14
3828,28,13,39698,4,8547,4,850,4,214721,4,6688,449,559,6224,39,13,15638
126,16,8318,61,107172,58709,37,12036,121,22581,26,14033,39,420359,11976,2751,35,15858,11
11,34916,39,27852,121,2978,4,4,741907,1
1305,515,21,58,11,10519,37,1523,1
12322,1009,56,119
903,13679,3948,66,1,341,9
143,4100,526,14437,1,29,181,32,739,11,2735,1
401223,51,182,3670,35,46,13,29159,39,1,182,19418,26,6095,85,16,1
10,68,13,1667,37,455,4,13,3052,37,2627,26,15,779,1
711,39,700,81447,1
532,4,1745,26,111503
1305,782,103717,58,24220,152,345907,1159718,16,64,13,209,1548,39,350,2597,35
610,53,32,363,989,39,1
1659,39,149892,96,598,37,199,8404,39,3337,221,953859,16,43,199,2419,36,1282,320,315,39,291,35,381,5012,39,1670
78,315,127,8035,350,1425,827,16,2957,15,85,191,70,59,4038,66,86,15,64,35,61,1425
32,16,515,13,2572,78,16,284,13,5281,26,6652,39,228,26,45,156,46,739,172,518,39851,417,1
10,687,13,1109,6828,2031,13,1306,4,79,10,102,687,13,1350,39,13,125,152,9689,11661,533,58,29,701
135,32,75,80,64,4,80,1732,6828,20660,33,1,317,13,749,1
86,32,61,284,46,35,124,15,260,14194,33,35,13,33633,43,13,51297,14
59,826,11,327,56214
46,1,733,4541,26,13252,2054,152,13,2308,73916,434,254,13,641,3469,152,16,14076,53,684,1
4559,94823,39,3981,46,48,137,134222,152,36138,164215,1,1
1,86,11,18513,140379,32,3892,285,13981,1
10,64,20438,16,2861,6886,26,317,29,181,1,428,45,957,16,1132,21,110,523,21,2288
6058,5508,6058,5508,6058,265,437227,214,722,1
554,554,177,9490,39,13,125
422,7457,2857,66,1580,14,14
128,13,5427,39,987,313,13,7292,39,268966,1
5013,110,15,1854,631,8570,80,128,183,15,17039,148,9,9
130,39,3337,2074,45,515,632,83,221,11,3829,5298,16,18427,83,249,8211,382,1
123,85610,32,5990,56939,2465,1
2621,551,109,115,13,5987,39,111583,9,9
319,45764,5318,36641,9,9,1777,94831,583,1451,757966,83836,534,615,1667,332,9,9,5318,33826,17469,151887,103439,36641,9,9,88
29,8635,6202,16,15,200,325,959,13,29204,39,7457,83,1580,990,1
3419,11607,9,9
319,10,115,79,109,959,86,32,111583,124,350,12382,7016,3731,111583,1
15,102,384,126,7410,11,417,32,152,13,271,109,1290,350,6200,1733,3295,23415,1
13,12382,2631,152,32,172,7751,39,8290,111583,1,110,26746,959,53,2924,1
10,196,6202,5013,4,5013,83,16,56,77246,83,1972,55,45,130,63,18427,564,37,439832,13620,1
43152,98299,599584,33826,14142,19252,24190,51677,69,8851,69,1322,1073186,134154,98299,153,44458,31865,69,26487
15,70,55,559,28171
15,226,12,153,12,79,10,64,11,3434,45,4530,15,1318,228,153,78,1,3739,46,15,9,9
92,15,115,126,16,3789,632,240,9555,15,64,496,5263,1999,83,15,70,78,84401,124,296,1
130,39,65892,614,5266,18427,45,558,127,115,13,5990,8192,240,107,614,7432,1
18427,5013,107,32,13,1757,39,65892,83,15,875,13,68694,16,11607,282,35,417,83,894,13,1757,5956,1,385782,9,9
15,875,68694,16095,8699,491980,124,11,117,43147,83,148,15,195,45,16,11607,1757,39,65892,1,3739,1,9
53,32,126,15,2261,11,1757,39,11,1580,240,9555,15,614,1330,13,133,6345,1
173,4,173,335777,83,92,249,720,628,3018,3906,11,21317,16,2252,4,107,93,11481,152,19252,1,1960,1960
764,614,119,249,1064,58,3196,83,27929,45,558,127,70,83883,470,30,908,35,249,20242,1
1670,32,35,16873,45,18427,5013,32,25872,55,554,9207,232,164,53,10665,32,10943,152,27660,31457,82390
31457,10046,128,9555,226,12,60300,87683,131817,4,247530,21,55916,480437,12,1
19252,407,33,128,374,11,122,791,16,5990,7756,79,126,32,33,2436,92,109,7016,22864,350,284547,1
53,10665,32,6475,90590,13,8677,29309,39,10665,965,18670,45,20182,215,30,5987,16,228,1
248,145,285,26,11,1030,641,26,130,39,3337,1302,18404,3022,46,53,10665,2751,2053,726,1
18427,10665,5545,35,381,68577,39,5990,7756,3157,25495,19252,35,1580,17877,1,3258,39,83,359836,1
18427,10665,32,6056,35,25495,55,10,196,11275,53,10665,16,3258,5990,9923,2751,1
13979,83,3579,1471,5546,39,1580,614,64,441583,79,325,23823,277,27706,46,6178
30,8181,10046,215,14138,35,598,1670,83,27936,45,33,93,59,16,406,249,178616,46,249,1960
43,78,5305,1507,92312,18427,5013,1,13,140289,1411,32,4530,15,70,11,764,153,11,3258,22842,1
53,19252,10665,290,78,129,11,268741,19248,37,2583,73892,46,2694,3948,3157,20361,13,19415,1
13,1698,39,18427,169420,64,248,35426,152,539191,1062008,39,1426,26,56939,4990,1
271456,1655,39,52018,215,84608,35,11,18428,39,13,77591,39,60350,1
77060,64,807,11,424,888,37,1698,4,94534,35,768,29780,37,6923,35,13,30640,11619,1
1849,16,5266,13,764,45,92312,83,17320,45780,35,49093,58,9087,39,469,9207,1
239,11,2713,39,13,6345,764,58,13,6178,2683,93,31038,152,19252,124,844797,1298,83,38913,1
720,628,3018,4,110,11481,4,3906,99,11775,39,8617,1143982,45,47682,35,1
19252,32,602,30,5263,4770,16,13343,496,3018,39,19252,6098,350,3018,7016,35,16873,1
1086,455,119,82842,39,19252,407,30,3196,128,56,1941,46,124,33,32,5477,19275,83,110,109,18300,282,133,628,1
130,39,3337,614,564,37,61635,325,124,107,5545,35,381,1318,3157,249,1
92,11,4500,246,102,490,57672,39,78,42468,2583,11615,240,164,78,18427,5013,1,3739,9,9
11,619,215,248,9786,16,758,13,5799,4552,35,18453,83,130,39,3337,614,4083,282,99,39,13,10665,1
18427,5013,128,15,16530,53,135,83,8774,33,35,61,76579,5354,86,15,195,1
10,93,844,86,128,56,2481,1221,39,9555,33,128,56,13,356,39,1,32,35,33,14,14
33,93,6005,13,9604,6828,7756,45,48317,13,26153,1,55,33,93,95616,13,356,39,13,9867,1
3256,378646,27360,291,79,80,19216,45,79,86,18427,468,32,145,285,11,12814,83,1272,128,56,35,126093,1
35,61,123548,66,1229,43,363,37,355215,240,214,51,128,56,30960,8570,51,128,64,16,490,11607,214,1
18427,5013,43,15,115,13,1815,39,610913,4,240,15,614,320,37,355215,83,1057,16,897,1
18427,5013,130,39,3337,3435,15,78,214,37,1249,8570,130,297,64,3435,496,21729,39,3337,1
18427,5013,164,15,959,13,1144,45,130,39,3337,827,11,24467,3337,83,78,11,76579,3337,1
130,39,3337,102,3293,3256,378646,79,86,18427,5013,32,468,32,78,3256,22,78334,45,32,65683,1
164,13,10046,39,70,78,579,16,31253,4,70,109,182,42448,58,350,24093,124,109,64,13,50440,1
857340,196,15,63,16,1261,53,122,356,58,477,4822,153,9867,45829,1
329,70,558,130,127,3579,5477,5191,534,487550,1,18427,5013,15,875,68694,37,53,124,296,1,11607,16,3337,1
18427,5013,428,56,392,152,5191,534,487550,4,33,19401,5895,30077,83,12362,965,1041,133,35,23866,7446
1101681,32,13,7897,8448,39,19252,965,32,1353,7756,11,122,791,329,128,11622,83,109,128,1261,1
13,9896,39,2010,68694,39,18427,5013,3045,215,509,277,13330,35,33570,1
13,130,39,3337,32,35,16873,13355,16,552,4530,13,650,39,6178,989,764,18427,153,78,1
191,130,70,55,4475,45,109,716,7756,35,350,2615,1087,83,109,70,277,55,989,6855,5033,1,6896,83,3739,46,15,1
10665,64899,876,16,18309,3948,85206,16,221,14956,11619,35,13,1494,39,13,5798,41043,13,11619,215,22683,1
13,10665,127,32,602,13,4531,124,189521,4,128,128699,163,520,698,13,56,24615,1797,133,130,39,3337,1
18427,102,43,631,965,32,213279,208,83,74,13,450,410,392,152,496,469,628,3018,45,32,664,1,3739,9,9
2709,1,16880,4,43,51,186,13693,32,504,71582,6399,329,4,51,43,7951,83,393,45,352,87,845280,74,78,240,3694,1
376882,15,436,121,481207,79,6196,18923,1,15,436,121,69387,79,716,381,1218,16,635541,1
59,16,487,13,4807,83,4909,3337,15,31671,897,965,7016,2074,61,8448,39,3694,353,1,3739,46,15,9,9
217980,407,45,43634,260,53801,13,1215,16,210116,13,10665,18655,107,6321,13,1215,39,13,19252,83,13,15520,1
10,182,264,74,18427,5013,32,428,240,10,614,226,374,13,10665,16,5990,1425,83,163,126,109,43,33,41905,1
33,182,1884,92,61,15451,814,16,15,45,15,70,11,39050,4,55,62767,21,79,147,115,13,29204,1534,45,1
74,1092,102,959,86,33,32,37,83,164,33,32,37,240,9555,175,128,56,30,145,992,16,632,1
265,291,78,111,37,13,518,4770,4,265,291,1570,6165,37,86,32,16,243,1
7446,215,11,341,1426,1,9274,4,156073,716,39,7446,102,56,5700,59938,1,43155,6855,9,9
92,181,2209,15,30012,4,200,4,59,41107,228,35,469,918,1,490,33,4,183,33,83,143,695,1
80,70,86,80,27600,43,1,26046,4,9274,32,78,172,1298,79,11,9896,1
179503,83,37514,352,64,145,3173,9406,1426,83,8476,285,118407,83,25810,352,1
254,1531,1884,29,3260
415432,39,29392,4909,46,11702,125,35,1580,39,530211,93252,152,18427,10665,46779,363612,39,18923,1
8851,628,232,215,11,3502,11793,83,11,5300,39,62523,35,13,543,39,124783,35,530211,93252,1
53,90024,83,32231,4264,16,45524,172,25974,8851,10665,46,11702,125,32,172,784,26,443484,6196,39,18923,1
19252,5154,70,2445,2153,35,20361,469,6263,79,92,109,7016,8648,240,109,416,2296,46,33,1,163376,9102,9,9
15345,382,70,2445,177,110,11,455,6098,350,24520,128,56,4361,520,698,83,516,158855,580,1
11,1216,908,37,15,26,21,172,113560,8084,16,4743,291,424,28799,17261,13,125,277,68,15059,13,271,9,9,9
393,10473,53,5920,4,107,240,4402,16,13,4354,10665,119289,29392,4909,1,53,32,1141,39,831125,481207,1
2564,744,10314,46,530211,83,4098,83,115616,24934,311,11849,4,4833,10665,276,56,1135,58,13,1580,10665,78,1493,33
104551,4,130439,4,46006,141540,83,3705,64,22683,5798,138169,46,371538,16641,239,124,13,1580,83,4354,10665,64,2412,549,1
13,3041,10665,39,741907,215,243,16,11,2718,160173,58,6005,11,8228,37,13,1306,4,6828,496,2416,14419,1
48068,70,329,1094,5861,83,122,3248,243,829,79,4,18427,10665,10881,228,124,3991,37,277238,1
11,371538,3823,952,16,56,11,11205,4,79,107,93,9786,16,12056,6211,2477,16,27731,1,18427,5013,361,61,25207,27731,1
4,58356,4,4,129445,4,18103,4,13947,83,42122,614,56,105432,74,11,32,16,56,6396,119,133,12814,1
53,10665,83,221,197668,702757,4,15520,4,64,37499,321984,13,6244,39,13,311714,83,10486,33373,39,3337,1
245,8737,11440,16,1068,46,13,19252,83,13,15520,83,1208,350,24681,1
172,19248,32,22326,35,13,1670,45,496,1326,39,138292,83,26289,33,16,13,56677,1,80,171,16,44949,33,1
4833,10046,83,1006504,34019,35,572709,13,1298,32,598,7751,39,18427,169889,8448,1
381,3823,102,243,16,11,4490,4,193474,39,114318,153,6379,83,215,13,12872,16,5058,249,153,168,3248,4,36981,1
13,535,83,13,4833,47787,35,13693,70,11060,37,53,1094,70675,1523,45,9786,282,16,284,249,720,181,1,14026,13,10046,1
13,6674,39,13,4490,32,16,15674,375,3248,4,79,109,5473,11488,37,53,70675,6211,1,99774,10046,614,56,29118,1
35,11,990,92,11,258,814,45,10,64,16,44068,46,277,990,389,240,86,1326,39,6671,11,597,102,374,14
10,7628,264,4,2572,180143,83,12382,7318,16,87,13552,2603,106669,5023,744,33,3749,37,8119,42854,1
10,7628,264,4,1268,23607,39,3337,156403,130,39,3337,489,7542,83,1981,5243,523,130,39,3337,1972,1
5751,614,4300,172,16302,329,27749,5832,102,4022,4,329,76495,70,63626,695,309111,3746,1
175,32,30,739,410,124,833,153,1030,105151,6098,33,32,78,107730,35,11,25827,4,79,1570,35,11,370521,27155,1
35,13,46348,39,13,2735,80,70,35,4,96,32,14577,16,564,13,1411,4,329,70,277,172165,14,1093,85
80,70,35,171,39,687,83,24056,22781,152,96735,30554,16458,4,13718,35454,83,11,3502,8228,1
171,16,564,13,4564,83,2620,2360,16,13,10665,4,74,13,7014,39,34282,32,16,1900,16,22306,8801,1
13,209,26,449,532,352,35,13,367,1817,56,807,153,239,10365,1,109,614,56,2565,58,13,533,1
10665,32,311913,13,48068,152,7629,8338,37,5574,4879,83,18427,3579,5477,16,43155,6855,1,99774,10046,4,5889,16,277,1306
81410,4,126,102,175,56,11,13361,3337,4,183,35,3337,4,73611,3337,4,74,51,76843,129876,2879,27598,83,5300,28,221,6855,14,3739,1
12538,47516,1218,139922,2123,83,6026,133,178128,11488,965,128,17320,122,21041,39,15301,1
8067,1298,39,30456,5800,13,449,5613,83,31257,1218,37,6855,16,85612,13,1109,83,13810,13,1306,1
7014,39,12538,32,12988,124,11,449962,47415,37,74260,221,720,1603,45,47516,6907,16,11,11103,39,13,1807,1
2940,30774,16792,8737,37,496,4649,164,18427,10665,32,2580,39,33,83,2040,15093,13,14039,83,8851,1
469,25554,10236,11,15688,20182,4,18315,52724,32,175,35,9047,83,18427,5013,16072,33,59,16,4655,45,107,32,208,1
74,15,3293,13,25554,39,17,178,20,240,9555,13,125,32,78,520,880,92,15,128,3293,38548,153,496,469,11921,9047,124,296,1
175,70,191,130,127,102,111,35,739,11,2197,39,795706,45,109,239,115,45,107,32,78,11,5033,35,1144,107,32,172,4151,1
10,128,78,23407,74,11,731,2021,39,2437,40656,61,918,37,11,417,127,2295,4,107,128,56,3469,424,1425,37,53,1298,1
127,128,462,228,11,5033,92,109,64,496,3726,39,11,5033,1,45,417,32,11,398,446223,35,13,590,39,11,5033,1,3739,46,15,1
221,1021,99,229,26,10,292,51,1
518,2215,171,16,56,9875,58,8980
18427,5013,2295,249,27731,70,3625,26183,4,9118,13,1144,45,3337,32,3996,2078,35,13,2053,39,172,13938,5920,1
35,36155,137773,4,175,70,30,14878,37,11794,126,83,133,13355,109,128,19779,53,210831,4,13,4500,246,1,824,51,83,21,1
3739,46,15,19252,124,15,239,13212,11,37752,16,228,83,110,38512,46,1
2153,934,1367,5596,86,1664,11,2153,934,83,109,16991,33,35,739,11,30559,45,330,32,658,133,2875,1
124,13,448,257479,4373,4,126,128,21316,3175,4613,4351,72900,87,107730,4,127,128,107,3694,240,9555,128,3694,130,39,3337
6674,39,13,10665,32,78,16,20038,63,5623,15345,543,4,660,16,8162,27416,35,1144,8121,614,56,3469,16,13,2919,30,39,1272
18427,5013,32,13,8181,10046,39,3337,4,78,221,9321,1,80,70,16641,26,78,106276,1
92,10665,899,393,27416,4,22581,42273,83,130,127,171,1215,39,13,10665,70,22468,4,124,47787,273,66,13,3965,1221,1
161867,135521,13,4264,16,58689,4909,35,530211,4,18427,5013,128,15,14026,282,6098,107,32,1493,15,1
764,59651,12,341,97491,12,4389,86,6050,109,128,64,74,13,13434,3619,28896,1493,33,1,56,579,18427,5013,16,1636,1
929,102,3694,158448,5013,59,152,18202,53,1271,15966,965,5526,2751,7728,5013,1
551,175,32,30,24113,1471,7728,5013,83,158448,5013,79,53,10665,83,857340,70,10473,103162,254,33,1,3739,1,9
392541,13,5526,39,277,4673,13060,4,56,33,11,67369,153,108008,152,2840,1271,10511,83,15966,1
929,102,3694,158448,5013,59,152,18202,53,1271,15966,965,5526,2751,7728,5013,1
18427,5013,13,15966,35,739,11,271,45,107,102,284,13,515,39,53,16,487,2122,73438,8536,1,3739,46,15,1
53,1326,39,417,614,56,6742,66,13,51147,1
53,32,277,9925,45,80,64,75,9087,58,1271,35,1144,30,9310,83,109,70,59,170465,1
319,107,102,894,1392,18427,20242,110,9,88
15,4740,4408,16,183,61,720,12047,152,1068,13,515,39,33425,83,110,15,64,16,490,130,39,3337,1
30,1210,74,18427,5013,196,64,35664,15,217856,3094,79,86,15,195,32,78,12487,124,4408,93,26200,152,15,1
80,129,496,9087,63,51,127,32,8235,92,350,32,11,1071,16,56,91945,83,1399,39,13,135,43,4408,4740,1
15,407,8851,412401,72789,4,79,80,129,19275,424,3337,79,9555,15,70,13,6762,39,19275,1
80,129,61,9545,124,35,11,4709,1999,15,70,59,11,903,490,39,19252,83,488,202,1,15,31253,325,1
120099,5013,63,417,128,56,13,490,39,19252,240,8851,32,13,96,127,102,17293,375,1326,39,417,1
175,32,670,39,168664,46,179640,83,110,92,19252,720,3018,240,277,764,32,6075,1,1854,85,764,16880,1
18427,5013,374,4966,26789,39,61,55,989,19252,628,124,33,392541,13,5526,39,764,83,33,2074,61,271,39,320,1
18427,5013,128,15,284,3196,46,53,1087,153,78,1,128,15,14026,168,153,78,63,92,15,14026,971125,118274,127,855,1493,51,1
92,10,225,663,168,4,13,1667,3563,4582,124,87698,1,92,10,225,58,168,4,10,64,13,5300,16,985,17928,1
8851,6281,13,4408,50434,3077,83,74,33,196,64,4361,240,1272,63,120099,5013,196,64,4740,24575,39,21111,1
18427,5013,504,2479,3579,121,44876,79,229,61,720,628,24666,24575,1,43,15,462,33,14352,2400,1
19252,3705,58001,1343,64,3469,4408,1954,153,109,26200,33,133,2259,21111,1,53,32,989,124,14352,2400,37,382,1
61,3095,55,4791,83,933,4,13,621,39,4916,51,32,2457,35,29,650,1,61,2274,55,4624,83,2973,4,87394,695,13,29098,4387,1
8851,6281,13,4408,50434,3077,83,74,33,196,64,4361,240,9555,33,128,56,11,91046,83,20217,32,120099,5013,1
329,32,18427,5013,110,127,4393,121,12,173,173,335777,125322,12,9555,894,11,1101681,83,11,76579,5354,1
19275,32,35,13,7897,39,19252,83,109,436,121,19275,424,3337,1,3739,46,15,1
9555,11,1954,16,120099,5013,152,19252,6098,39,168,117,320,83,6517,1,164,15,374,217856,3094,16,168,18427,5013,1
18923,93,311,123251,83,45,8181,10046,59651,18427,93,702757,39,8067,111583,1,7751,32,530211,93252,1
4833,88759,51557,254,93252,32,11267,83,221,11,6196,39,13,334204,1
4833,88759,51557,254,93252,32,11267,83,221,11,6196,39,13,334204
8967,4,189521,4,42972,4,359836,83,554,145,75,70,13,5329,39,53,10665,1,3739,46,15,1
29392,4909,35,530211,93252,4,11,125,393,13,7024,25984,16,117629,13,16135,133,26630,35,11,122,10665,35,13,1580,1
2683,4909,35,530211,32,11,634,7751,126,4354,10665,32,700,58,13,20182,83,130,39,530211,59,37,13,1426,1
319,22085,16880,4,499,4757,16880,499,589,997450,1
127,215,13,208,16,11668,632,124,844797,14,26,126,276,13,5443,5990,19563,7093,16,13,5121,39,311,172,844797
12382,2713,35,1215,39,177194,4,6769,44135,215,248,44171,152,10157,1992,483706,215,248,989,124,844797,152,1006504
535,83,11,585858,2331,29470,1493,13,4013,31519,152,13,1006504,83,13,939,762,13,2583,26153,58,13,12314,39,695956,4013
18427,169889,111807,39,13,2683,4909,35,530211,214,517236,11,374408,664,83,33,2074,6766,39,8801,58,13,1580,1
9237,37,2709,1,16659,4,13,1141,39,2709,1,16792,124,172,844797,32,4,66,209,4,24345,4,66,1232,4,172,402412,16,13,12538,1
59,45,30774,5013,32,58,695956,4,21556,16659,407,107,32,5840,160563,240,189733,16880,12314,897,127,722,6058,83,509,313307,15133,1
692,221,4171,16,416,61,1966,1148,285,384,130,86,61,674,26,5889,13,674,39,992,26,15272
80,171,11,12661,133,19252,46,176640,127,7266,487430,37,13,68900,39,16792,5013,1
4530,33,1511,153,78,79,9555,29,2308,215,248,156271,35,11,3175,4,74,231,240,10,264,10214,1
126476,40787,15672,152,5069,16,650,19070,615,4,18427,13993,795,260473,83,11,3829,5298,16,228,1
277,10665,32,551,37,291,153,37,15345,329,2053,726,83,70,66,126093,1
277,764,7016,2010,75,3861,83,33,2074,107,32,488,16,43,58,20182,83,35,13,23115,107,32,653,121,20182,1
10,614,6202,764,45,374,7751,39,108873,2248,16,4013,39,277,1670,78,16,1262,83,226,13,1282,1,102,51,2290,53,1
13,580,3463,46,102,56,957,35,17552,191,2694,25040,39,81410,965,15,550,29946,1,186,254,33,764,16880,1
12,23007,1036,36867,12,32,59,11,939,2012,35,11,520,30559,83,37,45,764,32,9032,2294,2029,39,580,1,361,53,1
268275,251949,45209,46,13,303042,33530,4966,39,381,27964,8164,39,13,29309,39,1087,83,221,44812
32,11,55606,965,37130,16,959,8916,4,687,83,1073031,58,350,8999,83,139223,10238,35,26291,1
43712,39,13,4056,128,78,56,27936,393,284390,2170,39,641,79,64,16,399,1028,284390,13,2170,1,25207
10665,215,42027,152,192598,46,130,39,13,2170,1471,641,128,78,5728,4056,43712,1,1272,70,66,126093,1
108873,5013,407,121,79,147,115,239,35,312566,73063,80,43,11504,1,361,873,25207,108873,5013,1
43712,39,13,4056,128,78,56,27936,393,284390,2170,39,641,79,196,64,16,399,1028,284390,13,2170,1,25207,10184,1
4056,128,78,56,27936,1471,641,16,641,1,86,32,29204,1534,33,1,70,15,7125,58,130,39,3337,1
12,277,6855,614,64,6909,83,614,56,768,51879,12,124,407,152,18427,5013,4,55,43,15,16072,45,15,52162,1898,16,277,6855,1
133,65770,16,695956,133,13,1781,39,16,13,12314,39,4,11,3502,8067,8448,152,13,26458,19252,102,56,1
18427,5013,6279,46,13,171,37,13361,8404,83,1728,13,6855,16,56,768,51879,79,164,51,73,51976,39,87065,1898,16,6855,1
764,18427,46,1206,407,2736,79922,12195,128,56,7486,37,13,2259,152,4,96,145,1101681,37,4,56,10254,130,39,3337,1
71554,4574,35,182018,13,10665,83,13,415432,39,29392,4909,35,530211,5189,110466,2360,5477,19761
325,135,765,13,2355,45,530211,7736,7016,66,13,7457,39,11,2583,3746,329,18427,5013,389,5545,1
18427,169889,111807,39,13,4833,169889,1336,46,13,22293,78,214,517236,11,664,79,182421,4,2259,8801,39,13,4649,66,33570
10,406,16,564,15,4,329,93,61,12382,92,19252,3018,437246,29553,344470,1728,6058,80579,16,111,16,6178,14,32,33,5549,14
329,93,61,12382,92,208,11864,27376,29702,487430,4,13,417,127,110343,45138,16792,14,164,51,70,6075,19252,1
7410,11531,35,13,1670,92,13,10665,32,807,16,56,63600,103005,35,11,116338,3931,16,7533,13,125876,46,176640,1
496,12538,39,3337,3479,133,13,72603,41329,290,78,2201,17336,489,5956,4,959,53,1144,10665,1
10,1113,965,96,32,145,7410,16,13,1670,4,11,1086,31533,844797,10915,153,234545,2954,16,138292,26,12382,1
844797,23020,152,1086,4013,39,695956,32,1140493,4,13,169889,3012,35,25495,75,13,4013,124,32,36378,1
86,80,70,72846,148,32,11,129491,17576,46,28613,39,29120,4673,152,13,208,11864,19252,10665,26,221,105036,1
13,212137,39,13,22980,489,13,30424,39,48068,182421,221,2034,67963,39,28613,39,424,26,16047,844,1,361,33,110
48068,1041,1477,2819,37832,6098,109,70,114621,39,1268,123000,124,38913,16,13,77016,39,415965,1
13,19252,83,221,105036,64,5545,16,2393,13,1144,45,13,1141,39,176640,83,89278,1817,56,152,496,1868,1
10665,2416,37,75,79,33,1925,53,10665,32,214,1135,37,15345,382,83,14352,2400,32,5170,152,228,110,1
189733,16880,74,15,64,13,798,96594,240,12314,315,127,523,277,341,651,11,5840,160563,201,1369,1
6202,16,1272,39,3337,45,552,35,22692,615,124,109,5800,11,5840,160563,26463,1
10,196,6202,16,111,35,530211,124,296,329,4354,10665,1858,477,16,13,1580,10665,1
19252,38,1006504,4,453,3731,620,8063,16,30774,16792,15,614,409,191,89278,74,78,176640,1
1868,210,16269,4,127,3904,10891,39,13,4354,10665,68816,70,2178,13,74451,37884,46,350,19940,11,92314,1
74451,37884,124,35,554,11245,13,284,335,1574,32,1343,520,57941,153,1307,285,86,32,5756,152,13,19959,110,1
558,127,70,1493,19252,4,110,109,128,56,11862,58,313307,4,30,18427,6724,22,78334,313307,6724,1
449,39,13,857340,214,11127,395,83,1045,99,229,1,6471,36867,98299,4,259675,499,11127,13101,313018,6471,1,14
33,32,135,16,1465,695,13,6073,26,273,66,191,39,13,5297,965,171,5669,33315,1
695956,83,221,4013,64,248,128421,844797,152,11,8470,39,13,1369,26,13,26458,628,4613,46,11,326158,286,83,11,1271,274,1
654,13,10665,215,248,2787,13,176640,3746,35,703,18153,4,13,3672,39,13,2731,215,81001,549,133,469,3948,1
53,32,11,4493,45,32,326684,96,5990,1493,598,5990,35,13,420,45,11,911207,192470,128,515,764,18427,1
12,107,127,12479,32,538,39,12743,12,4,10,530,1894,45,74,15,64,13718,128,4,15,102,148439,631,1
13,44637,39,18100,21907,4,1708,2978,13,5522,100944,4,6982,29,876,16,1290,15,800,145,4,10,171,15,145,285,15,128,272,115,1
13,7724,16,5058,277,5041,4530,931,153,35,11304,16,954,32,10008,37,11,177,181,1
10,115,1413,10,225,3824,4,13,490,10,1271,37,15,79,1733,29,2308,32,1416,83,175,32,488,10,102,43,1
164,381,135,33,1776,45,13,96,15,68,13,449,4,15,6200,46,228,83,8468,1
196,15,239,521,14,92,15,273,66,21,4,43,15,163,13,701,46,29,490,153,43,15,163,13,2437,10,1208,16,1290,15,1733,14
610,9,1925,23654,9
21111,70,1416,37,50004,83,130439,10665,137658,13467,965,93,73984,1196,46,1,3739,46,15,1
130439,10665,1353,50004,32,59,13,450,410,92,80,374,11,1467,16,11,32,744,3119,99,39,33,1
130439,1757,128,5952,8935,127,827,16,722,6058,78,37,897,79,7585,39,130439,10665,1
25560,1041,489,558,1729,127,553,79,53,10665,32,51976,39,468,631,83,739,352,80,70,72846,110,1
3157,1353,86,53,10665,215,392,102,56,1728,16,26,21111,4,127,128,5298,228,520,698,1
53,32,86,10,64,8601,16,172,40170,127,12824,35,183872,1
19761,58,26388,64,16,56,13,13889,14730,83,46,6178,4,9118,75,221,78264,4,80,64,16,1330,126,16,24513,58,33,1
13,74293,45,32,13544,16,2833,13,990,58,215858,83,39710,215,248,1665,35,13,18427,10665,1
13,13842,39,13,19252,16,4300,11,5895,19248,35,965,13,54369,196,64,30,5858,35,2625,1732,58,13,990,1
9604,32,78,35,124,117,7533,124,33,297,56,4,9118,13,1144,45,13,3612,148,32,202,145,341494,285,33,93,35,13,30606,1
2694,3948,6898,110407,46,35454,4,6899,39,60350,4,8404,4,2858,4373,4,745972,4,12965,10665,32,13,95504,39,53,75,1
33441,1064,102,190,687,13,4770,3195,965,32,156092,4,965,32,2893,83,965,63143,13,2718,50616,39,53,19252,10665,1
175,32,11,2294,75920,1471,86,32,120901,83,9192,152,13,18427,10665,83,86,32,24489,46,13,4770,1,186,453,15,43,1
10665,106691,30,5571,16,987,85,183,35,3337,4,13,7897,39,965,32,16168,16,18272,13,139654,70,211,7069
74342,3337,8737,66,35,13,12638,39,26487,46,13,15460,39,1752,11,1249,1
74342,3337,8737,66,35,13,12638,39,111229,46,13,15460,39,397,21462,1
74342,3337,8737,66,35,13,12638,39,111229,46,13,15460,39,71893,12047,1
10,348,2093,58,11,731,616147,66,13,2466,66,695956,79,45,290,78,478,45,13,1580,276,409,346563,1659,39,26727,1
74,34282,32,2436,58,167333,421003,83,28369,222584,4,369,4889,102,32294,39,4013,56,9810,11,2583,4739,12817,14
30554,4083,32,13,35457,26463,39,181,83,276,56,24588,152,381,246,124,13,35457,624,39,249,311,1
2034,1915,26,6075,621,70,13,449,28863,33054,39,5329,95601,1,2123,70,352,83,6546,352,66,45,1
19252,32,110,1302,96,145,30077,16,230355,13,8851,6734,1580,10665,4,92,350,5154,70,62265,489,33,1,3739,9,9
92,330,190,523,2953,1471,812,83,620,130,127,70,15,458,33,16,226,53,4,15,3494,10046,1
164,18427,5013,284,3196,46,249,720,10046,92,107,7016,115,121,33,4,9555,15,70,2580,39,18404,61,6718,1
13434,3619,849845,19252,72051,127,38489,45,191,4990,39,16135,32,4728,30885,3053,1,126,297,107,226,45,14
15,32010,61,628,16,158573,13,19275,79,61,628,32,7016,6463,11,9442,39,19275,1
2583,5569,5800,13,9442,39,19275,240,31923,16880,4,15,890,61,4531,152,965,15,143,13,50440,1
18427,5013,51,70,2445,36164,45,11,8119,1404,12953,6533,66,15,8570,130,70,579,16,2109,15,99,133,1426,1
15,1302,504,765,4640,83,110,56,579,16,490,126,130,39,3337,128,14235,16,15,76579,83,359836,1
10,393,526,13,2909,96,410,1127,35,29,651,4,45,13693,10665,4078,11,398,4702,124,79922,35,13,9576,12,137,1
16,487,13,85,8536,18427,5013,83,249,302,110,4168,350,2086,46,654036,1,18427,5013,214,416,249,2086,46,654036,92,107,876,8797,1,12309,1
453,20361,8851,245,626,45,126,554,99734,15,64,1465,59,6098,39,8851,1,55,20038,124,11,764,39,3337,1
18427,5013,64,15,272,55542,8851,92,15,1465,13,99734,39,8851,3931,83,320,1,92,15,128,3293,53,1282,83,361,20361,1
1311,764,108384,23725,5013,550,407,45,4,35,61,123548,15,128,214,1465,13,99734,39,8851,15915,26,320,1
18427,5013,15,68288,35,11032,45,4,9604,32,468,296,153,15,186,49093,35,8617,16,6104,11,7910,920,39,9919,14
4308,260,248,141522,152,13,7457,83,13,16135,16,210116,13,402991,25974,8851,10665,35,530211,1
18583,27936,45,18427,260,425,13,4137,66,11,2073,2713,58,6288,764,1514,13,89,3768,18087,35,122,2323,1
2348,4929,1032,128,56,250462,152,351,72,66,2340,13745,46,4239,35,1
74,13,29391,32,931778,240,103115,240,18427,5013,200,31555,381,18577,478,83,516,12280,327429,37,897,1
2053,726,311,35603,39,13,8121,39,1933,3959,54573,7292,79,18427,6734,10665,32,29799,12820,125,152,125,1
135,35,53,1670,80,899930,45,10665,32,78,58,2053,726,4,6855,4,21111,4,124,8121,73,166598,16,15345,382
10665,206347,13,8121,152,468,1249,16,350,720,130,2751,2053,726,240,164,10665,32,37,83,13355,53,10665,32,37,1
23077,5800,547,83,18427,5013,128,758,282,6098,175,32,1071,16,10329,8851,2751,16757,5013,83,30774,5013,1
15,6196,496,99445,417,83,239,15,128,894,56,989,124,1
6855,9087,70,211,55,4475,692,45,109,1671,9862,83,109,462,33,12,12,83,45,156,602,1208,58,350,37812,1,88
10,196,6202,6855,9087,16,56,11,9049,5033,325,83,361,1765,25207,965,230355,13,5526,39,11,9049,83,24593,6855,1
6855,9087,70,2428,12383,350,320,83,468,83,6855,70,2178,228,9087,1,361,726638,13,5526,39,24593,70473,1
6855,9087,361,468,83,6099,633440,39,61,4626,35,1144,56,11,547,5033,927,13,6510,39,45138,16792,83,82990,1
18427,6734,10665,1353,122,20182,16,741907,79,530211,32,78,29648,45,35,1144,1384,277,20182,1
1469,215,248,392,1028,110,35,530211,32,392,152,8851,79,19252,32,681546,33,4,92,109,115,2564,32,46,277,650,1
16135,32,13,13809,650,79,164,107,855,489,469,4575,663,13,47758,39,1
18427,5013,407,80,84,20182,79,249,7609,32,139223,110,26,13,7751,32,530211,1
4083,341,5861,39,3337,35,61,2567,7756,8570,109,115,295,7756,285,19252,5154,1
10,959,96,410,74,9087,70,653,63,42170,240,10,614,226,80,70,78,35,13,2184,1729,1
30,1087,86,7609,15,64,3469,19252,5154,4,195,2467,855,175,37,13,8582,39,352894,1,458,33,1
107172,4,3337,7942,2
70,80,5969,4854,11,86444,4909,14,70,80,5969,16,11,9694,14,70,80,5969,4854,11,8916,14,18923,57207,14
23574,4013,83,16973,9700,11,117,1793,128,1574,13,2858,31500,267,70473,861,9
231,16,11,5895,3431,2079,1,210,82,1196,4,4830
80,813,15,18427,5013,78,16,2735,58,4013,8570,15,128,87,397746,1797,1
1636,13513,2923,489,185,107172
4013,70,30,145,424,16,5058,350,5832,79,19252,3018,102,374,257,5354,83,764,32,191740,38023,1
80,129,9087,127,2209,214,4,38023,5354,152,965,15,56,25272,130,39,3337,1
33,93,11,1205,26750,35,3195,1,79,232,11,1205
80,317,148,4,328,80,479,4,55,1261,61,181,16,13,25709,1,21,4,29,531,1104398,26,1
4017,7408,26,6158,34484,1514,187,23400,1
4,9160,26,74916,39,24953,64,2258,1514,11,1621,16,4,1
59,826,11,327,56214
117,344,27805,5013,37576,1036,859197,46337,456,1
6999,6999,5872,32,6999,15058,63054,32,6999,17953,32,6999,348,902,16,10397,32,6999,9,9
117,235,27805,5013
53,32,3710,26,547,96006,1
152,11,340297,35,39710,1,5791,35,908,39,10164,1578,1,273,66,13,14737,5956,1
162113,13,367,55,110,295,1621,3337,26,3084,11,122,63442,367,68,8464
4327,3288,695,1981,23885,1543,1,116
1305,322,117,768,533779,468,35,189958,559,566,39,4,1493,75,14269,1
326175,8118,11,398,30014,4,26,215,398,1588,2
80,348,64,202,39,5494,35,537492,4028,55,7486,191,5494,78,214,35,537492,17591,271,79,75,695,5990,31457
180,10519,151,305828,173,865,60689,32612,1433,16977,36754,332,3155,374465,1301,21,39480,755479,1433,6471,128589,1433,1
32,13,214,410,45,102,987,2133,35,360891,1
315,32,653,126,559,58001,1,929,102,2041,1,13,624
55,559,229,79,221,305
30,96,16,56,9786,48,78,16,226,72789,1323,1036,3455,48
381,5990,215,54665,208,16,226,48,72789,1323,1036,3455,48,30,96,215,13,208,16,4083,191,96,78,16,226,55,1
12172,124,67438,1,53,5466,21,19216,133,29,2517,28812
59,260,12894,58,26,10,1782,16,284,327,1,23654
10,1313,1590,28812,1170,26,33,32494,320,1,26,10,855,3116,58,2669,1,10,406,37,11,12176,650,1
1353,61,5613,5693,152,606,66,13,6195,39,61,13322,32,13,1232,410,16,43,1,374,85,13,320,26,3770,1
107172,4,3337,7942,2
86,32,53,13412,21723,389,8255
126,243,45,92,80,111,37,3518,15,5545,16,1547,13,6657,133,329,15,12447,16
11,17822,5710,66,741907
4308,46,3532,71593,125
2491,8730,1,232,63777
53,32,14375,374374,4402,75362,119,121,1,107,616,13,5424,66,13,450
10,64,894,37127,35,53,92,109,180027,21,39,390992,6122,26,6682,29,477,4573,580,1
1619,313,13,64911,58,18393,6027,35,381,5012,4,175,32,11,1556,35,13,1188,318,1,11,7919,39,68,4,420,26,4673,1
13,9087,39,1312,64,1858,350,209,191,37,13,68,1,449,37,13,7137,1,13,2254,39,148,128,1547,85,13,7168,1,68,1
739,9944,181,15,64
10,5879,558,352,1002,4,965,10,800,957,16,5879,1
2290,133,13,2055,5706,4,17,20
164,195,13,20667,1717,1151,99,39,29,4293,1632,58,249,3497,491,13115,318,14,19203,11,1717,22586,1
67837,66,13,3492,2271,13,214,5799,10133,35,741907,1,575,16,56,46,13,469,1258,1,80,317,37,2704,14
558,36681,37,45,355,1177,1,46,13672,5427,13,7050,16,15,1
922,13292,26,1,35,18311,214,267,11,8897,32,311,75505,16,56,8358
4327,16,2669,172,1,31265,1
765,27603,297,78,470,13,1485,37,800,35,216555,5058,133,16,884274,102922,30,13854,1,137
1034,200,509,568,417,46,13,450,4807,35,59812,39,216555,107172
3537,56,17199,16,361,2178,13,5791,335132,83,13,93695,29423,228,48,7864,49186,48
35,86,20100,109,273,63,48,7864,49186,48,164,3537,2313,69893,1894,739,1,41837,228
284867,38,377735,72190,48877,2437,35,8093,276,1336,58,13,514751,35,3196
388674,890,2477,16,420,2162,5043,35,52894,1,52894,1477,12965,56,156,7410,37,2731
32231,23554
9143,265,115,375,1807,125641,216738,629,1290,11,15676,16,375,1394,7857,831,66,3376,78393,1
93,33,59,11,29307,153,7144,39,363,645
26,1369,32,6075,393,35893,12036,46,19948,125,1,19252,78,1068,16,20069,12965
56277,92,15,1151,99,39,13,5799,4,15,1113,164,109,2368,231,48,137,1362,4966,35,2192,479,55,3390,1
86,1006,576,290,1041,576,4,214,58,11,5060,3237,1
504,6373,32,2279,78,39466,66,75,876,191,4791,6909,3004,471,55613,11,1568,286,698,37,504,10334
877136,32,295,285,375,122,23346,1614,1,4392,44135,4,5770,98924,4,18829,5959,1,526,389,9
148,13,258,32481,6051,46,13,3764,66,13,5319,1,6181,21462,1041,119,26,147,18014,37,4507,58,1729,35,1188,1
32,2269,37,8797,133,12761,46,13,881,1083,39,30852,13355,107,143,35,2331,3739,1
284,11,6439,37,13,271,51,1980,663,311,54873,1
1116,16,163,13,154545,13212,152,46,29,4083,26,13,256181,25545,33,4370,26,232,64,13,1307,27573,1
1642,74,744,11145,3699,152,311,785,1,13
1830,17028,39,11,1741,892,45,102,43,3311,1
86,11,3739,9,109439,96,11,1757,26,469,172,1311,1757,1,290,3337,182,1911,8941,328420,14
363,33424
393,107,1392,172,5990,4220,36,148,10,922,29,209,59014,229
193,192801,9,9,243,16,21,37,8582,9,9,10,595,87,85,973,35,13,344,1
177,338,1,61,70,13,5148,16,7312,16,416,2496,26,13,2170,32,59,5297
700,45,96,524,254,26,254,389,507,33,8911,55,202,1612,1
68,243,1227,28,812,5336,1
22115,16,29,2828,934,2257,4,269,83,739,11,4392,5373,1829,137
10,3434,4530,795,38,208,10553,12322,277,36176,1,229,33,32,289999,38,5840,2583,38,83,23757,272177,1
1925,147,93,78,35,3521,153,103581,1580,16,284,61,296,2011,3343,1,3317,33,5454,199,132050,128087,168,168,206,206,206
245,12732,1,110,4,107,239,8738,1999
30,59555,39,16411,12561,153,1415,133,8006,102,277,11976,1,74,496,44192,4,33425,26,1369,13020
4393,39,598312,291,1,79,297,214,8753,16,2109,12978,35,84182
2093,1,147,1728,174266,26,8776,2360,26,11,38693,155358,4745,41086,953,4139,1,2590,7410
1012,51814,16,1103,26,16794,929,1644,1
117,15915,2709,2683,1
6331,5041,1483,16,3379,83,781,1062,2692,37,211,99,53,271,79,16,226,3068,523,21,816
109,621,109,1644,13,2355,453,13,4188,17074,1,414,195,109,115,4,13,10399,232,8185,1
1698,119,4,10,2324,3419,1,965,224050,276,10,276,2665,37,11,295,119512,58,117,7456,14,2858,14
12,26,74,10,888,26,5983,26,3495,66,1229,80,1012,115,45,10,1858,12
2860,35,869,26,10,232,8016,11,86,211,16,2282,9920,9
504,78,871197,643537,2022,4272,99,13,1210,1,30304,79841,448,1077,1,6578,85,649,1
177,149845,133,741907,1,265,61,181,56,124,3586,4,63442,26,59604,63,53,47779
13,5635,152,496,54472,894,13,298643,35,8404,39,1,24327,6026,2379,1
1480,12164,39,53,1301,1576,969,16,2776,43,363,39,1301,30
10,225,660,16,11605,29,580,66,319,2699,4,21904,79,2477,16,16269,821342,1
8322,3667,614,56,2477,135801,39,56364,26,812219,86228,66,6762
52954,133,58,302,35,13,455,4791,6909,3004,4541,133,30
4264,744,2041,318,2211
782,39,3168,37,13,71632,1742,3678,9,86,276,10,782,411,14,201
13533,122926,37,29,16648,1
143,86,33,1595,4,284,61,13877,903,7939,318,9,9
190,156,969,80,102,232,14382,85,13,3764
520,7560,39,15,26,61,569,16,374,291,615,102141,99723,26,1
