66,407019,17,20
1426,1465,1210,1041,16,1,269,16,416049,1757,1
12,2,8181,10046,59651,18427,17074,249,325,125,35,13,80085,152,13830,57872,16,45138,16792,12
288,435,33,93,15807,26,110,33,32,4255,27536,46,75,24575,2040,46,29,271,16
66,6652,41688
173,1484,159260,44478,4178,2666,180,25420,7977,28,806,2086,24643,14,201
14722,30774,232,3653,37,1444,55,45,4608,102,56,33058,152,199,370,293,13524
610,446,33537,454880,547,4,10,406,277,411,8181,10046,1,79100,1,59651,18427,75,13,209,5258,16,249,2572,2465
5446,11,908,989,281,187,1,187
32224,218871,1443,2666,15899,4820,14,201
316,284,1829
271,156,54001
99771,11494,55,117
1658,523,21,177
7144,39,1258,15858,120959
209,198401,151769
151769,934,43991,270,14,14,1,139
151769,66,151769,934
942,37,3311
30,1399,32,1363,631,3157,13,1399,45,32,4573
190,264,355,74,130,626,51,214,35,1116,45,15,1041,35,350,651,63,15676,35,13,11152,39,350,181
2490,1952,37,3223,133,13,75183,1,341,1952,133,14567,459,16,433,13,30469
9908,2125,133,8655,28,35,2978,4490
450,44997,133,29,1258,894,1,127,32,3184,39873
127,13,673,15,70,14,1298,35,11,4131,30559,16,868,1823,4854,15,1,10,68,15
17206,70297,8934,312,1341,37,13,2858,11298,39,1,86,645,109,171,229,393,1
1029,946,1534,13,7534,39,3223,1318,37,282,1,477,1248,37,20671
5258,16,29,1034,1273,1,55,1116,16,56,61,1166,1,416,46,15269,13,130,11740,61,181
260,11,117,656,26,41903,133,172,12815,125,292225,1,33,1925,80,64,16,284,117,1473
40453,60,650690,60,60,34024,60,176254,60,60,60,42026,1
80,276,470,11,1268,965,27318,631,1,10,478,496,410,9,4028,4852,40732,3248,9
6865,1251,644,4861,762,1304,1660,202,644
194305,1021,14427,37173,11,51220,37,21111,26,24232,85488,1
30,25417,746,10,226,319,942,37,284903,83,174763
30,96,32,2367,5101,598,417,267,39,13,8532,153,249,2714,153,249,5530,153,249,6379
245,11,459,674,92,80,260,11,4633,393,11,463,135
4261,38904,38904,524,21846,2621
232,45,8806,32,795,40668,35,29,8420,4995
82154,4,883,53,96,4,215,425,11,2317,1232,3954,272
3964,68,1,325,1076,16,1,122,3981,200,1,17,876,228,20
37,1296,5243,117663,299,11199,94540,37,1850,1,12
68,33,246,1972,4,2693,26,5536,13965,46,5783,393,7526,33077,32645,122,10179,7970
66,36313,407019,17,4,46006,141540,20
92,10,2151,85,4,10,129,16,56,1711,13883,1
177,2195,22441,554,145,177,9490,39,13,125,152,663396,704
92,35,320,13,6374,5259,1983,124,11,881,44843,56635,35,543,33,5259,63,11,49446,845
692,1296,1071,320,99,295,285,13,325,43951,15,550,3584,133,61,3399,1
875,75,2348,5990,1251,7239,156431
29,1470,96,39736,133,29,12318,7049,28,28,3670,32,11,1144,4,14316,32,12835
37,5052,8582,42026,215,1671,85,39,2348,3337
2,50,788,7016,32,19857,1,33,14,12,2,788,58,13,208,417,102,56,55,21987,12
865,145,37,6832,231,13,3175,1158
942,32,254,46,199,271,108149,128,4909,1299,1369,10349,2937
47184,13,11692,4,107,523,7781,214,92,107,11432,249,3883,99
7446,614,56,124,1043,9925,26,45,931,32,24139,4,177,4,3502,1,133,4,1
598,568,1194,9023,37,13,1301,1113,86,32,33,58,21,26,13,16772,1,80,70,190,35,27210
8667,4,7884,4,554,130,70,2584,4,844,4,873,45,9925,32,1353,12074,4,1642,4,98813,3850,1,1,133,1
79,33,32,78,547,1,894,9925,2209,2133,214,1,37,3434,69123,4626,1,133,1
3041,23368,181,794,580,79,9828,1642,214,1,133,4,1301,1
35,13,4847,367,4,1880,32,449,1849,35,75,13,13583,26,75,60216,16,416,277,181,35,14218,1
12,184197
12,2,12,357740,19014,12
9879,650,57992,7221,704,1120,28,5274
4717,215,568,17928,716,1447,26,35,147978,716,3507,3081,26,10182,53095,16,87,1426,1
45,48,50,6374,344,379,335,9,9
13662,49748
32,733,939,341,651,186,37,4799
12,2,51,12,942,37,29,217613,22520,9226
53,149845,833,7085,58,325,273
580798,9,52894,7345,48,137,305,2305,80,292,7155,26,35185,83,17302,36484
22366,12578,1739,3657,489,10366,749,5424,117,410,2,554,15076,355,410,2,685,75305
3922,2265,6999,64400,167463,1,14038,231,16,2504,35,249,720,1655,1,25732,112777,16,303718
1,7266,13,1560,1,80,317,35,288,455,1,466,215,1941,221,7533,1,64,30014,1710,37,2314,4,255258,130,1
296,1980,46,6999,2265,781,4,118895,13,11236,3935,39,83,894,246,39
10,225,85905,559,1305
2621,10,63,51,82663,36139,51,477,320,209,844,82663,36139,35,2725,4,930347,26,3570,10,63,51,117,410,55,202,51,73,209,764,2621
547,2073,39,2319,2248,35,1068,11,14110,6637,35,75,13,4139,39,1480,181
7591,3169,4,8598,708,26,51,273,55,2370,35,1,420,51,128,56,35,11,117,5956,4615,1568,2931,35,53,3963
526,1667,703
66,36313,407019,35,4,46006,141540
68431
73,399646,1164096,687099
403340,753155,12155,641989
232,3909,115016,1407,4446,999644,828612,40953,365815,1407
1531,1107865,35,11236,1009,32,117,4177
35126,403340,14252,572382,86079
17448
310236,15681,874172,7747,7422,3574,36619
3800,1163302,25777,37224,1582
92378,716,16794,2481
476361,565823,30,19641,438251
476361,68431
86,13,32,3323,148,10,225,3050
764,22,4,52,4,1175,113175,38582,432,214779,4,432,483241,4,696,157,584356,1
148,10,616,11,417,127,3269,145,285,21,9,9,107,2416,124,248720,9,9
1,4363,226,177,45653,16,51,73,1865
177,45653,16,70,292,51,55,202,1,10,84,35552,35,393,51,80,292,61,681,26,12777,3850
1,10,1980,10164,35,29,2289,1,10,128,2665,381,135,11133,24643,70,6737,1781,127,70,13,24643,14
4110,136307,17310,37,11821,917,3466
10,63,49746,7221
965,32,504,2828,73,14
108149,19428,231640,149619,9892,850046,14,14
195,15,115,175,70,214,8954,39,7676,46,11,12367,965,70,35,165154,1853,17,334,456,369,4,677,151,293,4,26,50,351,20,12
1433,61335,24102
10,129,3337,1644,2277,124,812,5463,26,109,276,290,33
13693,812,7175,32,71588,682,2268,32452,1
45653,16,24102,96,39,13,491,11743,35,46006,5799,1
74,22115,16,38,3356,4,292,13,56291,39,172,6660,518,335,45,53927,489,11,5319,1,407019,1
13,635,2078,411,16,21,11,2478,39,185,127,64,496,23883,1,107,276,8088,126,16,20038,35,2572,1,2751,35,18117,1,15500,1
10,449,896,128,19656,46,53,3030,39,2268,24466,1
13,246,127,1527,21,13,590,39,13,2200,93,664,1,78,859712,4,36313,407019,1
1216,1258,14875,32,23165,17294,1,896,284804,26,942289,285,23165,17294,1,8633,10928,37,13,580639,1,23654,9,1
36313,407019,1,16909,4,13989,41864,58,198401,7168,1,234,83,198401,27019,4,20115,7727,83,28146,1,6111,9,38
1895,63,11821
4168,61,7732,124,1680,124,2436,102,515,15,1378,58,1350,24846,26,153,674,11663,37,30,30505,946,1,12
993,14431,26935,93,229,1,107,75753,16,46006,141540,26,93,35,414322,123,894,5242,22,721231,4,993,1711,22,141190,26,4177,921862,703637,1
12,86,11,565741,2709,1,12557,12
4,2,4,1893,80648,219,940,4,60684,219,547,4,327298,7942,2
14,14,4,2,4,1893,80648,219,28,940,4,60684,219,33097,4,327298,7942,2
4,2,4,1893,80648,219,940,4,60684,219,547,4,327298,7942,2
4,2,4,1893,80648,219,940,4,60684,219,547,4,327298,7942,2
4,2,4,1893,80648,219,940,4,60684,219,547,4,327298,7942,2
14,14,4,2,4,1893,80648,219,28,940,4,60684,219,33097,4,327298,7942,2
4,2,4,1893,80648,219,940,4,60684,219,547,4,327298,7942,2
779,29,2828
87,6195,580,2,13,1543,965,374,424,3175,565920,26,469,10378,28
2621,7672,32,733,1,51,744,117
406,51,554,145,177,9490,39,13,125
13,21992,39,18104,35552,1302,66,8810,110,374,1318,16
86,11,246,1318,16,35552
51,73,13,2055,31283,4,902,16,43,13,335631,39,125,1,14072,61,1807,124,11,16368,4137,695,5052,17,20
214,299,39,130,128,959,53,2,234,219,3532,1,234,219,10622,1,234,219,19101,1,73,49,187,236,49,49,187,74,51,87,33,1
1021
280941,389
10,276,190,64,9875,45,110,33,5704,21,39,15
274286,6432,969,235,1531,32,13,449,7307,96,1,672,750,4110,674,5280
15078,246,32,11,398,39,5990,10164,302,4,929,134638,58,282,908
1,6223,4264,4,4,208,135,4,4,4306,33,32,477,16,163,199,13039,1477,238,211146,292,51,6527
13,209,83,449,532,352,35,13,367,56,807,153,41692,10365,4,109,614,56,2565,58,13
5990,5799,292,172,209
20,3962,1652,37,495952,20,1619,11,670,39,1619,2437,20,1185,5041,20,540,559,2086,3333
10,115,5700,3252,79,33,93,575,211,695,61,518,1090
13,4702,39,12977,10,35316,58,148
12,2,12,500,1961,1144,2,12,151,12,219,13,17267,271,16,3249,238,231,1,12,12
1270,1696
239,35,13,81286,39,13,24582,5939,4,2254,36,1045,39,239,10365,1,1113,965,4735,73,375,42572,18588,1
1757,28,954,957,16,1283,36608,16,15,4,110,764,28,15,70,4357,36608,16,469,4,13,2419,48,185,12
367,607,13530,424,6123,83,1032,83,434,83,13238,46,61,4209,2535,9,9,1804,110,9,9,28136
10,225,1980,35,411,356,325,10164,2041,53153,38019,4770,2041,6110,46,38
86,11,1121,2478,39,48,2193,48
2086,7033,143,11,670,2309
43,10,239,64,16,436,121,13,1680,21201
557131,699,21108,1313,13,2041,16,11133,1258,1
15,1500,559,40
393,463,135,211,16,433,356400,3311,66,17111,36225,2951
15,595,361,2080,29,2828,1525
193,296,4,53,316,624,14,10,1113
32,172,4100,1830,25172,4,3699,63,33
13,12746,39,53,1893,93,397,16,115,15
58,13,2782,10293
26,53,32,619,37,8582
26,10,35,30,271,196,129,16,56,11,30014,26,200,29,1288,3906,21,85,2445,296,16,186,15,64,13,450,1288,124,10,43
78,1473,15,163,238,58,739,172,39882,1083,66,1229,33,53810,16,21
341,5861,10536,3248,123,5443,5861,10536,5977,123,1741,5861,10536,130,1,28,8560,29474
35,29,17410,908,4,1,128,1763,85,58,27009,53,3375
17,656,5497,20
7221,3442,51,1660,202,9,9,9,7487,39,7175,1104893,712,244,46,1,9,9,9,532991,7221,54501,54501
2621,96,7905,200,9,9,11821,6073,7905,58931,381,56309,143,3845,35,1568,13791
610,610,392767,6865,524,9,9,9,8895,210247,9,9,424472,80286,54501,1199,476070,456744,524
237,88859,139,118955,38904,1033262,874172
10,292,12143,417,35,12143,218,367,9,9,9,73,51,2288,14,14
9651,35,32,182,2875,1
2562,209023,33,32,3113,538,447,1956,37,594834,8023,1059,77747,173
942,16,163,199,325,273,39,870,575,10739,3832,489,261046,9,9
7221,9,96,39,199,12329,5904,420,16,163,51,974,173,829,698,36,11,1251
320,455,965,23045,16565,11,73788,58,30,1924,152,11,1640
7576,29
883,15,35,38296,58,302,34282,39,18195,176682,285
13,11049,39,13,1312,2041,292,731,1578,267,39,2709,1,4,86,172,4057,33630
24102,1,406
10,337,15,37,6099,13,8181,10046,39,3337,26,894,61,122,3248,4854,13,8404,39,2731
3800,88859,135,195759,253320,495912,3020
476361,1436,438251,970647,10666,2911
396,102119,3699,716,713761,1305,500,189884,73,13,2481,128,4428
22213,69997,4,3346,152,14283,66,227340,1
80,5990,296,2621
66,3185,1871,4
48,7434,48,81868,26,2091,35,566,231,13,125,8102,201,1
459,16,163,24102,31966,13,67468,495545,14419,1
17,5319,35,4,46006,141540,20
855,16,8569,16,163,35,3492,14392,109,409,21,543,833,5069,37,148,949,4529,99
11647,918
2290,133,13,2055,2,1159593,17,20
1483,16,2,5319
325,135,35,13,367,1949,2162,4,3337,32,700,663,23554,49857,1493,6178,1,292,51,330
644,236146,668765,688,409494,2621,393281,11209,32,1696,38
411,4333,86915,296,1980,22520
36,4646,5319,32481,733,15746,782,1028,199,624
407019,96,334,416049,96450,1,733,1829
229070,68431
2709,1,644168
674,202,711,58,320,33136
269,37,78451,2086,1,15,70,26624,16,433
1313,172,1194,1596,59,37,280941
13,1232,674,32,29953,275693,523,51,264,1216,4,8023,6181,5645,51,4549,4,26,16,1298,63,51,521,66,75,1
407019,1,4,46006,141540
35,13,2859,1,29970,44925
29970,44925
29970,44925
29970,44925
29970,44925
29970,44925
29970,44925
29970,44925
29970,44925
29970,44925
29,1,274915,70395,894,9004
1433,4,30118,7221,4,10,63,504,1614,10,883,471667,325,125,7016,26,225,830,39,51,29,619,5258,175,37,51,7221
225,830,39,51,92,51,102847,6865,42122,35,7692,14,80,73,7903,1362,10331,939,10173,16,518,1614,7221
243,46,3337,87,13,6886,99
3337,40664,5990,302,285,40,395973
56,5990,79,315,64,16,56,1116,16,56,5990
2621,144278,554,93,9482,26,39,894,2305,51,2813,163,229,225132,1776,145,51
177,338,7221,9,9,8838,476070,5340
24593,130,70,63,40375,1,109,128,2957,1174,469,313,267,39,350,6796,1,7751,12965
269,139,100656
32,12143,504,7221
13,341,2268,107,406,8223,249,62100,107,23742,135,58,47193,884,3442,51,644
11,3491,127,9386,46006,1525,156,117,3442,51,1286,46,4635
74,191,377,16,15512,29,619,73,11,531,73,1092,10,68,4,10,196,722,2696,1,10,713,624,85,35,4054,37,641,4,79,10,196,722,228,1
559,344,20622
7221,10,225,61,398,830,173,75344,79,38273,10,813,96,1087,3986,40706,667143
51,87,35,127,32,53,1741,347
1969,13,21287,35,26188,9,9
640104,308563,112196,477678,19428,1,1231,1,250812,2518,4574,427
2271,2725,4458,1696,638912,28,1774,234,28,1774,234,28,234,244331,6865
2518,11861,34797,53153,12360,40,1,641989,82,1261
7221,518,26,894,1246,133,397,11,53773,1215
92,4475,130,70,6181,3469,2294,20623,4,53,32,126,109,128,20038,1
2621,411,487,36299,4049,3954,13,16719
5866,10,225,942,13313
708,63,23632,39,39,16455,35,8164,83,2464,1,48,812,41739,38,47266,48,1271,1047173,9
568,6533,229,20622,79,532,7596,29,51
897,32,744,68,153,7903,1444,1
28,1,1,152,228110
13821,18464
10,225,942,37806
12,2,10,337,15,75,800,389,37,13,68,13212,37,83,744,33,11,2294,2530,9,12,623,524,623,7221
2156,386101,66,37,13,48,367,3165,48
199195,229070,199195,2669,2971,623,10,225,942,6865
12,2,29499,37,249,1542,9,225,894,942,37,888162,688
1433,1034,10,63,504,75,271,39,1353,341,4635,2594,86956,21
526,389,7576,26,249,16143,4,214,37,2951
164,43,130,245,3694,1268,14,92,35,1144,80,70,75,1268
59212,456,199
33,128,56,55,582,4,92,15,111,16,450,5319,1473,4,69309,70,1746,587828,21,9,151769
701,4,267,33,53614,130,1,267,4171,285,16824,2641,15,1733,1
23084,356400,4370,11,4574,124,11,200209,48252,9,40,9
7845,9,24780,30118,7221,143,12153,37,249,218,1548,9,174072,173,9
337,15,37,13,6151,1954,9,1969,33,9,204838,1948,242364,1960,9,1059,11,524,246,9,9,9
14417,828612,46703,8980,3099
3537,922
576435,277,13662,15993
29443,4,178426,87,10601,89573,2,1717,29443,28,894,3791,124,23979,28,26,366917,178426
2416,58,83,43155,25092,153187,10395,58,6503
2416,58,83,16,43155,25092,153187,10395,58,6503
29,4451,34282,9,9,9,9,9,9
12,2,127,1280,350,1317,14
8829
4500,5892,37
717,11,341,164215,79,137,112496,248,36,37389,89573,5069,1
791,390028,1,210,9
1483,28014,563,29,2818,894,19331,30402,4306,51,5547,199,3942,9,1059,172,565,1134,9
1312,2450,4,739,11,532,1251,5456,61,182,341,12753,2621,239,64301,894,22860
10,225,942,461,10871,461,26,37806
177,122,356,37806,39,13,125,10,225,942
334,60001,37335,3822,199,1523,39,1665,59137,123634,51,396
12,403,8494,12,11699,14,1,6736,6662,2709,1,2621,28793
80,73,6293
942,79857,16,210,12143,1
406,15,554,145,177,9490,39,13,125,23554,2621
117,344,19410,133,2609,14742,12276,1,277,122,878,12820,37,13,820,1009,2,64,11,459,125,1
1667,125,559,1206
2338,172,3497,172,565,26,11,6688,35,39767
2338,172,3497,26,172,565,26,11,6688,35,39767
2709,18427,4,19275,424,3337,4,214,35,29,938,14,14
66,1539,1336,17,4,686534,4,1258,20
526,7576,29,531
14722,206945,215,6065,11,11552,37,25108,1
9689,38,3203,66,3319,4,733,28,20
11,344,500,290,78,245,478,33,215,11,6075,1969,1961,45,814,12,10,186,39,15,92,10,1093,85,12
38061,37,315,4,6104,33,58,9
3845,407019,2971,9,9,1829,135,4,52,8410,9,9
215,22110,13,5957,83,11,117,223383,9118,39,1086,1227,26888,36,40668,7364,66,13,624
411,135,894,80,8370,111,16,781,102,43,45,14
504,1653,1,79,80,70,78,4,8944,4,4162,4,12483,424472,1696,39
629,2337,53,1582,39,688,33,614,56,11,29076,35,8589,974,13,4966,232,16,29,918
2091,17,656,5497,20
190,87,156,7651,16,632,2510,109,894,264,13,450,4854,15,4,267,96,45877,10058,102,8811,7993,15,9
858,172,36163,7938,35,9908,1
50120,11,12732,1404,38418,4104,5866
225,229,139,100656
1369,2340,11,90512,39,12,126,16,7938,13,3195,26,6149,13,1670,489,20710,137844,46,68141,352,12
973,70005,2379,10561,36,117,101479,32,6422,133,277,7345,614,56,11,9332,96,398,398,68961
277,3502,36,10252,68961,291,183,53,4770,124,395973,4770,265,291,409,228,45,447,73,117,35,7594,156
126,32,504,4178,14,14,14,10,15235,35,51,195,1104,11821,9535,11821,199,12780,245,3442,51
1514,13,5069,2860,5678,455,10,225,1773,16,4463,163,13,26012,39,5990,4879,3155,9
409494,35710,6865,30,236146,50591,50591,1667,434,337,15
148,1667,434
83,208995,11,6301,125,28,17,1667,20,28,530,28
28,28,589,1,1220,5477,11821,198121,802,2526,1068,35,32,33,547,102709,2621,14
15299,66,29,908,9,11,372605,14375,39,2982,1
310947,5802,4,55,74895,172426,1,1033262,13635,270,267,33,32,45749,1,1
260,1829,14,14,14
2195,16,6768,1696,12753
3853,2971,5526
554,145,177,9490,39,13,125,532
11454,29,2714,1477,13,124177,1667
15,156,14,10,225,211,16,484621,26,9267,563,668,4,399,1,59,156,559,35,229
7672,16692,434,285,6271,2062,86956,1326,34972,10,443199,51,670,4306,51
35,381,35804,147,708,7174
449,46000,1525,10,2337,145,133,10739,18869,1062,32,53,20647,2621,594908,1150562
554,554,177,9490,5866,416,9332,177,152,409494,704
59,8963,13,524,72491,2345
30,96,629,2799,549,48,137,42738,1028,13,1081,399,37,249,1880,554,110847,73,35,13,7692,1493
461,10871,461,623,37806,6865
660,16886,10737,623,2554,25172,4,25807,46,37359,641989,4,482964,63630,884657,6865
22520,32,119,58,3181,917,101,86,11,33630,559,1394,749,39,13,2041,148,235,296,1980,277,65858
251456,739,11,437195,149619,6865,1298,37,8941,4129,269,37
269,139,3007
315,883,13,4342,2311,175,35,83,124,33,53645,16,1298,35,1251,83,1298,124
564796,106924,9226,988,5304,150200,833,270,704,1436,539,881290,1014286,10133,1892
10,225,942,37806,688,35,1054183,26,177,338,2781,1929
10,225,942,37806,26,177,338,108149,152,409494,704
325,1030,254,176534,1030,40,1179,1030,11,7938,14,14,14,9,9,9
8980,3099
5866,14650,13,1345,33,316,624,183,33,950
392312,145012,34797,18869,1231,141461,571,106924,308,139,2727,40
638912,6293,52,239239,25777
242604
211,16,2718,993,356,133,328,50907,80,894,3292,133,13,341
1261,2562,229,894,1444,35
491,1317
66,656,5497
641,1251,232,3150,35,1299,1369,124,11,1696
177,338,12584,370736,17046,606,491,58
1661,2345,166228,10,225,942,2621
30436,1666,5832,6865
6293,455,2727,35,2990,974
1312,99977,2621,243,17111,36225,35,688,1,10,225,520,177
14038,231,16,504,791,1166,863,33,93,733,1166,416,211,3116,526,15
4,1,733,3181,51,1012,1,2,80490,3673,377,211,3116,1,1,733,497,1166,1
6737,4350,93,9776,282,1807,107,496,3010,14,126,102,496,96,245,9776,4169,37,43319,135,14
10,64,7929,11,122,93867,39,221,172,75,3337,93867,9,74,2467,289,1392,274,21
6865,166228,199195
13,3292,1045,16641,12074,11,670,2477,16,13,8564,39,98150,2259,16641,1817,872,13,43525,66,3760
1,51,425,46006,202,145,733,53773,19981,416,211,1
585743,166228
733,688,974,1613,1012,39,504,3181,775359,2621,51,64,19969,296,16,1671,11,2621
1671,11,830,39,51,416,3169,63,53,24102,416,211,3116
1,39,1603,5270,80,68,13,19981,39,1,107,12322,4177,1,285
1,15,73,11681,145,4898,16,5243,1,927,15,133,13,4640,416,102847,974,14038,231,302,1
1,15,73,11,2370,11743,1613,504,3169,133,974,2294,830,39,51,1,416,211
2,733,9226,35,26,51,425,504,4574,30402
634,5023
1631,92378,674,177,974,1116,39,504,7534,15,425,33,2621,1
459,75,614,433,49746,703
370736,35710,28,264,13,2,396,190,807,53,1582,39,35710,37,370736,75,370736,704,433,33,26,1261
124,245,51,190,5545,16,5058,974,10024,291,2621,1,1,416,211
13,688,93,733,2621,14038,231,16,504,477,320,416,468,1614,63,53
526,7576,24661,644,2951
5549,270,24102
9,9,9,4177,149619,9
32924,1573,66,1104,242507,52,8410,16,1,3597,699,37,11,16829,1,30,407019,1541,135
177,13,688,153124,6353,13,63133,68,990,66146,2930,36,331,1113905
6052,58,1200,4,520,177,121,13,615,39,744,389
589,126,73,51,504,688,13464,6849,26,833,29470,152,51,221,520,2644,3169,1
3419
126,32,33,1135,14,32,33,117,14,397,17415,14
42026,16,139474,1301,215,6394,453,135,1
3753,1525,133,10351,16,16,29,3175,54501,1134,1,29,1301,6142,37571,318
308563,118955,1043,68023
148,39,492064,3113,942,37,504,9332,10739
462,785,172,5990,74,15,239,1336,85,37,1
22520,11799,338,462,9102,29,355,355,830,6802,242,1741,22520,6802,29,1
1,177,16,11,50105,974,532,11,2644,356,3116,1613,504,3181,35,1
623,2621,942,37,598,688,58,9332,10739
564796,433,199195,594834,35,6768,54501,526,389,409
48132,762,9,9,236146,6865,9,9
585743,830,425,524,270,446,73562,110,370736,35710,139
6865,1954,93263,1,623,349954,762
277,8181,10046,288,1318,16,277,6345,2683
14038,231,16,53,246,100,38,370,100
35,2,11,2419,762,35,117663,1,623,762,117663,37
46217,1012349
526,688,182,6223,6768,18640,26,51,273,182,491
1443,117,37,61,533,1,175,70,11,1086,1741,40879,1
14038,231,100,38,370,100
51,377,55,261383,35,1166,1,10,68,504,3169,35,381,688,39,1651,1,51,2412,79548,35,11821,1502,8845,1
11,520,6963,6662,102,232,12476,11,13283,1,74,143,1867,37,9143,284,11,2799,39,58,15,1
57992,258421,35,110
904,2709,1,187319
14646,7596,48,48,115413,35,7838,17,3529,20,393,641,9
5372,254,13,1422,2521,4,232,35,277,5861,1
86,11,125,37,26,1547,255072,26,1547,255072,1631,37,1012,950,94301
554,177,9490,16,2621,330,2159,152,409494,406777
2594,16075,37,8832,1050
47,73,9332,1667,434
942,37,688,4017,133,504,46006,141540,704
28,455,2669,55,880,392,35,235588,22086,26,110,35,317761
638912,1041,35,3537,922,17979,26,1617
238617,9908,35
166228,1251,1081,1305,10,225,942
177,338,5264,15,641,3116,7085,58,68,4,9069,26,2530,9,64,11,4110,96
66,65743,35,46006,141540
215,70861,58,51,38,11,124,39,110,9,23929,73,19238,16,16,87,51,1,58,191,8845,1465,38,18750
12555,409494,301041,1,11,63,149619
2896,33412,6682,13,1141,39,445,133,452045,1,42163,1
942,2679,16617,9,9,9
138399,5990,31457,42252,83,28605,31690,26,78,28605,26,42252,31690,1,126,80,5777,277,656,1
733,3169,1613,504,4574,26,894,504,477,320,16,20130,13,4966
558,1422,20719,39,5990,4335,1,80,377,55,1213,16,14417,37456,79,80,232,111,175,2477,16
80,190,1782,2621,1,32,245,11,28464
436543,107
1,996,2621,4,10,1220,11821,50532,2621,32,211,16,107521,51,37,13,32171,3954,152,24532,520486,688,35,1933,8338,1
28257,575,9,17111,36225,28
12,29,17360,70,2294,704,39,824,96,8637,13,2939,10,4670,35
526,35,54501,6865,1251,894476,25777,54501,6865,54501,6768,2621
525,99,9332,744,286,39,83
13,1422,3052,12304,254,122,2323,934,730,3375
13,1422,3052,12304,254,122,2323,934,730,3375
53,125,28,12145,32,325,246,35,1155,10164,2162,16,425,70005,1631
1034,2621,53,32,520,1087,45,10157,1094,7181,93,1465,66,13,686534,16,685,271,1
2594,4572,58,22025,107,128,43,33
530,56,117,615,37,30309,16,49659,249,908,35,13,19770,1
10,115,221,156,4,10,9826,807,496,23174,35,277,80,629,1078,15448,240,126,102,80,1078,934,4,787,4,261649
177,16,163,53,3150,1,33,32,245,11,6017,311,830,39,13877,108149,1,11,341,353
45,1218,80,614,1793,7290,568,122249,8570,80,128,56,1501,85,1
214,74,13,35598,32,894,172,5904
47972,75,254,2348,10238,276,43,145,3945,4,606,37,11,1306,14580
51,377,79548,35,13,122,23286,32171,362738,1,733,3181,211,16,163,51,46,3416
341,320,2621,33,93,11,8170,409,416,211,58,13,450,16986,75,199,209,117,320,152,13,302
6321,526,35,1667,16,64,51,35,218,526,110,35,703
3856,623,8284,37,128043,1631,46,13,762,2621,6865,2621
79,4,75,375,2660,70,9535,61190,1,10,348,186,660180,32,211,16,284,1071,1
858,11,1155,2041,5546,35,16,781,125,1,496,12686,393,126,554,1077,39,13039,32,33,3323,14
858,393,11,463,135,11,1155,523,33,16,781,125,1
16964,58,6761,455,70,8072,79,1759,4852,13,1612,934
29,2828,2050,26,11,11884,3625,13,353,296,1980,15,70,3983,337,51,37,1612
86,11,2419,26,10506,5354,9,457973,4,61,4696,99,39,533,1,1318,9
321774,39,13,4412,5354
13,72491,4479,83,133
624,39,11,19591,420883,684,1
5408,4,4,1,4,4,4
393,48132,119,58,1426,39,96
399,37,12885,76,700,35,13,7713,2041,66,13,15463,43711,9
156852,35,45,5990,5604,3341
177,15615,125,1116,16,5990
3606,163040
21023,272357,80071,26,163040,82150,43,277,2731,1116,389,2490,66,13,51,1,137,1,784,1,3606
381,125,56,11,946,16,317,4,267,330,425,181,5456,532,9,9
861,5664,183,1999,92,15,70,653,16,238,1216,1
13,688,93,3699,18640,7221,75,199,209,416,211,3116,93,177,16,163,51,66,288
92,14194,58,568,25107,3831,7588,4,449,130,2665,13,4857,879,2,16,78,2665,1,14
56,5990
5018,8980
260,341,1893,16,13230,18468,2798
87,579,5816,712,133,148,83
13,214,6662,35,422169,127,8016,1614,58,75,607,257698,35,249,1655,26,2896,32,989
147608,1036,6662,4,25561,91,145633,6268,6843,242,2345,6662,4,149330,242,1030940,6662,17,20
54501,4451,182418,28,20
11,24270,5129,731,2345,12885,1
2082,7867,88909,6865,13,2082,4342,7867,10,225,942
10,276,43554,13,726,148,393,50,6374,37,29,11140,405618,125,628,1,58,3811,1
125,161574,13,1655,39,65892
13,24754,16,13,1286,6614,26,8980,13745,7486,35,13,356,152,13,414322
2522,118955,203001,4,31084,203001,193573,48138,9
75,13,520,209,607359,598,48132,133,36,10739
75,13,520,209,37,2294,2530,16,1012,39,51
184197
75,13,520,209,538,1753,37,598,48132
184197,1087,126,8645,33,32,111121,128,6293
66,343,9,9,9,86,11,10739,8952,3169,152,1012
28374,16,11234,9,135,26,389,107,32,22864,249,29384,664,1
117,1128103,4246,5866
733,688,4861,44516,30,1064,3699,68,15,75
215,40905,13,1,3606,16,4,4,653293,4,4,83,3154,302
1631,2621,3699,51,1911,33,3327,51,75,128,10379,13,7692
495912,5098,14,14,875791,49746,7221,9,9,9
33,2040,133,229,3699,36,6907,16,2355,1822
518139,2450,1004892,39291,285,641989,3181,644,884657,3792,436,4200,40,8569,40,1436,644
1706,30,3434,316,56,2271,2725,4333
1858,53,14204,63,858,9,13,2844,26,3211,32,55
678,9,9,35,417,8797,28,37976,8797,2,2413,8797,2,642,2873,46,7014
14038,231,16,61,320,2621,51,73,3699,15078,68,15,26,942,37
554,145,177,9490,39,13,125,2695,317,463
530,19384,276802,26,1560,130553,2159,15,58,2319,7781,26,46,149845,83,35,13,356,3116
14778,16690,365,2272,1,6703,1155,111269,18175,70858,6703,16212,7159,18175
733,688,1613,254,34282,7864,39,1613,15
16740,54501,4451,644
117,490,1655,21,156,450
11,60113,63,53,15076,239,148,1,59,92,15,186,26,375,455,5614,172,4799
4599,347,4703,68,51,11,670,330,530,257,282,92291,107,32,145,1425,191,285,282
10,143,688,3492,190641,125,325,8826,50,6374,409,17111,10133
195,414,254,1826,1,1774,1312,2413,30436,1826,1,1774,35,455,35,5883,1631,302
15,70,311,172,5148,75,135,3699,15078
9985,3073,35,22819,32,133,3981,17,110151,26,157577,20,20816,43991,35,530
3323,229,9,397,145,26,145,12091,48055,3337,587207,1989,9,84,124,35,445,4,48055,3337
5924,16,15081,128,64,35,2609,3196
733,3084,35,40875,4888
35,50536,2133,9925,614,894,115,61,9925,1,133,1
177,149845,16,15,26,61,38904,26,619,420,4370,58,24043
3053,16341,13,1116
296,29470,124,6467,2562,602,117,830,927,416,211,1261,2562
177,149845,320569,3327,260,903,36,1980,58,24043
177,149845,14038,231,16,15,2621
8569,2873,1305
221,6896,1,127,32,16,3694,14,4493,73,55,989,39,196072,14
10217,428,645,4,10,1113,126,73408,107,5504,1,824,86,80,6766,4,139451,35,92312,1
11,4088,2478,102,409,13,1268,14305,39,13
109,276,53932,37,3217,16991,2713,124,74,2500,128,868,17471,28,124,6422,25272,291,9
93,190,621,39,10553,37,200209,73,176532,2479,8358,152,9704,11976,1
80,17,71525,20,70,7750,85,58,91676,19409,26,350,2170,518,21550,1
129,16,782,363,8484,16,13938,153792,2162,75,576,13,12871,14,16,17293
13,151769,3678,280941,5319,4
42534,37,1265,4,46006,141540
5144,26,11,701,4,46006,141540
4,4,4,18869
17310,37,11821,73,33425,10987,1210,4,1570,33
19455,32,39466,46,13,271,16,845493,34797,3700,236146,14801,117,455,3116,1,1281,16,163,1024,393,455
225,177,2452,148,29,1830,3090,2195,148,894,29,1830,2195,156,9
269,37,97400,1283,249,2833,4,74,15,64,4,10,129,16,337,282
515,10609,552156,2,9908,30,2,4,2018,4,168,448,2
7221,10,989,51,79,78,252608,551,10,6962,1283,15,2379,352,8023,10,2089,33,16
56,635,39,153,59,56,2268,2586,2,558,127,4078,350,2705,36,4528,37,9181,7756
30918,45,61,13536,124,11,8699,30424,11284,111,35,24551
80,64,20721,4,15694,314435,4,99051,36,75,16,1283,37,133,30,79841,32,16095,13,61509,384,21
656,61509,234,5281,234,22829,9837,2821,2594,462,26,28
7221,80,276,163,894,1392,21,58,15
4446,5853,389
1272,127,129,16,985,99,39,43991,3514,4,18577,70623,83,656,6316,56,66
1272,127,129,16,985,99,39,43991,3514,4,18577,70623,83,656,6316,56,66
816,45,14214,32,30,3986,2206,16,872,3986,79,13,5568,32,7929,58,833,4667
4234,827,16,8223,656,153,631,645,1305,3514,291225,4,212823,660972,4,10,64,11,14604,16,18577,428
117,344,1220,45,3843,1393,35,43991,148
82,10,883,10046,653,121,38904,35,30808,3700,1659,39,4816
1048588,5341,13,1757,327,35,75,186090,1272,115,1757,5526,296,295,183,716,45,24411,580,35,656,352
80,64,20721,4,15694,314435,4,99051,16,1283,37,133,30,79841,32,16095,13,61509,384,21
656,51888,2821,9,9,908,2,116292,3514,2,698094
193,117,558,127,102,3508,1305,374,13,30093,35393
3986,26713,2821,496,52543,43,462
2209,424,462,37,172,435,337,15
43991,1444,91060,1447,1210,32,520,1849,16,515,37,55397,125249,16,171,515,55,277,12091,37,942,2621
43991,1444,91060,1447,1210,32,520,1849,16,515,37,55397,125249,16,171,515,55,277,12091,37,942,2621
1216,16772,133,172,4854,4,414322,4,1752,133,9,4263,13,892,9
83227,35,13,288,455,4709,1444,2,1882,1325,1444,2,1882,42162,37604,2,299,152
2705,2379,66,2974,1,11,234,4,76,234,4,76,28,1
190520,234,15433,215,11,6986,36,127182,130,35,187,116292,9,1305,87,35,2054,37,515,152,1305
14038,231,16,61,320,117,21432,175,70,1272,25721,1782,15,1012,295,468
5866,80,64,16,163,894,14,450,124,43991,14510,43,363,58,15
12153,5386,19495,197556,2821,66,2709,1,107910,4,4
2978,1104430,8980,1426,83,75,15773,58860,4,4,15773,83,18772,73,183,716,39,33
393,11,463,135,1893,16,785028,5408,66
107,276,3694,4169,37,516,13,1009,58,9542,80,348,64,111053,325,302,2660,16,497,35,1752
202,544820,19910,1443,37,11,559,559,125,9
12,2,1400,12
12,2,3128,3128,10874,11,16617,12
69997,1933,2858,35,686534
29315,10297,171,16,3906,1477,14923,35165,1298
416049,1580,5641,25534,66,833,10027,4552
15853,153,4106,153,11271,614,56,957,16,2054,13,2308,39,249,9612,25139,1,8570,175,32,30,6167,311,13790
164,15,70,3169,558,1326,39,399646,688,1,1
7221,93,59,11,39474
7221,182,1116,1,13,471355,46,13,271,316,4909,5957,942,16071
5436,5354,12,416049,32,2294,56814,35,13,2731,12,1,194269
6662,58493,96,125,2731,128,29497,16,47744,2731,194269,9
406,15,11,4624,4,69215,4,26,19591,122,356,3116,1
277,795,368653,46,14214,271,16,12462,38302,1961,1
450,1187710,7221,166228,1797,10,156,660
44546,270,365,18662,286,524,7221,182,5739
644,39767,35,461,10871,461
13,518,455,58,139,26,9286,148577
13,2897,12472,2007,35,4255,324917
122,356,9651,35,4770,317000
3320,22581,5069,5259,13434,3619,1493,985,16,7017,5508,46,3025,35,46006,141540
13,5894,149465,3025,32,58,8192,39,348910
166228,1231,59137,19428,1261,484621
17,2583,21144,4,20,26,17,12528,3018,4,54079,20
2621,106924,36619,432378,47703,106924,490,6671,32,520,491,10,410,45,32,44563,231
55753,120,177,125,1535,2321
55,15,407,130,35,2988,70,312,704,26,954,70,18711,16,1120,26,109,70,8895,1
396,148,46237,66497,35,8895,44106,66,43991
1,12,3825,182,14694,428,45,80,43,1,12,9046,64012
10,2093,58,2709,1,108791,1,109,1283,17918,16,18951,45722,8811,26,11147,1
78,214,45,1283,17918,16,11125,39,894,14492,350,76,1,351,1
70,51,7125,14,15,171,11,5895,16212,2050,66,13,16993,32,11,117,5948,1
18570,13,1068266,48,137,80701,13797,1,26,10,616,13,25811,39,12168,4,13292,5182,1
3909,124,12,38904,18484,12,35,218,3909,1
209,5990,71250,206639
10,186,180434,20743,35,13,1188
10,225,402796,177,16,1482,10,883,1012,15078,417,35,29,335,1987,46703,8980
26,13,43974,15299,35,4,1,148,11199,13,4640,39
225,35,5170,58,29,7091,255696,338,2193
554,177,9490,39,13,125,16,2606,20896,1
274818,953,22,31356,577,941,1326,577,806,577,22,3634,1,8428,1115,2749,65,7023,9
28,451,688,1,79,45,2002,1208,453,90314,93,4474,726,1,57992,38,138763,7857,1,26,24236,33,9,9
28,172,7751,126,11,101834,37,11,19746,688,276,56,1,6782,13829,25172,9
10,420,1778,1,10,858,2450,10037,15360,637,1216,1906,1,124,245,4392,3169,26,2644,11209
9,201,714957,615,2,1,24025,3991
177,338,2709,1,14
37,46,1258
177,338,2709,1
4232,11,1203,32,39192,4,211,37,11,5371,32,39192,4,844,121,330,32,39192,4,79,656,32,78,39192,1,12,28,656,32,330
1107865,159,620,16968,11710,1107865
272,1127,3814,11,48,7621,19527,3341,48,14,28,201,1,1113
107,226,249,2828,4129,108149,138763
48132
10,348,63,660180,4,2426,85150,26,70,27378,277,341,1120,1,10,39437,33,1002,1
495912,721107,383687,380375,6768,6658
1144,1144
122,582531,8999,35,117,3056,37,30000,6167,1
40786
32,11,2583,16212,78368,965,32,9837,58,14033,63,4,33810,4,270713,4,10212,4,899,16,487
496,271,1778,568,2552,890,285,6647,96,276,64,13480,53,2041,271,453
200,75,367,348,2368,7181
340,340,1,10,245,436,58,463,128,704,416,350,5546,35,11,11498,14,704,70,78,861,1
10,1220,13,14742,4645,128,214,758,393,2114,249,7970,1,32,33,547,14,277,5069,32,1313,59,6660,17
107,614,758,58,249,1778,2426,20917,127,521,5477,704,4,214,521,5477,20404,281404,1
1265,9908,28,88508,28,1822,15516,16,686534,675054,66
10,225,894
79,4,14759,4192,32,800,389,128,3721,21737,39,53,2041,1
128,4582,1477,32,11,115,126,16,716,57385,164,107,91114,133,381,329,1
6413
433,45,688,37423,3169,152,134,76534,4,60660,26,14317,293,3911,1
1144,1144
30,2953,1471,660180,26,153,1307,109,70,450,1
29,2828,2,28,42
86,32,61,761,5305,37,14,10,761
236146,86630,985,246
236146,99,120841,120841,1422,67910,2040
2419
36,1384,3981
29,1853,93,8255,663,18202,16,21,1,10,890,13,4137,1
177,338,16,15990,26,9612,4,9,530,381,125,56
15,4463,163,18447,189461,41092,1
660180,32,214,117,66,92,107,653,1
10,348,959,164,660180,416,4847,833,13368,35,13,2041,14
350,82,11992,597,185367,139,495912
5058,32,245,653,4,348,1642,1778
15,129,660180,16,574,14,164,15,163,32,21356,26,281996,138147,1,249,33264,70,65165,26,246
74,660180,8264,598,128,35,1,80,171,363,16,128,987,2590,4192
288,455,9,9,151649,98980,1502
15,10537,13,1144,45,32,107,425,191,3065,3399,965,70,520,74147,1
660180,32,11,17386,902,13,4702,39,87453,137,80,5756,35,53,1009,1,267,4,39,249,30077
1132,29,1542,5321,1,221,4644,51,73,211,16,5780,61,3258,5777,1
456398,270
200,509,2052,71975,35,29,934,199971,29,1573
74,660180,8264,4,240,277,1306,3526,128,56,51,129,282,16,1671,11,3526,37,291,14
940,145,16,14580,1,59,4020,16,64,620,2007,1,225,1,1642,4,23416,1,2367,35,1415,1,10069,35,33191,1
226,4,117,16,361,2080,92,13,10857,32,459,1,645,4,51,115,86,1776,1,15653,4,1802,21,37,24441,9
66,11,504348,1,59,4020,16,433,13,31323,51753,1,92,29,135,16,1763,13,14703,4,111,1,2625,1,55,126,14
634,25777,79,641989,13815,17531
965,5990,656,43,51,63,449,14
21,156,133,205074,1778,1,10,68,75,13,2348,5990,9764
141703,14,14
4,922113
1326,39,18628,16,5523,133,1667
240,80,128,56,1501,32,46,13,33683,39,6099,13527,530,56,5305,660180,393,411,356,1
4474,96,39466,375,1326,39,4864
74,660180,8264,240,10,2337,80385,133,39,704,129,687,35,9979,13,4507,99,53,1120,1
10,942,884657,2621,58,45,894,347
13,749,15,1356,411,78,16684,1002,1,221,4653,2572,21363,3054,153,37,1232,153,295
13,908,329,2259,7865,1413,26,2913,7865,1733,1
177,338,16,29,2828,5904,108149,138763
138763,37806,32,488,663,249,704,28
107,1199,4,79,107,523,315,1199,152,249,8598,3416,10596
2590,13,23400,9
1741,11251,18272,2954,35
107,93,1704,11,181,39,11,25937,765,29,6761,26,245,11,4574,2969,37,75,13,4013
83836,13206,10577,4,26,3325,85785
128,56,39541,39,13,7692,124,33,1400,341,35,4,245,2692,26,1281,16,64,7221
10,64,11,8164,45,32,731,28,132865,329555,13,6688,10164,4308,19695,35,13,1089,903423,684
29,2828,34282,10,129,53,34282,35,1981,1064
127831,40,5990,656,395973,721107,874172,154864
154864,225842,30190,1150562,200577,127831,40,395973,10017,10867,2669,115016,3700,199195
7736,11,670,39,130,2078,35,13,52180,2,16692,16692,395973,18756,484271,3787,4,214,17857,4,232821,9
8197,1
805320,53615,878,878,4,48138,113064,1231,495912,380160,12780,11,874172,9
2621,814,4463,121,13,89544,816,33,1302,35,438613,156
26,35,3537,922
2621,4696,520,16284,35,3537,922
9776,10561,70,145,7410,9,9,9
273,46,29,2416,1179,13877,83,47126,28,83701
14038,231,1273,631109,1580,8637,10665,5624,4,11,2930,1307,1916,425,1542,1116,1,177,37,15,49576,10665,16,515,295
38746,2200,270,628,270,4709,270,48138,7867,6318,40,1,237,3863,40664,593,18427,2621
816,28,794,1933,10891,39,642,53197,965,215,6865,24593,56635,794,2919,642,53197,965,1205,1933,35,24593
272,56,650,2401
10,407,6065,11,1653,509,496,3022,35,14742,17386,1,107,32,245,316,265,51,313,1
340,330,2209,29,32,30,2301,497,37,291,1
25351,338,5258,151649,98980,1502
859712,280941
166228,14
260,3260,833,39,2091,35,335,177,80,87,3726,656,214,66,335,1385,117
509,46,624,2311,16,6238,10202
38331,1090,4,3337
126,554,39,15,102,959,53,5526,163,13,258,124,3337,7942
393,1321,13,286,39,2621,6465,182,58,45,6658,34282,33,24505,399,3113
954369,120,9,9,9,11541
59714,746,19641,168648,1826,133,18133,35,2990,4,80968,814,13991
117,344,420,15,75,128,56,35,17410,9728,4,328,642,902
610,6865,10739,272
620,432378,68431,812
606,1732,16,163,45,10739,530
432378,1004825,1231,18020,250812,4,24591,7404,118955,410123,19428
2609,26842,29,1034,83,177,7187,122,2313
148,894,526,411,688,3113,942,16,210,51,174763
554,145,177,9490,39,13,125,16
6865,214,49746
547,2562,28832,894,830,39,482964,1134
229,32,4500,5892,37,57992,7221,455,37
1619,46,13,10233
2,16059,16,356400,58882,2621,37,13,1208,219947,1,1313,145,5889,35,71055,28,17265,4333,30118
894,2031,29,2437
543,32,896,13,288,410,91220,70,606,37,1,530,56,13,946,3269,26,50010,11321,13,1908,1
2564,8802,40989,58,51318,89373,16,624,3337,155033,201
2562,106924,681,432378,476070,2577,668887
715,13,9423,37,75,3258,2153,448
319,109,7817,3859,1426,9,9
10,64,190,807,53,1326,39,123011,14033,35,1255,3963,1
11,204890,83,99969,102,284,15,3991,4,15078,172,10506
9,9,9,280941,5319,4
847,54832
11,7596,26373,1006,576,13,1539,16,3770,13,6533,124,698,124
484102,34797,108149,138763,988,850046,14,14,14,124,11,108149,830,942,210,504,10739
2562,108149,56725,779
1858,11,122,14875,13662,2183,28,18640,3211,122,4,4
2621,7884,11312,1548,70,1271,127,31018,469,4,240,126,16,2031,12079,11127
3726,4451,4392,11781
610,476070
9381,338,5258,16,29,32806,10177,145,285,11,531,209,3520
576435,930138,894
10,225,894,2562
92,80,260,16,87,313,66,414322,79,13,2957,39,151769,32,1362,1,515,291,330,9,86,22338,9
13,7175,93,172,371538,5718,2731,93,172,8006,16,15,153,6058
559,290474,4,124431,133,209,26981,133,934
75,1614,4601,18869
547,1144,53616,6785
5988,19986,4,46006,141540
10,225,185840,16,1502,55,10,225,78,716,496,96,26,894,10,225,292,51,75,382,26,26,3090,26,29,5644
86,11,532,933,5645
20671,123953,1680,1467,58,16909,6599,9,9,934
10,225,35,16,235,291540,17111,273,53,149619,4,4
9555,1,79,13,2953,32,12663,9423,93,26,425,33,13,1661,6379
1144,1844,19581,312,7345
554,145,177,9490,39,13,125,3983,2621
269,1778,1,10,128,91489,504,5258,16,29,4,86,73,51,468,14,708,63,51,73,5639,504,543,1
37,16274
13,939,39,656,5497,4
80968,49,28,5012,131581,6503
6889,12378,4,29,2828,96,42,42,42,66,110,4,45,880,231,4787,807,32
164693,162089,138763,106924,542853
49746,2621,11127,9892,982629,35724,668887,1,41347,988,260252,98038,107680,193275,704
151649,98980,1502
8197,1
6922,352373,39,13635,9,9,19794
55,491,26,14746,228,26994,13,367,16,249,1298,26,68
6223,29,2992,26,4017,1830,1428,37,272
229,32,13,1661,4500,5892,37,8436,641,39
477,16,2665,75,70,29,2828
117,65838,29,2992,26,1696,58,1012,39,228,35,651
6267,404,257039
2603,13,271,16,4,2978,1,13,2579,28809,28,28
3606,10898,1116,16,5990
92,10,384,15,10,68,15,4,10,226,33,99,39,9896,1,10,226,33,16,5266,15,45,15,70,13
80,129,11821,1740,4768
23333,1470,5023,35,397333,28326,11936,18405,534,702993,27225,5318,39480,8551,116609,27225,17,20,126,559,13,213472,32,14
1745,1433,4,164005,534,22324,902161,1433,222320,82156,69,4,11936,1036,132350,1433,17,20
10523,153,101592,1881,4,1881,2888,101592,10523,75030,448,13101,172487,36108,1433,4,462,8975,59868,1433,2130,17,20
4683,25230,133,12145,16,10632,315,276,13,8148,39,1542,4683,1710,37,291,1542,4683
117,344,1048761,258,89978,68,51,11,670,145,285,29,1807,26,51,425,29,181,177,68,51
96,125,16,111,37,13,1542,4683,25230,35,10,225,55,2210,43951,12143,356,10,289,55,37,13,25230
365287,7751,39,117,3481,2992,245,67929,39,395,181
2527,12865,35,11,122,117,125,1638,115499,29,10403,32,117,125,68,51,89978
2267,1642,25529,75,128,56,151
6223,64,39,13264,48132,39,491,199,559,6785,779
96,127,163,89978,11821,417,6475,330537,46,168,75,14033,26,13981
1272,1321,89978,330537,39,168,8289,26,4655,39,11821,32,7069
2267,1642,38897,75,296,1121,6967,38897,89978,2530,41180,17,6967,20
82,520,177,38897,942,37,13,4857,48132
16,497,17,20,37,199,13264,48132
75,13,704,70,942,86489,3181,35,5014,3416,39
39,1603,80,73,11654,39,11821,701,214
35,2529,89978,708,3699,623
2,28,117,688,12780,4,3169,39761,4,504,4574,46,1251,523,181811,16216,6865
6223,65838,64,903,125,1696,26,2462
86,11,2644,15301
433,13,51,128699,68,33
68,1218,425,37,1174,469,35,191,352,163,7069,13,4655
348516,491,58,933,559
559,350954,1433
53,866,35673,381,4040
6223,65838,89410,32,2210,125,43951,10,163,13,2274,35,29,46006,17822
46006,17822,615,39,277,2274,908,35,10,72,49393
10,68,11821,866,39,126,491,147,32,520,7616,68,168,11,670,125,152,125
55,459,35,141602,381,330537,168,271,147,29531,168,141602,1059,11,1240,6475,634
547,277,2462,32,1653,14746,39,381,96
10,11821,866,277,2462,32,63,13,7224,39,75,6471,273,11821,273,102,10069,13,272263
6223,3161,64,11,2007,135,58,29,1696,26,2462,39,4040
898074,141474,2462,39,898074,32,7069,2054,7703,89978,4388,235460,377598
10,894,3435,37,89978,32,688,1394,39,13,356,128699,33,128,56,99,2462
149619,32,121,13,2992,11821,32,277,2992
128699,143,45,267,504,9641,75,3094,26,4952,35,13,367
425,11,29076,35,5990,758928,2162
11,2130,35,13,450,148439,124,29,1542
20791,58,7850,35,11,14305
5979,235,5818,1588
24250,1,24250
11,10746,45,9360,533,35,221,27446
11389,606,117,35,48,1745,48,3214
2609,1298,183041,610
316,56,11,520,5025,2195,37,21,53,356,43951,120122,32,18394,46,13,450,125,41206
8360,389,1302,9,9
92,15,762,11,5144,11627
24270
1363,606,85,13,1141,26,1068,85,13,3678,468,363,15932
830,25777,4306,348823,688,40,27004,446568,497725
56,39,117,7850,4,37,107,215,19216,13,367
215,59,248,3699,18829,4,269,11,670,37,13,1215,15,396,64,3469,291,718,411,135
148,8738,46,606466,144369,452689,1,875648,11861,1,1
4255,1612
92,15,226,48,3075,48,37,156,463
59,826,11,327,8980,4
79,47516,33,7443,46,126,202,1090,15,64,35,33,965,32,4168,15,1989,35,45,63426
6223,65838,64,11,701,125,2751,89978,701
10,86127,171,3175,2050,66,30,63,26,894,171,11,8968,229266,1,51,497,1012,19112,36,42493,66,516
33391,6315
10632,8129,10,1782,2040,149619,37,3113,26,7173,39
9463,876,2660,127,297,497,12085,520,128,56,11,117,8818,37,350,2053,1853,1210,1
277,121832,13817,28,172460
5764,32701,624,2978,28,435,1933
12204,105538,17,37062,4,12235,4,144661,4,54492,105538,20,2821,229,1,3514,124,2
264,13,68,17,34453,105538,20,3514,124,2,3514,2600,2
1261,13,181,35,381,135,17,1112611,26,54492,105538,20,3514,124,2
36,2937,1049,19379,9476,4,46006,141540
22086,83,46843,7692,3514,2,3514,2600,2
335,102057,46843,7692,3514,124,2,3514,2600,2
3117,2978,414322,1,234,869,969,1,276,64,126297,1301,1
36,13,8102,74,51,243,3337,4,280941,32,11,614,463151,151769
10,257,126,1467,10089,13444,46,29,4435,1,10,478,225,10
46,13,7433
12535,12450,7736,99,2725,35,3052
10665,12732,2022,152,12003,10665,1,162399,3030,54289,40409,39,1447,35,126012,208632,4,1103,1574,26188
619,32,11,11587,45,13144,488
3751,490,332,64093,1433,43951,39,2992,701,3173
123105,191624,69,36360,70,2370,6471,2086,180683,64093
80,530,78,959,164,80,264,685,35,13,344,79,1355,234,7127,290,28,48516
1121,260,11,5895,2677,37,11,164,10,564,13,271,4,126,137,504,331,14,32,107,8934,13,305693
17,566,54492,20,3514,124,2,3514,124,2600,2
2990,79674,603718,199,21746,334,1272,306013,6097,112496,32480,621277,4177,277
12,111,85,16,13,17928,4,987,7703,26,40998,13,8980,4,45,10,530,56,14120,58,33,26,56
335,102057,17,4791,960160,20,3514,124,2,4
148,20279,10875,214,35,816
824116,11541,1745,12219
520,459,55,491,26,2153,10,407,4728,75,37,1317,214
3699,610,16,163,53
6744,16,1696
18823,35,8980
140836,4869,152,6527,6056,2609,2304,416,211,6527
10,1304,520,202,39,53,4200,51,1298,520,296,26,1298,93,733,35,13,688
21,26,53,9701,934
1415,37,1573
1741,2416,341,35908
399646,495912
3702,152,13,1415
2258
177,338,24270
996,1273,51,64,496,74523,37,75,7188,1087,2267,183,32873,8570,74,51,4745,11775,4,296
9561,39,6716
1261,58,145,15854,26,414,24043
90314,20306,20048,58,833,6768,2966,433,833,688
518,80,497,5894,1306,128,699,1706
126,202,5894,35,3337,51,115,14,16
51,115,126,68973,1326,39,5894,2821,35,3337,14
589,75,4,5264,15,11,520,177,4,69215,26,23893,149845
526,139474
589,644,746,51,99,39,33630,126,32,2436,51,183,122,271,1655,37,5990,108394,75,13,209,4177,504,11552
620,219,10222,39,13,21671,7053,812,2896,219,312,2896
10,420,63,409494,17531
10,420,51,63,409494,17531
10,420,51,63,53,409494,17531
1433,2621,420,51,63,53,17531
98623,16,10050,19008
2594,1482,53,17531,35,859
4872,36176,110
10,420,51,63,53,409494,13815,17531,1482
420,51,63,53,17531,2594,1482,644
10,420,51,63,53,17531
420,51,63,53,17531
10,420,51,12906,53,13815,17531
2156,1482,53,17531
2594,1482,29,17531,35,61,859,1737
10,420,51,63,53,68844,17531
80,70,942,37,11,598,48132,17,20
716,61,3081,333679,152,32317,3859,2123,1,1104430,32,32,3859,2123,1,133,1
139699,74244
13,8181,10046,425,21023,1116,1,26,15,73
10,420,51,63,53,13815,17531
2594,1482,17531,35,61,859,1737
10,420,51,63,53,13815,17531
409494,17531
409494,17531
10,420,51,63,53,17531
409494,13815,17531
2594,1482,29,17531
10,420,51,63,53,17531
10,420,51,63,53,13815,17531
10,420,51,63,53,409494,17531
10,420,51,63,53,409494,17531
10,420,51,63,53,13815,409494,17531
10,420,51,63,53,13815,17531
10,420,51,63,53,409494,17531
1433,10,420,51,63,53,409494,17531,1482
1433,10,420,51,63,53,68844,17531
10,420,51,63,53,17531,2594,1482,29,17531
2594,1482,29,17531,35,445,1737
10,420,51,63,53,409494,13815,17531
10,420,51,63,53,2254,125,17531
2594,1482,29,17531,35,859,1737
1433,10,420,51,63,53,17531
17531,21
325,8284,1127,4,4,1227
7436,56,1362,43951,13,1651,1,4396,456,1,76,1,51,45
933,32,355,934
2941,668887,14
520,1216,46,573331,124,139474,4966
420,51,63,53,409494,17531
