46,11,1268,2586,4,195,65843,115,45,2918,3508,32,955,14,78,45,330,609348,4,79,10,225,538,109,1579,33,9
2355,4,2564,41365,940,35,9894,83,653362,4,35,7942,12,3532,34936,12,940
2554,9,53,32,126,18693,70,271955,1,6652,234,4263,219,150866,4263,1
39,1603,3013,1644,58,13,1215,39,10913,194979,26,13,1
147,260,30,288,135,1,17452,16,17452,1
18670,45,194979,32,11,10913,1
3311,28144,102,896,8014,9126,45,99403,629,1
1535,2321,1400,733
623,559,5901,318,66,1,3463,2806,229,16,4740,191,22853,26,10,855,610,271,156,3173,9,1953,235,7144,4,717,14
117,20936,39,567700,3986,2074,4349,68,24250,6376,4,71986,39,7315,158728
13693,32,46,3651,5783
32,78,16168,14716,16,27111,38051,341,46,1426,39,3080
7443,46,86,17685,33,1,24903,3986,10349,520486,3320,1,553,262492,3986,153,50896,7050,153,45047,337993,1
20516,4,45645,26,11,628,8102
80,43,96,58,4,124,11,33,215,11,8964,3211,3534,16,2007,120124
5892,13,4451,93,586932,1
12,5243,215,11,341,8899,4,558,127,1854,3252,3770,3289,26,558,127,1854,903,4,102,239,3770,242174,12
10,2718,29,17053,53,299,23485,284567,18513,4,58,565,7964,10349
610,4,565,65460,37,26930,40345,83,50697,4376,10349,897,9
879224,879224,210339,9102,4,13483,69,283286,7220,279106,9102,1
1030894,56,861,1,15,70,2153,798,78,16,8277,17452,16,30106,1
547,939,9,6811,125,1574,5189,11050,1,872,61,2067,11,20516,26,320,61,271,85,1
1078,13,1902,58,11,4088,39,14387,120124,39482,1447,58,11,1086,69967,26,11,547702,39,60587,1
17915,9,1969,13693,35101
343,21846,15,2,42
58,323061,151769,809280,47779,151769,35,8485,3981,13790,58
70,51,1507,1,375340,6599,73,6005,109,73,5990,6828,109,64,64,1034200,4
6058,628,699,15672,152,4327,4998,92,85544,35,2731,518,6144
116,23960,87,61,11300,35,11,7938,1,70,51,11,11403,152,496,1071,14,51,273,63,96,1
2799,61,5011,4,320,477,26,61,3010,128,574,2579
92,27111,16030,863,124,598346,962548,10314,4354,37499,26327,60350,288,641,15,115,703,615
73450,19135,7727,523,21,292,15
3726,39,432990,520,24867,7727,93,214,42785,58,524557,35083,688474,1465
1853,28,33,14770,41864,39,12,299013,833,2321,3986,12,1,53,30682,1
1853,28,33,14770,41864,39,12,299013,7995,3986,12,26,41864,39,12,299013,833,2321,12,1,53,1021018,1
175,1006,13,1543,1,656,8010,32,78,61,1949,39,2258,1,172,1853,32,18502,152,145,285,1030,172,1194,26,232,30,8818,1
386017,152,9046,526847,3053,11,2162,39,13,9540,209,2258
10,128,2093,70,22480,214,92,109,70,509,1534,7918,1,79,1585,128,265,228,111,124,107,195,58,265029
188293,6336,9
53,32,86,68,708,63,27690,26
243,26,3084,13,116863,39,14330,26,28538,66,277,122,2101,35,915014
11,634,619,34407,16,31173,61,3211,989008
29450,234777,99,46,2479,389,16,1963,135,58,29,16646,954,1,10,3089
10,129,16,722,118364,26,9
58,323061,30351,332,19677,580798,45,28582,182,520,4791,26,623
64,51,1220,121,11,60903,153,60539,830,14,17960,32,78,105432,239,74,33,32,6331,58,1188,1
79,37,961,554,739,9862,11245,196,64,4361,37,1369,38,3537,1
1742,8284,39,191,48,607,48,35,1174,14875,21227,35,96,1221,17,63,35,8102,20,83,3020,58,12,33,93,341,12
3337,32,86489,559,1,876,1444,63,11,5644,876,11,1173,1
20831,58685,1638,39,13709,58,5014,58,7609,24026,5014,98543,39,58,5014,587711,13709
15921,4451,1
337,330,1,152,13,271,15,64,6065,42814,18938,2552,46,48,4185,48,1,330,2159,15,26,2259,11509,18987
10,186,107,5525,85,11,17660,133,739,6026,39,38904,6743,168,9
18657,5318,385251,1433,2067,1,64,96,133,21,156,36,37,21,156,1,64,4831,11403,6761,9147,75,13,209
5708,11,2417,39,6063,208,110,16,433,96,39,29,1470,1614,337,15,37,744,29,3375
13,12620,39,13,17552,19823,70,182,3731,28,43199,83,2404,16,64,11,670,39,424,135,16,5734,46,218
357,5374,1,6432,3145,152,10,225,11,398,830,28,147,1588,36,4298,33,75,313,46,2263,37,291,16,44933,254
1305,525,99,168,1568,2704,16,87,11,38427,39,168,3145,1,3095,2054,118596,32,13,590,1
26,11,5967,5281,3583
2091,39,33585,4,336254,26,63644,133,13,17928,58,13278,52640,26,15619,39,1467
299013,1680,1467,32,110,11,14527,66698,35,277,52640,26,1924,1893,9091,2338
133,393,72733,37,642,2699,83,240,20671,2699,14
284,10655,1447,2621,16,56,8119,1,782,48,137,4308,35,1,126,12761,70,54293,4230,37,19252,1
15439,92,183,34016,63,375,1,87,254,61,31047,23530,1
198401,12136,7454,12642,198401,59,1613,33,1,329,2,2289,2
722,296,4,3269,3173,1,16219,152,3422,1258,1
66,15217,4293,35,117939,4,130439
1,33,295,16,285,241117,13,937916,58,1271,2704,4,26,16,3986,580,99,39,76781,14
4300,11,9713,83,87,11,1071,16,922,13,26370,39,4333,6307,4049,9
393,526,10,2565,13,1523,26,249,619,855,3356,1,10,8857,51,16,43,363,37,7864,1272,35,7918
20,1535,2321
86,32,664,58,53,15619,11783,14
890,11,3972,7922,35,117939,152,34986,31047,13483,1,1477,5849,16,409,14316,1
79,325,12894,41301
147,32,11,117,8067,5033,4,79,21529,32,78,168,1949,39,2258
2504,1573,36,22418,249,6432,606,393,1573,16219
58,323061,86079,139733,45,93,117,623,16909,63,18453
2554,9,59,598,31047,13483,14,28,160,162
149512,69,164955,64754,2399,540742,24207,13825,534,47237,499,20721,69,1535,2321,69,761587,40269,222066,123,29785,51,55,202
221,264,733,92,80,1894,462781,414,5990,7938
30,1249,83,30,1898,894,4,214,33441,43248,4,9418,83,225058,9
86,29969,231,701,231,277,490,14,30,6652,46,1051234,9
64,78,807,11,7922,13355,18427,13790,124,22853,28160,35,249,9100,1,538,175,73,1
86,425,615,148,14,284,11,273,66,13,2156,7617,85,1
2,4493,2479,6331,716,2313,66,552724
459,920,9,200,1482,61,1853,2471,16,101200,61,9226,26,2481,61,382,37,18938,2552,1
7200,12953,66,192155,35,12194,4,83859,1045,1290,12382
109,2404,33441,16,21,124,10173,16,13,500,1
9716,4694,46,13,27559,16,316118,39,50038,83,46,59808,4849,83,5693,1
319,1,26,6111,1,111,4740,33,133,1,9476
143,13,858,66,4474,47779,682,47779,28,325,2101,26737,53,435
55,46698,878,9,9,38542,24418,58,325,722,39,13,125,38,28,1,716,2823,28,6051,1
256795,13865,58,11,38421,39,25748,10,93,6721,66,463
88,1,33,32,49787,74,15,63,320,181,7404,4,565,11463,16,1596,46,4,6432,656,4,55225,3850,3850
708,63,11,8525,1193,2569,1,17,232,8753,33,1,20
9032,2572,580,46,1638,32,19275,1,406191,249,130,35,1353,43372,7467,4,32,19275,1
116,488,3378,11,12,833,17053,12,46,11,5967,17660,92,33,1041,16,1829
116,10,102,1609,1,10940,6336,4,4,827195,4,8826,26,79,6528
10940,6336,4,4,827195,4,8826,26,79,214,96
1034,5013,4,2210,344,16,15,9,9,64,11,2210,125,9,9,9,2579,6533,9,9,9,1261,61,125,9,9,9
20,608,31911,36884,3155
1442,1,610,9,9,221,2436,59,152,61,22565,269,37,6556,4626,1634
1442,1,610,9,9,1535,2321,152,2644
6111,4309,152,15145,14142
8424,148,201,78,214,33,93,6111,894,520,296,12642,26,7085,1,1613,33,9
66,23245,16379,779127,14936,4137,18253,12047
2861,13,6599
350,656,32,30019,117,26,25029,1,5488
58,323061,2183,157370,33,93,182,117,520,296
340,340,1,10,115,86,51,73,653,5477,1,14698,29,117,518,4737,13,38427,26,1
19831,3537,5641,80613,52695,30,16757,38,30353,38,89160,38,179640,3850
375,396,127,3898,8093,17877,73,744,116303,9226,124,3187,28419,123,31047,2379
1021,2007,58,1535,2321
52576,99,11,5316,219,1531,428,35,13,8449,2603,58,543,515,1,80,260,1535,2321,37,1124715
319,4,15,195,1,79,29,2725,130,2923,99,16,56,14028,1,26733,21,16,111,46,11,724,26,18533,58,145,9
965,32,61,777,6761,14875,14
332,2,53,14875,1041,208,133,13,4293,39,459780
425,37570,83,1072904,17081,83,12642,35,172,5096,4,32,62670,152,559,60436,6336
4,11,3845,14875,133,32,425,39,153,1140,9782
30,1113,13,3054,32,211,313,1,30,1999,39,116225,2465,1,34540,83,3075,35,24823,16,83
78,35,13314,214,29,1830,347,4,221,381,329,3599,18581,16604,6599,260,1941,254,199,35157,39,35431,1
1093,85,66,225,4,43,61,320,4,243,335,4,379,66,389,16,1093,85,66,4,1865,11,2193,133,398,1556,26,379,389,66,1
422,396,1830,3375,3463,254,2258,411,135,477,10577,4494,21,83
53,32,55,99427,10,171,16,553,7791,68,76908,563,1
191,102,8753,16,4405,350,13686,1535,2321,9,9
126,102,238,274,53,9,9,3661,70,78,2668,16,56,3469,1535,2321,1,9318,6376,507,110780,7265,37,3661
902,13,3597,148,9,15,1911,11,26778,2261,9,74,15,68,15708,9
10,260,16,43,45,148,1,1302,231,296,4,5406,152,41326,428,1733,1
22565,246,1,8122,1,1
96,39,13,38748,41700,121,27042,39,4,32,13,5623,18303,39,620441,45,70,12642,1802,1268,98614
891181,151769,26,151769,70,3173,807,37469,1174,469,16,183,271,16,13,3260,39,172,60828,32452
4,47466,4,4,13900,4,238416,13900,4,48138,4,198401,26,312756,70,39,11,117,14875
75,13,167333,13775,70,12642,35,50010,26,58,11,670,39,1823,26,33315,3469,16,13,32752
139,488799,28,568226,1036,13900,4,2183,26,14105,70,95616,13,325,3480,8637,13,13775
3532,4,17,933,31608,10115,20,4,184077,17,314863,20,70,11,802,39,381,61274,4293
25092,52894,232,215,18468,26,13,656,12642,35,228,215,21579,3211
13,14801,39,52894,87039,244156,39,11,5623,1077,39,25748,965,46779,46,13,27042,39,52894
984514,17,2034,8485,12546,20,70,894,11,3845,61274,163796,26,243,35,19170,120937
6652,2183,4,11,1147550,13769,5990,52725,4,32,96,14875,45,215,425,221,2896,239,1413,13,147827,39,13,1670
13775,133,1135049,27042,8913,133,255511,153,16,1078204,26,3986,12152
184077,32,11,61274,14875,79,520,3845,35,3577,9238,12864,39,3337
55,296,407,28,9545,32,121,31911,3638,28,43,1741,352,16,183,11,687
431406,2,13,449,3165,14875,26,13,2308,656,37,130,39,83836,4,439562,26,15931,85
88380,599074,2,13,449,3845,10403,14875,41223,13790,66,9400,133,73586,35,187619
86079,24799,2,5990,2790,39,5176,123,449,3845,1924,1258,656,1520,133,13,533,39,93011
1,10,232,64,16,3495,231,45,1535,2321,10,260,35,13,344
260,16,3502,99,13,8449,26,130,872,12669,79,722,33,1,13,3508,4,23204,26,10,260,172,1535,3333,1174,66,225
733,1,37,1573,240,14,196,68,16,163,61,490,92,180434,1006,99,37,11,5105
46,3052,957,16,43,628587,10875,175,824,164,175,32,11,13597,35,3052
904,16,115669,8420,39,13409,1,28389,38,186748,9827,32334,66,12,13,17660,12,5436,4,117939,1
3532,10744,35,1655,32,52870,8358,58,31976,20117,6331,58,23241
9782,47466,2,9782,14105,3325,8485,47466
2,32,11608,26,1617
2,425,58,30927,55797,38,253677,4,5402,4,5764,83,163282,1,33,32,8358,29445,37
2,11,9713,425,58,6336,4,163282,4,5764,83,5402
135,37,1829,3211
151769,215,12305,13,1155,39,135,26,32,148,6321,75,254,3337
319196,8525,70,11,397746,656,5948,37,1989,927863,46,13,111
462781,28,96,39,13,449,3845,12546,4,375,16077,100912,70,2821,35,1012,47779,38,1147550,10337
1030,11,2193,37,1030,271,175,9,80,63458,9,35,11,9
819648,2,449,777,2348,5990,14875,123,2091,6657,13790,58,16617,39,154336,83,70122
283080,2,13,3165,891181,1655,283080,32,11,4500,10403
13888,3479,13,12,27111,12
325,802,39,13,409,4,16928,9
357,33,32,11,458,3739,1,270,10,128,1261,13,4639,1
598,1076,39,16928
6652,2183,128,190,758,15,171800
6111,43599,58,903,188293,4,12682,26,230567,953907,26,225097,85785
12642,58,3843,24232,4,181580,3986,26,104978,4,740698,32,11,614
119504,4,4,151769,4,4,4,620441,4,4,75,70,172,16033,802,39,13,27042,39
335,12642,26,5319,61274,27042,71350,55050,4,58,5319,1655,1802,5623,30682,39,187649,6652
13,716,39,3843,24232,26,6599,32,24046,4500,239,35,1473,9764
2934,5990,371104,3148,64,5607,4,150923,16909,26,50134
24250,6376,63,3986,4,2321,4,28493,3075,4,163282,83,49986,497,172,1849,4574,35,13,5136,39,1012,148443,83,903,13775
2934,5990,371104,26,3843,25748,70,7884,33356,58,886,48943,18484
530,56,876,16,6652,5281,3145,38,653,5477,158448,83,12558,4,79,3337,5285,46,1,6310,46,294902
312756,736264,28,13278,50134,3075,4770,58,25748,4,6331,58,6599,83,67691,4,347111,4,13790,35,11,50134,7997
43883,312756,28,28493,3075,4,347111,83,12642,35,2579,37570,4,86900,108849,1,11,163796,133,2934,3337
9782,28,255511,12642,46,1983,1415,58,6652,718,24520,4,86900,108849,83,62670,58,2579,52730
17667,12975,4,33356,58,2579,52730,83,4770,83632,4,299195,83,12642,35,13394,7997
11,142342,9526,39,167333,656,32,13,20225,716,39,49986,35,350
1655,39,5136,32,367,3165,37,221,24520,7050,13775,26,6056,15854
61274,27042,102,56,153,3101,22425,123,13,2197,39,83632,102,71350,133,22080,16,520,171260
2934,5990,45645,38,15854,70,425,39,3986,4,312756,4,179767,55797,83,30927,55797,19142,58,39305,6599
238416,2183,4,48138,4,238416,13900,4,238416,119504,70,11,762,35,449,5990,18359
187619,32,3791,367,3881,37,221,26,1268,7050,78207
579518,26,48138,4,11,198401,14875,13790,37,2091,32,96,39,13,13775,45,276,56,26343,16,56,13560
2934,21023,68,242174,4,104978,4,3986,4,49986,4,28493,3075,4,163282,17,187649,6652,20,26,6599
208123,13900,32,6111,61274,1655,258001
45764,58,339322,12642,35,75398,83632
130067,3737,28,101224,35,39710,4,53,96,32,172,23846,2828,8637,7050,6714
6336,460451,425,58,181580,3986,4,392754,4,2321,26,6599
151769,58,2183,12642,35,75398,83632,26,731766,58,53494,1745,242174
1051234,202441,28,13,634,37571,37,13,3375,22853
202441,32,11,3845,2934,5990,10403,4,26,110,71588,1005,35,469,7542,39,3337
2934,5990,27042,32,122300,152,13,685,716,39,24250,6376
11,4500,18303,39,202441,32,7085,58,50896,4,8485,4,153,33573,9157
13,68439,656,39,449,39,2934,3337,32,11,18303,39,255511,4,25748,4,26,13900,17,30927,4613,5281,20
105950,7085,58,25748,4,168583,33356,58,83632,83,20267,52730,4,13790,58,12455,38,13394,154336
39,20115,108849,83,63667,58,3459,12922,55797,41501,4,2034,8485,16,11,4255,1871,4,13790,58,12455,38,13394,154336
6239,39,122,3991,297,76,807,1048769,99,28,191,520,6432,606,92064,1,1807,2031,10784,117629,21
5488,406,10,297,64,11,2478,39,45
504,125876,46,3161,93,13085,83,24025,1483,32,245,11,26842
602,29,777,6058,8531,58,33573,12975,37,1829,55,177,269,132350,2200
95616,60300,36959,10136,1,4,3288,20279,18083
164,109,66686,13,12721,507,39,13,1210,285,20361,13,90769,119960,14
3986,48,11064,48,802,9,33,215,145,1574,16,1992,83,31316,17508,4,75829,954,32,1850
739,11,860,35,5990,254,13,288,22417,1,11,86489,6893,1413,26,80485,39271
424,36,2579
7376,7376,7629,22853,1451,55916,13,72344,4091,4,117939
13,1258,242174,1925,39
2193,133,13,4091,37,13,634,16219
35,81846,3651,4
45,93,4791
13,1696,39,183473,4,4,54344,25748,16,15616,656,37,2254,66,11,4511,281,35
3651,26,5144,8815,58,9,6999,1090,53,9
269,16,37,28389,300349,269081,127,7929,249,9236,296,37,75,126997,92,6889,24006,39305,99,1
40168,13865,18782,37726,9476,5281,43599,58,13278,55758,78480
28,899,1336,35,3981,1471,26,37,1
1634,32,4357,21,2005,39,6097,16,48,163,48,13,14,9
602,11,6111,15269,39,13693,17,78,59,35,117939,4,130439,20
134,17,2183,20,13790,58,4,17,4
58,323061,375,251360,83,33376,21428,100912,70
1881,952,16,2151,35,13,1009,39,13483,1,8164,39,142507,37,172433,1
547,3211,39,2564,46,13,7220,328,433,53,2954,37,145
46,41596,110,260,3065,9507,66,225309,117939,4,96,311,1246,726,1,43071,26,190,559,9
3726,39,3909,37,21,32,3114,10,87,5678,124,1213,16,29,2689,4,239,74,10,7675,47779,590,35,4,143,199,1636
93,565,16,433,119,35,13,4293,1,249,48,25853,48,2412,31404,1,12,3566,3566,4,2829,13,878,12,83,3710,6671,9
5654,1206,1413,51,102,264,504,2705,38496,3114,82,2022,1413,574,39271,26,574,41364,1272,9,9
663,3532
18427,830,135416,22842,80917,1203,46,5990,21316,6078,16,29399,3337,14
352357,83,6111,5760,9713
10,143,172,1853,37,28144,105204,663,41813,9
26,277,16928,5105,3222,9
2193,26,37,13,1089,6290,12002,53,3375
1829,2,7068,26,30351,119291,26,6652,3986,1,1684,63,175,93,30,328,4,1468,1,42190,733,1
92,109,1621,15858,5959,12219,83,74,13790,2258,153,656,109,64,16,5463,524358,957,152,228
532,111068,6097,3341
98175,7951,124,3970,5144,11627,1,393,1
208057,10594,1578,1109,1069,37,1,4791,1729,1,1
124,9192,4,411,608,713,56,4135,124,12,12,4,903,14875,1
33,93,11,15525,9085,216974,58409
532,125,37,9299,1467,2193,26,5136,37,29,39884
530,10,1482,96,410,45,6743,14,13843,39,53494,47779,579,381,3161,1,50896,12975,1,953907,1,27019,1
708,209,744864,5402,4,4608,377,49927,4,8637,214,3599,13830,29436,35
4,250989,4,19628,4,242432,83,411898,5402,73,214,4877,27416,58,27635,35,5402,2799
71986,221,3211,416,282,1989,26,107,348,186,16,1078,632,1
10,64,407,53,1132,11,246,239,39,107,1684,6058,239,74,1493,590,83,3739,558,127,5504,45,33,93,78
10,64,407,53,453,28,1817,1132,11,246,239,39,107,1684,6058,239,74,1493,3187,1,79,590,83,3739,558,127,5504,45,33,93,78,6058,1
5402,14963,6075,9118,65058,83,5402,7292,10875,2978,685
12,2579,1595,46,253418,6572,12,553,99,3379,25921,4458
399,83,433,123,760172,128,17593,165889,1
56,54628,56,177
58,4051,12584,950,4,78,19418,655,11,13860,11,9867,35,1698,79,36,41328,882927,18306,260,16,15522,12,111583,12
13860,9867
13860,9867
133,22853,2888,234694,16,2888,234694,35,6660,271,16,111,2621,75,13,209
185164,312756,48,108873,48,58,7731,39,12455,154336,83,20115,7765
66,52894,11099,35,117939,4,130439
949,838,2361,20516,10375,37,61,1083,125640,465155,145,2,28
1949,2193,9637,12959,4,145,121,20848,26,9637,124,1213,124,2436,16,2823,1
58,375,189043,83,33809,329,109,64,53,341,171,16,409,231,48,28303,48,58,13,127
1220,39,198401,5510,124,21428,53,32,1268,1
5245,9,30,1,12798,13,12977,35,11,1444,14510,353,1,8776,4,4,1444,1041,83,147,12332,4,4,9,33898,9
10566,19946,163740,9850,14875,75633,2518,1,13,411,1221
9535,16,13,14737,102,56,540,386580,1,43,51,186,8160,128,56,2821,37,13,10233,26,477,3619,9927,14
3075,38,18705,38,14698,9652,71912,72748,66,104815,11619
393,1829,260,2644,26981,5994,17,4091,2007,125,35,117939,20
24190,16977,158366,103320,13101,4,12390,69,12390,773850,5967,16,424185,67449,36933,1
395016,1530,21408,4,4,273,117,46,41661,8707,4,1530,187,38,576
161602,117,5402,9923,63,411898,5402,4,19628,128,78,265,51,313
14313,437,24190,5967,13101,1164196,6471,1
13,367,32,61,50423,4,78,172,7439,29318,1
37,191,3041,46564,32,11,16274,37,447,550,260,3211,39,2610,6660,39,14
871,1,259,32,11509,16,16829,172,6249,489,13,1188,26,1763,33,1,85497,32,11509,16,78,1851,33,92,2707,1
74,10,13444,35,53,820,4,10,128,56,13,82708,690015,15,53,3375,1
2268,7050,14
3972,16,16792,619,240,2812,190,3972,16,2731,1,722,6058,6263,965,78,397,110
1261,20516,6263,3339,83,1826,1,38,28,1043,7220,626,2259,626,92,78,35,1426
6828,11,10604,39,28068,9
3050,32,33,11,1444,153,1535,1444,14,14,14
276,80,361,1531,19474,14,2477,16,13,5281,4649,1,350947,32,13,170981
269,80,75,1613,13,2193,29445,37
69707,489,7098,10230,11,10739,39,28570,4,9678,4,14387,37,504,14089,39,1083636,236,38,214,12644
11,2055,8707,26,1826,32,75,33,1595,16,56,48,18830,48,424,39,14502
3362,175,957,16,24043,26,15854,74,11199,60,299,110,1916,1006,489,9126,74,1307,285,71,299
2,12,12,27111,83,3292,17276
598,2279,6599,1505,2812,133,78451,1,18257,6047,12378,1
43,78,5508,12301,38,15854,35,61,181,4,8570,13,36681,196,111,16,598,2197,1
5044,3981,133,13,2521,1,86,11,6017
13633,13693,4861,6293,39,1535,21198,13,790,126,32,33,2436,66,8562
13,10233,39,29,2725,32,1145,812,9
18247,62957,534,2831,36720,107988,17961
239,10,225,22425,4,26,10,186,28493,3075,32,13,1971,6762,39,15426,37,291,9
375,523,37,172,18829,16617,39,26,1745,10746,65146,1
58,323061,30351,332,19677,580798,45,28582,182,520,4791,26,623
1,133,30,12235,16,156,202,39,12235,1,10,420,4,74,39,135361,260,248,9175,35,1471,1
8067,1426,1041,133,27427,39,8699,10184,4,1555,10184,4,30077,83,12362,4,73,83,199
1531,2654,15343,78,16,22167,7050,38,10577,38,3843,11701,99,39,42009,4,3157,37,2572,2133,1
70,425,35,2875,9862,13,326817,70,10311,46,2500
5488,24313,2183,7727,133,1753,152,13,58
48,245,2258,135,48,35,9,26,375,70,13,634,358717,1,392
355,615,37,5281,6714,53,1480,25507,26042,59938,111611,1
31052,4,18910,2183,26,7026,9,2540,516,16,125,1
48,2909,46,5281,18951,1785,48,28,201
2709,1,515230,4,824,11,7617,1,12,614,4,614,782,1,163762,3579,121,163762,2,42,8653,42
6652,9754,7085,58,13278,9299,51277,26,43599,58,1467,171720,61052
80,470,277,35,13,100706,39,22616,26,277,66,13,3965
33,32,63,2787,58,8897,35,13452,1
10,651,15481,35,13,344,1,43,15,14,1
10,16582,1240,44455,127,407,989,168,19940,797,168,5281,36,6652,123,89562,168,7670
9157,28,9157
59,63,45,44048,3702,14698,40227,4,117939
5853,125303,9,11,13483,2579,2321,186341,58,11,1467
87,579,42026,9,1246,13605,83,297494,2193,66,9
32878,4639,32,11,634,2541,1443,37,130,127,129,16,416,12644,35,525,1
66,80,34263,277,271,695,13,61778,1,11,177,9,62,2700
29,4458,39,26098,30131,7749,148439,137,2324,35,47627,18686,39,1627,26,2486,254
1925,16,56,6721,313,13,27427,389,14,3323,16,282,53,973,66,14
2621,12965,46001,112522,218,2888,1,245,26842,16,433,61,2218,46,1505
1858,13,148,66,11619,1,260,1012,47779,26,682,47779,4
10403,33155,579,26,42252,16,6724,568,39,1,83,37
260,1006504,635,67793,703,3111,4,836087,196,64,8016,33,83,1728,61635,1
5488,5488,5307,12079,9442,32,110,784,9,37,57910,1
21404,133,172,2725,2007,5338,3173,5645,11,670,16,56,50562,26,504,2725,32,5879,92,13,2007,5338,102,183,22853,21404,1
3936,169731,13989,27041,147578,58,620,370,539,7617
12,11,16617,39,2342,83,1299,32,86,15,276,716,4,79,564,785,86,17767,15,129,16,56,6209,46,12,814
29,6063,70,46,45233,87013,78550,75,918,46,228
9143,3514,66,11452,2465,7457,37,9316,5386,1
863,6896,2465,4,10,93,397,462,51,396,655,80,73,211,16,10379,15,76767,14875,4,79,30,96,1127,750,4
64,10053,11,670,39,12669,17,152,29,10616,20,35,13,288,1086,455,1,128,56,468,341180,37,13,411,455,1
1078,13,1902,58,1535,2258,66,4091,2007,125,1
26,55,13,724,6194,1643,4,656,4,16219,4,379,4,703,28,75,46,29000
107,93,11,13989,97497,124,880,124,10,102,16582
739,11,177,674,16,56,1579,1,59,143,568,48,80,292,15,48,3456,133,69057,26,24278,11159,1,177,730,9
19831,276,3963,2579,4466,16,14392,10314,39,568,5070,641,39,3093,123548,1,518,4466,43,78,41534,55964,16,13,31362
79287,1829,19447,66,1826,1,38
13,518,47936,16219,1753,152,13,58
812,44699,70,34171,39,31021
58,13,4373,35,13,3823,72725,35,5079,4,31490,64,19633,11,2579,1076,39,46719,37,254656,1
102,15,10843,550,14,12669,656,32,13,8776,507,39,8637,2254,83,13308,1
143,4169,83,954,2368,6099,11,4791,2078,5648,16,11,16411,3731,56281,322837,32888,61150,83,7409,51590,1
4578,53,10855,1925,16,56,75,6224,35,13,664,791,214
5990,1301,957,5494,1447,16,183,7791,28,201,1,6039,3337,1
77143,10,129,16,115,4530,496,8851,82842,196,10009,46,61,8536,5678,125,12602,153,128,2183,99,9,9
36646,46,4343,4639,26,126,16,2833,558,12,885,4508,12,6123
302,32,245,175,16,26842,15,35,13,2053,39,11,320,125,1
1305,1283,61,30,1,2461,126579,802,39,11,1868,39,43300,32533,79,6331,191,58,20090,191,663,1
35,469,615,4,48,8811,78,6475,11,9862,750,4,32,802,200264,48,79,46,33,1
124,13,13687,290,11,415965,768,39,673658,415965,8004,1,56324,207317,20869,99,13,1210
8146,45,1447,133,583922,93,166598,16,13,3570,55,130,297,64,11,2055,8707,9,93,33,11,547,343908,14
209,49268,1079045,35,13693
74,15,87,1534,13,7918,39,375,54371,4,1739,33,63,15,6682,33,1
5785,525,4,9507,83,7127,525,4,942,37,13,688
685,46,181,26,3339,82040,53,4246,58,11,2417,39,1188,58,191,6063,35,33
80,70,1281,16,64,704,63,15,4,416,602,61,777,44646,12172,26,4263,44646,68
11,6281,1873,876,94813,63349
3699,109562,172,20267,574,66,5696,1120,223314,48918,1,187,83,210,7067
3362,175,175,377,568,8721,39,7756,2,10233,12721,2197,7756,83,7159,878,7756,1,32,18723,2969
31186,794,122,17082,7173,4,79,126,290,13,640338,529,31669,320,37,38,1493,13,450,14,14
59,13480,85,29,2669,9,1969,29,584,43,9,10781,4910,9
22853,1
71986,66,96,908,15,102,3211,26,1261,1268,300228,39,367,1
820,10230,575
589,34940,15,121,29,1203,4,1089,48809,3337,17,278571,20,1,74,12455,196,56,5680,37,11,3053,1
6515,1,23506,37,21,32,950,6099,11,12669,543,13,7484,26,4428,76279,70,316761,147098,9
150193,16,20743,2579,80916,37,201
507432,18405,1777,813746,109746,102642,84780,6058,32452,813746
37,11,414,258,127,1280,37245,26,32541,277,9005,9490,46,11
3936,169731,13989,27041,58,933,7617
92,51,30573,375,4,152,240,15,106287,10731,3286,196718,35,11864,39,5270
4939,35,31854,14,45,156,92,13,9696,93,99,37,11,5105,14,14,8952,36484,152
66,24278,48,11159,35,117939,4,130439
2588,2479,14,80,70,4887,58,11,6600,1,337,15,37,2269,1
11,672,797,267,7855,3721,16,6832,46,13,3651,1494,26,902,16,6832,33,231,1
1203,1077,74193,37,53,356,32,53,6111,6241,19746,4,198786,1,938226,26,477,16
79,311,11,12482,4,145,11640,16455,4,80,614,31546,13,31047,1086,133,277,16455,16,361,311,11076,1,56,1
4163,8443,16,38496,2,2971,59478,530,3663,299,39,59478,35
357,4,15,70,22853,23691
451,9,118,22853,2406,157
92,1272,436,121,47779,656,26,10,87,198401,151769,231,29,651,9
416,42162,5402,66,4550,53,152,11681,161408,93533,26,319023,22873,16,1447,1659,39,36646,46,9476,1
223040,69647,4,2183,17294,26,13278,37,1573
7922,2465,32,7884,11,47237,35,3337,79,245,172,23482,3117,9513,46,7922,26842,4,32,96,39,228
3289,118377,28073,352674,1,10,129,200993,3343,133,191,1927,417,949,1,284,11,26188,1
86,13,203,32,664,58,53,31047,60735,2478,39,185,14,56,53,4151,127,32,1591,39,469,1272
1006504,32,11,19252,11864,51,8423,1,15,129,16,1411,558,11076,4,1411,61,153,45,58808,8133,1
111,37,11,19252,412401,72789,110,1,80,171,11,2579,4371,39,396,30,19831,4,30,19252,1,59,43,33
80,75,115,86,39281,43,35,15619,1,348,992,61,1729,451,14,824,75,13,3196,51,128,87,35,53,181,1
1647,4,10,64,260,156,554,355,16694,58,11452,4,1089,41988,4,16,264,6675,45,6013,215,22795,1
861,39281,1,116267,4327,332,220680,103320,13101,24190,4,243,949,16,20052,1,48557,831,1
30774,126,196,51,63,74,238,32038,15619,844797,14,61,9612,27009,87,16,1915,393,45,14
15,70,459226,16,61,31047,60735,1807,1,74,51,1411,45,4,51,73,78,172,6800,1,78,750,2305,1
13,140289,1069,7670,673271,11793,70,13,642,2699,83,240,20671,2699,74,3302,111,85,86,14
30,1,61,15619,307799,1,45,128,43,37,110,1,894,5957,2263,51,17165,1,1345,200,1,68,16,782,33,1
35,554,7542,39,13,367,4,656,32,78,13168,35,798,3726,109,171,16,21151,46,21939,26,7050,4,10,186,1
4151,35,172,9537,4490,51,129,130,16,5957,121,16624,8164,14,86,195,51,43,35,15619,14,384,291,121,33
43951,2579,2414,32,245,341,17,30024,2579,2414,4091,35,117939,4,130439,20
248,172,1194,26,13,1455,32,232,78,335,1,6896,2465,29450,1,80,70,22029,16,1455,10791,110,1
45792,2007,26,933,16516
11716,1908,6657,9
66,237638,12079,28809,35,117939,4,130439
221,83,1750,78,16,68,121,39482,14387,2258,14,3211,33,66,277,2101,148,1
13,26526,3175,6123,26,102,182,43,18820,28
389,27155,93,1268,1,61,35874,414,6796,32,59,4704,58,21,1,64,11,17224,83,1556,644
10,521,121,71582,153,15619,1,361,24026,695956,58,16741,279625,1,86,32,61,364044,14,177,110,14
61242,15,226,1012,70,5488,26,80,64,122,6997,37,965,1206,18765,530,56,282896
74,33652,4586,7670,114318,183,33,635866,86,1776,199,5281,663743,377,15149,46,36450,55591,14
10,195,78,1,782,13,2677,453,51,3106,46,21,1,10,348,521,121,15619,1,3337,32,4704,58,695956,1
10,183,96,2186,121,15619,83,33,80973,13,15157,1,29,4490,32,58767,844797,37,1698,110,4,83,51,564,291,78,16,8000,14,610,1
44760,1880,37,2586,4,2586,12629,4,2586,838,1477,7158,9637,1,1
116,473,930026,1,30,40862,23240,1,10,93,59,2329,66,45,635,127,93,1432,21,1,178,538,15619,215,117,4830
12,13,19252,215,220070,13,18484,39,1031037,12,407,29,531,1,12,79,127,4745,13,39358,2913,12,10,1728,1
19162,7318,16,43,22080,2419,85,4,239,124,13,6051,32,397,12642,1
10,407,10,63,11587,4309,26,110,10,64,11,414,2417,833
13,209,53057,26842,26,13,1232,2007,1443
4,6331
30,5849,4,33,93,37376,965,12100,16,183,45,115232,1251,40453,16516,28
267,10233,32,245,48674,46,13,469,1258
4737,6063,32,3251,1
13,17962,39,13,12939,1535,4,2477,16,4802,16703,32,18951,13,860,9366,16,4373,4,297,56,91046,16,3337,1
26,11,232,11,32873,4,284,33,58,11,27094,39,9351,33,713,78,183,33,16,13,781,4048,39,529,146
10,72,18351,58,43951,10482,183,21,264,45742,974,2579
96,215,16,516,58,11,14888,1447,33,37,220719,83,145,18484,4,145,20373,4,7756,11,463,6261,13852,9
507413,85,11,833,10667,39,6179,35,53,838696,2713,1,74,53,1006,46,37,598,1194,10,713,14203,13,10667,1
17,82161,108791,4,145378,4,28,48,20,794,8016,152,1249,148
221,135,16,64,363,1216,133,589,28,2258,8102,2040,133,1826,214
240,4,200,111,3116,26,11127,172,6249,1,265,21,782,1
32,863,15516,11,6021,11627,329,249,6866,239,393,16095,250805,78,6465,296,66,76,1,50,1,13,3379
87,172,6249,5892,1,61,850,119,1135,99,37,125876,44896,46,218,1
102,56,2445,11,30001,26,55,80,18325,53,1216,96,46,277,123,1494,4,2579
10,129,16,10536,71582,153,15619,1,10,813,51,45,1,10,436,121,352,10,129,16,436,121,1,53,10888,14
10,407,10,374,11,203,121,232185,153,15619,1,51,348,64,469,1272,35,181,153,86,14,10536,53,58,282
29,3432,32,3173,9810,2057,152,1272,127,73,11305,152,9541,83,946,1,232185,83,15619,73,78,1363,29,135,1
381,122,3009,32,16617,39,518,27376,1
1261,61,2828,9837,58,6111,93222,26,13790,46,40168,13865,150036
92,13,199046,8854,35,46,11,730,3431,4,15,1853,11159,66,320,9,296,126
116,9,2074,126,1709,32,1,153,717,660,16,6647,191,18938,2552,16,99311,2259,409,35,15819,14
30,96,183,2579,4,6111,26,16077,1455,99,39,53,367,964599,1
396,28,361,8772,177975,9713,16,3337,83,1330,191,3169,9
30,1113,109,73,39281,1,2153,1397,70,35,71582,2305,1,15619,32,11,295,2790,39,217792,1,400366,13101,310956,5318,109,1574,37,33
10,1836,115,175,93,11,15619,35,148119,1,109,70,258528,39,16741,31439
92,172,457946,61,1076589,4,61,414,5752,46263,99,58,4898,1
1385,103591,74,1317,9309,20721,133,249,7220,79,78,13,450,58,139983,1
36844,37676,1,33,128,56,22490,563,1
59,11,2215,153,11,448,462,549,654,15,109562,277,6111,35,13,9420,39,61,335
245,3508,6432,26,6111,12546,381,3375,37,21,1
238,800,407,45,74,15,2117,11,3532,152,221,7724,16,14382,11,3341,4,33,128,2215,28
58,323061,185164,4,84578,4,15543,13552,58
221,135,37,191,6432,2261,9,1151,35,66,2101,35
277,17719,2193
19252,4,15520,128,64,16,1208,11,16071,4188,39,15552,37,13,411,6660,35,65892,4,13,122,1757,32,11,24964,11608,36,1617
13,619,32,335,26,10,102,832,13,1043803,6586,16219
13,27111,215,248,11121,46,13,19500,254,82663,1,147,6966,1925,16,56,3050
30,1087,126,1732,15,1671,245,48,48,61,720,30351,1659,39,4232,121874,96,26,245,1465,2579,32541,1659,39,4474
200,2481,61,382,16,6647,18938,1069,26,16,5728,13,7166,1290,46,16,61,1853,2471,1
200,2481,61,382,16,6647,18938,2552,26,1290,46,16,61,3077,16,5728,13,7166,9
39134,2529,37,61,3054,14,30,1210,4,80,143,33,8016,1477,96,10087,1
16095,221,608,1,44760,1880
16095,221,608,1,44760,1880
22388,641,2,11,1216,26526,5456,35,11,26
111,37,95520
74194,13483,28146,125,77376,124,11,3583
11680,9,525,99,1750,35,13,28,2258,4,2007,83,449408,9
463,455,26,239,2301,60036,1,191,1504,70,59,11608,28500,1
33,93,55,559,45,29,1083,113273,39305,85,26,10,72498
23144,6852,3902,8913,4,16767,49,384828,2321,4,1083,6652
4417,3902,89386,4791,1425,2321,4,4417,3902,1801,5150
4417,3902,89386,4791,4633,22034,4417,3902,2767,14857,1083,6652
229,32,29,177,46511
177,16219,392
70,33441,15007,182,3945,16,11489,285,6284,15007,14,11,5957,1915,2
185164,4,6432,26,2183,151769,1,86,645,43,15
200,1482,13,1853,2471,26,2481,61,382,16,6647,18938,2552,1
11,7617,9,45434,3853,39,1251,58
2153,920,9,1,200,1482,13,1853,2471,1,2481,61,382,16,6647,18938,2552,1
903,920,9,200,2481,61,382,16,6647,18938,2552,26,1482,13,1853,2471,58,291,1
15,722,11,37089,3597,4,58,11,1455,16997,35,1174,1425
225,10,59,302520,46,18462,153,32,33,59,11,4534,71,17997,23868,229,60,410,14
111418,83701,99,46,11,5105,1,110,249,203850,70,21544,16,13,2200,878,16,1093,85,13,411,108394,16,1
917,2,111418,99,46,11,5105,9,708,63,530,171,191,4739,46,249,271,119,16,13,2200
111418,83701,3140,10647,16,177418,152,211,37,5105,1
117939,382,4,329,43,15,872,18314,20373,26,18484,133,14
55,4,12,2308,677924,12,64,4020,580,20151,16,15,9830,14,2257,4,10,406,10665,260,21512,72812,39,31047,1369,9830
27166,8525,99,156715,9526,16,1482,5925,3814,13,2376
9944,66,335,9
341,1503,9,200,2481,61,382,16,6647,18938,2552,26,894,1482,61,1853,2471,58,291,1
133,48678,16,2,17452,110407,35,3337,201
66,117939,1,1853,6536,1,30,35,13,5319,1,87121,46,6202,1,1,164,4048,18772,74,15,1301,6373
11,2644,2215,9,200,1482,61,1853,2471,26,894,2481,61,382,16,6647,18938,2552,1
5369,221,78,1188,113493,4,10,196,232,111,175,59,16,64,221,20575,10655,2258,1,2289,2,302,1
2193,32,1664,126,264,295,269
40459,61611,19695,22,274173,83,41396,19113,7144,11198,3053
4578,9,15,5862,396,9,10,2093,563,4,11,520,6963,5193,5456,1,79,13,30721,70,271,156,92195,1
2183,133,261965,9,1753,152,13,58
97953,12182,3981,66,54561,11452,3054,1,54561,11452,3054
135,16,868,254,11,122,17660,1,58,29,1248,56,16740,18053,1
6202,449,39,29,275,16,1811,21,267,61,50616,26,31047,23530,38847,21,31633,1,420,15,5189,295,884,1
12,98146,12,32,13,38427,39,13,1,832,13,26205,152,229
37,199,135,1541,4,10,12306,433,1426,5781,36,2947,35,1822,39,961,65375,3434,76,99,37,11,5105
13444,35,13,1966,18910,32,229,16,53175,15,9,588852
25316,42824,796,393,5441,96,119417,39,31165,9
53711,4157,2248,58,1288,127,5189,88346,31047,884,83,384,45,350,23530,1041,58,1299,13842,1,3222,1
26,126,43,15,64162,61,4490,4879,152,14147,16,78,1208,37,1299,19043,14,15,614,56,1116,39,61,31047,23530,1
9143,3514,66,11452,2465,3445,37,9316,27035,1
55,110,128,13,4493,5508,75,5281,63,109,195,37,11,3845,12172,3258,14
857341,46344,1036,1312,80,143,191,2579,857341,26,11,1086,4953
812,2128,83,1422,4186,56,29,111,16,10739,37,320,26,53,24130,5341,15217,607,32,59
164,53,23960,479,550,14,9309,85,75,13,615,2954,1,175,73,654036,311,12516,127,16987,2972,121,1
2523,311,1076,37,13,6689,39,5281,14
656,2669,4,1829,58,2992,26,199614,20516,23056,369017,9
19252,67831,17552,28,393,4847,8573,39,8699,3599,16,1384,7016,14,713,124,296,462,3986,620,9
6782,133,1,20516,628,153,5069,2713,4,6104,504,540,1
5488,1,211,3007,9099,148,1
120224,1,68,33
10,68,6097,58922,16,574,3586,4,1443,58922
48,690918,48,35,5281,2,239,13206,13,716,39,64750,4,79,291,4,3337
2259,635,9,538,191,5196,813,127941,45,13,216841,3341,215,221,12721,35,13,3570,216841,1
239,11,3532,102,7638,311,2707,4,74,33,2929,221,1966,1148,1
148,12219,78978,28809,117939,1313,299,23334,83,2668,16,12462,32815,35,12885,79,30,1793,1028,1081
504,2465,32,656,197,4,504,2465,35,9881,39,34986,1535,2321,153,8964,6376,32,2517,1,295,5270,1853,229,1
3269,32,18481,17,1301,20,4,96,102,1443,66,7918,17,78,2436,35,35101,2477,16,8058,20,4,15,102,722,66,3376,38,81855,3991
32,33,13,2274,39,13,15641,153,59,13,68,37,8485,656,5780,2401,63,53,39,15641,23691,22853
1894,23866,16,61,18176,4451,58,11,13038,39,215613
11,81281,1394,9
8699,10184,11,520,9542,1221,29445,37,9207,563,24070,3117,4,145,19247
126,290,45,64,631,16,43,58,1012196,153,39,4694,14,225,10,1665,363,14
563,10,225,75,37,30516,60480,36981,83,663,2590,4,10,264,3716,286,32,254,13,607,1,11,2275,68153,37,16928
35,213280,276,56,35,117,3211,1,45,3716,286,2404,16,56,35,117,3211,66,75,1
66,13,20202,7929,889451,11099,543,4,8464,1
13483,12240
79,13,3154,410,32,35,355,3211,9
610,9,10,462,33,49867,1343,79,1570,11,12,15,11669,29,119,4,10,11669,1651,12,4,3612,1
433,99,13,86489,3181,39,718167,9,4740,504,9471,13,9471,73,833
876,16,56,34331
55,826,191,21643,35,355,3211,1,1121,1,59,87,46,58,33,1,164,32,175,739,11,1369,352885,14,2442,37,12314,14,53,32,816
2259,13686,9,40252,83,896,20052,145,852653,285
32,172,14275,295,285,11,17251,37,15149,153,32,175,30,2953,14,11284,85244,28,61,3056,14
10833,39,311,172,2,15,87,16,3211,11,122,16709,325,9,1,559,48,36,48,12682,4451,62,2700
92,199,1853,6394,335,33,93,145,63,11,15481,78,172,1535,2321,1,239,93,11862,8010,13040,1
88,1,86,13,13809,407,1012,746,1,30,65369,1,295,16,78,12462,1535,2321,6376,74,15,1
19612,19447,32,3713,285,51,79,107,32,145,285,51
17251,215,203253,26,102,9944,1,64,248,15149,35,13,17251,3996
5607,13483,32,229,9
10,129,16,9944,2183,38,3532,1,10,761,14275,32,295,14
45,8016,1477,788,4879,1
215,122,90778,74,957,152,352,128,87,53783,12242,18513,609495,9368
1659,43,525,13,122273,39,61,16269,63,15,957,16,525,453,1,1574,42534,234,55,110,15,87,12002
66,5488,5488,5307
83,4731,15525,57897,31957,370446
355,35,3211
73,80,653,5477,199,1582,39,14218,12382,655,1511,11,1086,1698,1371,153,32,191,27444,11452,35,199,2133,1541,135,14,14
3463,568,2627,35,172,11208,750,30,5883,133,558,127,14204,121,11,48,186383,145735,48,11267,974
58,323061,151769,809280,47779,151769,35,8485,3981,13790,58
11236,455,183,21,289,574,35,566,26,1443,2258
152,13,271,30,341,96,37,28206,58,355,23883,1,79,3211,39,720,8521,48098,950,692,10,186
172,14275,1729,313,1,10,64,190,11979,11,17251,92,33,1041,16,15149,1
28,200,515,148,12219,78978,28809,117939,32533,124,31814,93,2668,16,12462,35,79,78,12447,5316
1057,4,10,186,5891,520,520,6331,85,1,75,10,407,93,45,33,93,3101,240071,1,75,1
86,10,63,121,1135,29,119,123,13,1144,45,10,115,13,7457,32,5607,38,1362,1,13,268381,70,19969,1,13,7533,2929,21,14521,1
94813,1155,57507,37,33725,276,56,520,17248,1
376882,32,78,16,374,4139,39,191321,2311,4139,124,20671,2699,4139,14
5967,3651,472763,16660,1,363,15068,750,8346,1
11,31972,35,11,990,32,13,1809,39,152651,11,2193,35,739,11,271,45,315,12824,45,109,64,1971,2478,9
32,172,232480,1,78,13,450,410,4,2012,15,1,147,215,117,3211,1
36952,5345,6422,16,7949,13,19358,1,215,4743,33,489,11,4791,67210,489,13,4550,39,73438,4,77246,1
4881,32003,215,11,248,11,398,15272,37,21,55,880,1,9542,46,3726,5925,1
221,135,16,64,363,1216,133,589,28,2258,8102,2040,133,234
164,214,5281,4,25748,4,3986,4,98614,26,24232,75,507,1785,1,30,2031,254,189827,1
6111,152026,66,9,1753,152,13,58
145,2193,93,509,46,4466,285,10053,1,78,311,4429,6152,2005,66,75,1,15225,10604,66,13,174585
1305,515,236,29,253145,73,311,56709,489,672,1064,1,126,43,10,6832,45,231,14
238,32,182,97953,85,26,579,37,1,649,225,606,35,4831,66,598,1902,2565,435,3116
64,15,272,1220,39,567145,17,11,1510,2183,14875,4,74,10,1468,17336,33
97953,8516,21892,97953,8516,21892,32,11,14433,39,13,4417
434,4,7255,4849,9716,83,5693,20068,4,7765,35,7312,6416,58,1
74,33,32,496,85197,4,80,1684,49268,26,70,550,1386,389,37,656
1312,10,7255,11,866,11,13989,27041,1455,4,33,156565,21,16,2481,13,8010,635
28326,80,616,66,14698,40227,4,36,260,191,565,812,7997,8005,9
2279,9,1535,63423,70,16077
86489,35,3196,1,1
32,33,48943,153,221096
1064,13669,15,129037,1,61,720,31047,1807,64,16,23407,37,1399,1469,641,1,10,102,214,15500,314487,42572,1
319,4,164,78,14,75,13,11417,40273,59,12642,85,2704,16,277836,172,7864,258,1,329,196,15,396,361,14
341,920,9,80,420,15,64,2324,61,10922,133,291,1,200,2481,61,382,26,26,6647,18938,2552
26,22324,22,569215,33705,6652,2183,26,9782,1
70,80,49110,1535,63423,14
2130,699,489,18642,1,49268,37,1829,33,32,9
2279,547,9,59812,215,6734,16,11,27065,35,13,550,31047
13,186043,271,39,2584,45,30,4432,8298,14,33,32,92,28625,45209,175,32,96
126,15,7905,92,15,2114,13,68360,10306,18938,1,64817,4,237638
30519,39,30519,83324,63349,66,299,28,10,93,55,177,16,163,45,1,569,11,281,650,1
15,1782,16,1894,1248,1248,4370,11,16646,4574,35,277,181,462,33,1248,153,349315,32,11452,39,181,9
4683,211570,28,7791,26,20516,35,96,1,1744
133,80,64,8016,133,16,46,277,1373
55,540,1933,2965,30,27261,4,14698,7181,26,1447,11215,565,656
66,5176,1696
193,610,9,583,1572,3981
33809,6336,26,687,1,86,70,15,602,14
42026,171,4939,35,3981,1,183,33,153,717,78,14
13,607,398,3532,699,4,110,420,37
171,35,3981
68,75,375,540,606,45645,425,133,1747,17452
5014,33520,878,47779,381,749,4575
348,5105,133,13,77546,4,284,33,650,46,1,221,135,16,6832,16,1255,1,38
422,4830,348,5105,133,13,77546,4,284,33,650,46,1,221,135,16,6832,16,1255,1,38
26,22346,6058,5508,4,38209,5508,4,19261,8004,3187,4,4,660,16,317798,10050,6244,1298,4,1
260,11,623,1829,148,1,31404,6249,157370,85785,58,133,9,651,7409,6249,157370,4,22062,9,634,1206,1829,9
369017,5369,10,232,196,284,558,20303,58,11,27094,39,9351,1
1800,9,319,4,13,10233,32,245,48674,46,13,469,1258
63388,3606,9,32,177,4,55,70,80,21023,37,13,487,1,135,16,64,24504,9
931662,16,22217,4,2866,4,45914,9,1568,26,3881,1413,231,1
292,101479,152,98053,2660,32,63,238,902,16,509,85785,35,25748
65770,151769,16077,26,29058
348,5105,133,13,77546,4,284,33,650,46,1,221,135,16,6832,16,1255,1,38
12,311,15870,75,13,135,4,750,30992,4,32,78,182,11,10521,16617,1,12,335,899,1
449,22795,10213,39,6842,746,1012,124,11,132789,83,417,4,45,12721,7411,36467,32,463,553613
211641,33633,122,34549,58,11,1520,8954,3954,83,109,650,1520,16,13,10233,30457
13,288,39,13,518,35948,25145,1,291,43495,232,64,13,15138,26,13,3981
340,340,9,9,153,37772,18428,28809,69755,109,73,311,1941,254,152,302440,28,378753,489,3341,63,66208
782,29,122,13989,939,2,12,13,8643,3563,171,1002,39,61
16199,37,2006,22217,4,70359,231,13,1009,1,53,96,658,231,3981,1
117,211,4,70359,231,13,1009,1,53,96,658,231,3981,1
51,143,504,4376,10578,14,450,764,127,93,11060,36,51,377,7817,350,697756,110,30,13900,30,157382,55,51,20052,14
996,191,26539,26539,20052,20052,46,53,894,153,1989,8496,724,688,8284,14,153,20052,393,1272,479,14
891181,151769,3389,254,165786,489072,1
4,49312,234,18130,58,13,13361,16,4408,35,13693,1145,46,135,148,243,4475,1,12002,84,42534
171,4939,35,59,3981
13,477,320,39,607,3532,39,699,35,24551,14
1590,3981,16,111,26,128,56,254,1
33,215,16,56,75,576,3181,35,381,35804,39,13,353,1,27934,13,3978,1006,16,3651,4220
151769,32,11,520,3165,656,35,1,260,733,157370,6336,133,7315,151769,9,9
468,11,125,724,58,13278,120329,26,11,4371,39,575,2479
13,414,933,5196,1,50462,58,401709,2859,9678
375,11965,70,16,479,37,9,9,102,163,126,2625
1949,39,559,1447,26,3289,1,181,32,117
13,1144,32,45,17877,375,455,64,1671,145,36,145,49093,1,145,387263,1,75,121,127,42308,145,2086,3981,1
37,191,16022,58922,4,86489,45645,4,5488,295787,26,11,2644,3084,4,1621
632,645,2295,13,17531,46,2620,7918,83,18359,32,520,37443,26,11,16031,1205,1861,14
156,88821,28,15,276,2337,45,35,11,122653,68268
520,13797,13,4907,5799,124,11,13989,16,14623,199,5751,13,634,27207,39,1299,3456,8496,6716
6111,656,66,23765,4475,17,182,182,4475,20
269,37,61,462,26,13,11058,1443,58,13,2193
13,543,5871,19848,58,5967,1467,2193,35,13,14275
1535,2321,60898,30409,35,13,744,1131370
2579,231,13,14275,9,70,80,744,15,1386,14,195,15,115,53068,110,33705,14,462,291,37,145,4139,9
17,24278,11159,35,117939,4,130439,20
5756,5281,1312,26,2279,25390,16,226,33,93,3101,31047,26,833,39,136337,86,70,15,396,468,14,14,14
195,78,2337,53,1326,39,2465,26,6122,133,15,28,7290,61,1547,85,417,15225,10731,807,13,3726,39,13,5281
5170,15145,32541,35,8904
11,4791,66598,1,4939,4169,99,37,11,296,425,4939,1,35,31854,1
10,39882,16,249,77016,4,96,102,56,208,11864,26,64,191,14730,37,13981,1
7642,133,13,3183,27042,4,375,36500,32878,65685,153,58,33573,10781,4
15,115,4,15,2404,1325,576,61,619,4,79,99,229,35,13,367,4,11,414,6599,1
18640,2478,39,101479,133,11889,10500,119,83859,1,35,31854,1,17320,4939,39,3981,1
598,899,99,1,53,135,1,35,31854,1,17320,4939,39,3981,1
53,32,4392,9990,133,13,18307,124,107,794,264328,37,11,5105,1,35,31854,1
16977,32870,1036,16,99403,378,589
26,238316,37,1,171,59355,1,4939,35,3981,2379,1
11,398,254,37,124,348474,1006,37,4939,1,3663,16199,231,3981,1
13,3289,2376,183821,4091,11619,117939
4562,28,10,59,9175,45,15,102,3909,26,17997,19934,35,11,274,208,133,4615,218,1,128,87,926,39,33,698
32442,157577,133,484488,83859,1,4,232,17320,4939,231,3981,1
45,273,46,490,1216,2321,5456,1
290398,215,11,122,53615,26,989,68,10667,68,32,12152
1290,46,654,10,1865,191,10781,26,86,32,58,13,643412,1090,14,164,70,15,20710,33,14,14,14
40562,3981,361,1802,6122,77923,152,22480,3013
112000,576,4446,18427,215,12447,11,4869,99,4451
87,11,117,4743,26,5182,85,46,15426,7918,1,1393,32,22366,110,1028,3220,1,4494,9
56,58,291,92,10,553,16,13866,29,569,16,265,21,722,12669,656
1525,63,4,1614,63,20516
2183,9960,10744,33,93,117,35,3211,124,296,124,11781,260,172,565,99969,39,9960
2183,16928,9,9
1191225,437,1246,2321,6689,1036,1433
35,1471,4111,13,7927,39,249,2828,1203,4,107,4036,107,260,2923,254,11,122,17660,1
11,1216,367,37,15,26,21,11,1216,8084,96,1817,163,33,28538,291,85,35,221,109378,26,8911,291,123571,35,221,38853
10,68,13,271,15,273,66,21,4,61,918,55,4624,26,1422,1,10,68,13,271,15,1173,21,4,61,3095,55,4791,26,9235
922,8968,271,66,237638,68230,4,22853,37,1012,2370,1953,46,21
30,312,264,39,7466,53,32,63,1809,39,744,2258,46,172,1543,15,629,264,33
214,58337,54832
35,666328,335,2074,107,32,30,63467,58,11,2866,1,393,1
214,11,13227,58,249,650,35,249,321,102,2337,16,6398,6050,16,18533,2360,1
10,292,1698,30,2183,311,11,38542
3013,2,399,4,824,78,2321,9,9,15,15,1
185164,4,84578,4,15543,13552,58,2183,1188,6195,614,553,53
13,903,16,29,9157
7642,152,1089,10,425,53,14875,58,172
5281,509373
679619,3075,2193
299,45,13,17503,130,128,1103,399,35,53,559,820
703,27111,226,86,32,53856,37,39309
894,1218,45,19252,215,11,1362,7897,19000,45,11432,58,33,243,86,530,1
3075,53,93,623,762,122,16899,1,1830,11781,124,296,124,3211,13790
53952,48,73957,48,9099,375,18910,233549,377,38305,3791,124,48,73957,48,9099,66
13,1210,58,53,19409,1,109,128,1290,13,1670,66,69265,59,16,3073,8067,18938,2552,1
2858,15938,32,35,28,571,84402,8298,16917,84402,46418,685,83,30,1265,65218,685,135,872,335,74,6637,3760,2021
36500,4,45914,83,6111,4,32,88167,170342,83,66,4,80,7039,228,58,11,414,1205,2052,68
22853,16216,2197,2,6893,1
3694,3093,3113,39,23077,35,965,93,1477,5849,1,4791,533,37,23077,5374
12965,48,137,15819,17877,18670,389,320,66,10233,12721,2197,128,245,1574,119,19252,276,1330,1068,17593,128,78,515,228,1
4791,28,4,83
32,2414,60542,2183,50881,13790,58,392954,26,903,28352,7997,9,43,80
1,79,1012,70,41813,45,4405,46,26,185
117,516,1,416,33,85,1,320,66,10233,12721,2197,2209,4608,1,1631,12753,463151,94977
166569,917,1,325069,3469,13,3211,39,249,17044,152,191740,5901
2338,124587,117,125,58,13028,1535,2321,26,7039,1021,1
2338,124587,117,125,58,3986,26,1443,1021,1
183,6097,7727,26,124587,117,125,35,33,1
468,11,9299,51277,37,277,56860,13278,347
5136,6111,656,393
1853,19907,4,92,44455,6394,75,74109,1994,1431,4,6181,2832,462,873,655,1535,2321,154664,1,47,1313,1853,1431,14,14,14
86,74,238,63,17452,14
16617,10,68,13,449,9,55324,147876,4,237638,11531
6832,10238,26,2665,13,3586,873944,5645,254,35083,37,7727,318,1,16829,33,58,61,2828,31052,26,1
11,122,95534
12,1655,215,11,122,7747,12,28,64,575,58,3333,1865,4458,26,15468,4458
59,93090,11,13815,254,13,2539,654,5136,44646,37,13,2897,3211,1
66,157821,4639,2002,35,117939
117,656,245,4608,35,11,117,1350,9,164,78,1392,291,37,11,6111,6051,5684,14
11,6111,6051,8599,67552,85,13,1350,9,126,121,4877,11,6111,6051,58,291,14
117,656,190,8648,16,45151,85,13,1350,9,126,121,8319,152,37,11,6111,6051,5684,14
11,634,1753,9,126,121,10747,291,37,11,6111,6051,5684,14
15,276,182,13,18657,20100,133,75,61,7467,1,16092,1432,1
969,125,1411,1,70,175,6432,192840,46,70298,14,2269,37,11,531,1
607,151769,41430,35,3337,110,46,13764,3814,279847,4,197,4,148119,4,2296,4,150689,83,43991
1745,750,3586,58,208,4702,39,83632,1,614,553,53,329,2
61,10746,128,2151,11,398,3341,1261,221,14305,6097,75,35
19373
8052,249,2130,128,509,2052,9351,35,4,107,128,11668,168,19252,10562,36,9047,5136,9310
15668,46201,9,6111,1,171,10,226,145,14
35,277,1670,30885,10863,8443,2301,285,13709,10018,39,259103
148,9463,32,209,49282,35,5402,2799
13,1393,99,318,66,35,13,344,1385,55,459,1,10,102,2844,1444,9,9,3888,217773,26,33376,4408,451130,53,22366,11228
21777,462,37,128583,1,965,96,39,375,128,183,33,16,61,16219,8102,148,14
1969,13,471184,13483,267,33,6144,152,2052,5402
6097,47176,70,3996,29,209,382,9,9,5488,5488,9,9
31626,35,325,7990,32,7016,363,1,147,43599,1
701,145,3173,37,33,1146665,75,5515,39,3840,28809
701,145,3173,37,33,1146665,75,5515,39,3840,5526,16341,28809
12,7376,45764,22853,1036,1451,153,716,23691,1451,12,488,295,10,102,186,39
7938,35,13,939,2,13,54541,93,551,13,23492,5035,1
38338,9
34331,2183,35,11,7997,58,60587,12975,1,520,1227,16,183,1
83836,363,32,31047,35,83836,9,214,1477,8851,26,257916,102,11,23586,20667,1671,13671,126850
29,68,37,13,72344,4091,15497,35,106613,26,63324,26,86,58,53,1467,18938,22616
14822,4791,86079
547,29204,39,22853,9,9
2138,35,3337,128,183,5990,4408,1,158448,137,22634,4263,75,254,3337,3906,641,39,32288,36,30927,85488
12824,45,32,894,9,3753,9197,4309,16,277
55,4704,58,13,2609,198401,152,1,109,183,13,209,15708,9
50,1059,199,3532,9,305,243,46,43,33,108100,9
126,102,130,63,35,22853,14,257,33,58,11,44637,1
1005,33,79,78,29,76,11,1205,4953,1,10,257,2844,39,74194,1397,1
10115,2417
1,10115,2417
10115,2417
10744,119,26,855,159184,155651,9
1467,18938,58,1535,2321,35,13,1503,28,15025,1036,257066,4135,18938,311,30573
37,14492,77567,39,11738,60350,13,56939,29309,876,16,56,150746,291840,58,2579,4106
10,264,63,1531,11,86079,139733,45,215,14105,1733,13,86079,4,1659,39,88380,1,86079,139733,9828,139733
5263,39,13,939,28,56,20404,9,722,124,202,124,15,102,17440,1,79,30,30234,37,19252,208,110,1
1664,1,22853,663,32,204199
115,121,45,79,74,15,129,35,22853,4,111,26,64,349042,153,363
1321,282,46,22819,12865,6279,99,9855,75,13073,16,2978,75,9351,66,215,16,374,1507,621,16,2047,5556
66,52894,11099,35,117939,4,130439
221,117,16,163,5990,155364,15269,1871,5281,1659,39,812,9,1741,6770,2873,9,11,2541,24623,21,337,228,9
610,208,10,2093,83,15,70,5549,35,873,11627,85,58
35,13,367,66,249,2170,2552,1262,347,1,13860,1,2123,14
3168,70,11,2644,13989,16,4048,11,8385,58,4013,28,29445,9100,79,240,51,64,16,782,785,1
29,344,2040,58,11,4768,39,26,11,559,35058,2258,1,117,344,9130,1
11781,46,685,2197,2183,157370,13790,58,27805,150036,83,64574,1,33,93,182,117
29,35,1535,2321,15,64,414,41430,66,335,4,987,228,35,53,730,9
50,1059,199,3532,9,305,243,46,43,33,108100,9
13722,11,8913,7642,58,13,16617,39,7149,59920,26,99188,1,1621
2621,28,5127,102,190,75927,4849,1,109,128,470,363,645,16,20052,121
979,21,4,53,32,96,398,5840,208,11864,13321,58,123149,39,1299,80027,1
520,13797,199,4907,5799,124,11,13989,14623,199,5751,4,199,634,27207,39,1299,3456,8496,6716
343,9,9,4388,16,56,509,1534,7918,35,48,137
143381,6013,276,56,13296,28,3670,19823,153,78
2279,1,894,4,13,16219,36681,45,13,295,1030,26123,288,235,526,13,409
11,16617,965,32,260,16,1078,782,229
2348,127,276,4263,249,4694,35,4,1547,61,2828,9,9,28
68,375,122,13775,46,9822,1924,6249,139733,162228,312756,139733,345011,139733
35,49497,39,13434,3619,1853,1,45233,246,36102,16,641,35,4054,37,151334,6058,201
240,1006,46,48,10,1005,53,565,410,45,15,1804,26,5657,1090,37,424,1,989,9507,135,48,8186,1
86079,139733,1721,4842,33,93,182,117,59,63,18453,86079,139733,1,13790,58,230567,7997,1,614
5466,130,127,68,16,722,335,12642,656,79,70,156,1989,16,6165,133,11669,9
8851,32,96121,75,13,7364,39,11,3532,4,965,32,12953,99,39,1447,9
4,4,26,31025,201,4,11,634,16,61,782,9713,229
1664,28,1933,4549,6097,4,30,820,153,211867,41680,1,320,20231,16,12655,166592,1
10,225,316,42654,46,29,7098,10230,57713
64,15,396,1858,13,20202,18325,31254,28538,66,387726,1,807,229,32,13,47779,7617,4
45,128,56,182260,615,1,32218,46,13,2193,128,56,74,170419,152210,12332,26,190,3389,389,1
3104,3104,2183,1573,9,17,319,10,115,20,79,10,515,33,1,53,2183
107,32,4953,21462,28,24184,14982,2,26,5431,49,1,201
110,13,15858,543,215,143,11,2579,946,16,80197,128927,328,16341,1
965,32,61,209,4534,13989,14
19731,2994,199,2073,20671,2699,11,38,210,30,1,39,191321,160158,124,296,965,1196,2923,99,16,56,249,30,1
50,48,3075,4,35,22717,51,4,109,713,462,15,1,79,311,11,10,348
168,5300,26,68,215,55485,21,26,1527,21,4694,16,2276
269,37,75,13,449,31257,26,6432,13775,15,6165,16,4199,21,85,83,16,183,21,3586,9
2240,190,43,1,3289,35,8449,14,78,6600,102,409,15,13,2005
7617,251957,4311,20037,4,12975,83,41813,35,11,10781,31254,83,191,9519,37,172,2554,3375,656,18833,9
50100,16659,80066,8793,37,9014,221,2271,39,15854,35,48,830,48
156,554,3981,85,46,13,1188,1,34681,10784,16,119938,75,663,11,292,79,13,235,32,232,1094
5488,5176,17,24278,11159,35,117939,4,130439,20
109,226,190,33131,58,11,8897,1,51,87,2567,36,8100,4,13,8897,1716,33,1,450,33511,16,53,5607,19715,16274,9
234,234,903,13679,219,11,693864,1966,17962,6097,35560,9
33,215,16,985,16,145,45,11,13683,2481,39
5517,1,3986,14,225,602,397742,3986,6098,45,60895,277,8230,11,1205,1220
18438,35,29,2828,34282,4532,46,277,859,1737,83,487,200523,19447,66,83593,1
2579,9230,13753,4,409,833,75033,1621,2,28
1203,426803,2331,1477,4572,2031,39,80085,4,131824,425,7609,92,398,3341,5173,2500,15746,4,859023,30,14
277,2162,3168,73,18533,8496,2597,36,37672,127,209437,3337,1,341,9219,39,3337,63,5404,470,11,775
375,251360,83,33376,21428,100912,70,32280,1,614,553,53,329,2
92,13,2713,32,66,11,25766,80,2966,64,27690
10,129,3289,133,13,17928
110,11,685,2258,13708,39
2183,114092,10,260,53,6432,2183,114092,10,614,226,45,93,182,117
1,375,455,25145,215,1671,11,13989,16,3663,302962,109527,1,35,1853,16,10908,45,25145,13030,25749,83,114845
119,133,11,6290,26,579,37,16660
27989,24418,2,375,1759,39,61800,128,13444,61,533,37,538,9
32,175,496,13989,329,96,102,1283,221,25202,4,26,1499,37,2487,14
602,20869,393,11,463,135,674,117
117,31345,1,4044,102,56,807,110,66,4770,2197,1,24681,876,16,687,66,12721,2197,35,61,75071,54472
269,4830,9,2966,3475,16,61,574,733,58,623,3586,26,6111,656,9
7024,15646,4694,4,8954,85,1311,13215,16,74692,7294,4879
551,109,43,1,9124,1,10,800,1858,18863,11,1535,2321,1949,1363,1826,1,824,92,10,1356
13,283093,12975,377,11,6047,53,1109,2283
19562,2367,35,10072,1938,4,11,32,172,425,133,2579,6097,83,469,3256,32752,1
11716,650,2414,5785,2138,16,2669,228,12900
5568,4683,4,15867,4,8516,78655,26,11,4371,39,602331,10,195,13790,124,3935
14975,11284,4,22388,26,641,28,1098299,4,50134,83,5709,39,347287
585131,17054,35192,6611,196566,29313,2994,12813,3053
80,128,416,10473,122,13683,12272,37,75,11149,20618,4306,80,7429,33,16,9470,33,133,221,16458
319,4,80,70,1590,9,80,18325,35,530,26,86,11,6111,6142,248,55,880,9
400366,1036,157874,582,590,79,634,20516,16,1078,13,1902,59,1613,13
170948,26,10655,2193,37,29,39884
270,4,13,42785,21161,1155
2579,24232,124,5985,133,55,880,549
209,7881,4707,272,156,355,820,9,9
102,15,317,663,22853,14,658,698
1052,3134,99977,64438,3211,51002
10078,68,2579,24232,1,10078,68,1,8284,39,13,6097,80,87,37,277
95520,26,5039
193,5488
13,8598,83632,26,29318,16,4267,13,6051,66,13,6980
459780,10050,23027,297,13444,207772,4954,4,226,17944
708,63,15,70,35,13,2053,39,11,31323,2330,1,22853,14
255,1,49986,14
1444,1,16909,656,1,2567,3673,1,9701,382,1,2742,39,9069,1,4131,1032,1,19954,1447,20287,1,19910,1447,1,1894,145
1526,75,6599,46,133,72,16,14,115,110,92,16,5839,83786
20516,353,46,1069,9,5473,152,3258,22842,35,3337,53
25316,6211,124,109,87,520,1933,2858,39,28177,20115,83,30927,64104
8436,29,66,1,660,172,75,47779,4263,35,229,1,163,126,33,3657,99
109,226,15,348,64,16,722,1307,4,59,722,208,9,553,53,63606,17719,83,189242,66,53068,6317,9
1781,152,1467,15867,13,1467,878,28,117939
48471,254,29,122,1005,68,133,28,10655,5840,136015,14354,2209,2419,56276,4,20738,584,1,610,9
229,73,13,2579,7173,133
10,12642,29,3947,777,83,332
195,15,115,569,2923,17471,313,41550,610,9,68,32,12152
12,18705,119481,8525,13,34137,311,45,13,1467,4613,1535,2321,8525,137869
8436,125,152,12642,168,777,83,1036,68,15,15025
124,11,1285,4,10,952,722,198401,46,2330,83,147,12642,21,641,1196,10,10012,813,33,10012,425,21
24102,221,78,151769,92312,80,128,110,436,5033,46,4802,68577,124,2181,32,1068,119748
4451,28,20,20
1907,17,147728,20,1613,13,11781,124,296,124,3211,33,93,182,117,109,7039,58
4,4,26,31025,201,4,11,634,16,61,782,9713,229
97953,118364,462781,348,292,53,74,15,70,211,16,614,553,53
4189,1,10,27356,2840,29,568,16155,214,1
117,344,9,19410,133,13,8635,48,48,2321,9,175,32,488,48,46344,48
65460,39
340,340,16,10931,26,362755,2603,8496,13,35893,26713,39,42534,1541,183436,1009
16219,200,30142,11619
1954,269241,7158,118,8821,31171,157,2326,6652,16709,3177
7158,17461,80112,1433,4163,8551,534,138781,16709,110044,1433,14,14,546,127791,69,8821,31171,7376,26713,157,2326
267,192840,70,277,367,133,13,749,80,784,277,918,9,68,32,12152
7158,8821,31171,6652,16709,3177
7617,39,11,398,435,9,26,1,406,53,93,11,463,724,9
12152,70,13910,53,733,9,237638,1690,908
46,29,2529,2,2,606,66,86,13,38,4888,32651,1218,16,291,1
4861,3931,16,102819,14698,792124
319,4,471184,13483,3651,32,11,634,8532,4,11,1954,39,5139
1531,2193,425,152,21,37,168
2193,83,462781,425,152,21,2751,37,168
270,4,30,1113,58493,93,6855,11864,650,4,66,234,1
10,12642,777,83,196762,1036
10,12642,777,83,196762,1036
9,135,16,6104,11,4088,58,1467,19986,26,696,191,6029,1467,18324,9,126
610,221,11,459,2193,225922,107,107
434,31374,2308,4,412976,46,4694,39,423265,10915,36,72491,18182,1,118,744,29,3375
81281,4,3532,26,38542,130279,46,11,566,39,24812,6336,1,10,6593,656,1,269,16
2183,26,6249,139480,2539,26,103979,7791,1,5488,5488
48,109,182,521,121,291,48,700,1733,2258,2101
319,2621,51,171,135,16,1556,267,35,39710,8067,10839,245,87,46,1415,124,172,2258,6974
10,163,151769,35,29,1306
8904,16,4088,8904,4647,15145,12455,66,13,2002
488,295,285,11,8707,35,13,3422,66,235
2579,55869,66,7497,66,1
2579,1148085,8005,32,209,92,33,1041,1520,133,13,4293,39,1,1392
621,2012,45,249,16219,93,13,209,260,46,93,11,1205,156,202,1,86,121,460917,39,14
172,565,10403,398,83,111237,28352,9,9,13,3339,3054,28,12079,9442,4,117939
37570,26,59822,1829,58,11,67600,5738
35,5319,1,870,16,64,191,2579,83,15145,17053
86,32,53,14875
488,121,53,96,9,277,2321,32,11,30729,58,277,1216
416908,123,1312,10,93,19629,133,66,764,1,33,1313,21,12455,16,3792,940,133,20843,16,223301,1
47779,352539,598,1121,125,28,4091,83,1742,878
86,78,16,56,1579,66,53,20516,48,588959,48,156,117,10,59
4,13,3845,98896,14875,32,39,28542,31510,1
66,24278,48,11159,35,117939,4,130439
6536,26,136935,71912,66,313128,28,135789,2200,117939,53,93,124,6111,124,33,708,9
12,4373,39,5967,7287,12,46
13278,152,11,172875,569,45
920,3942,2,5176,1696,327308
9299,56217
1113,74,1119181,215,272,260,11,182,13483
24582,1580,1728,291,16,231890,31803,4,1076,1415,16,32274,2,63973
85785,22853,9669,598,1121,125,28,4091,83
200,10931,11775,45,20068,37,19803,1,645,23074,45,15,7938,4,1262,4,623437,2924,245
1135,46,18595,16287,53,724
19731,16880,13597,9533,8551,1433
13,16248,2539
86,11,990877,487,37,9,107189,14009,254,16,228,46,11,71912,1,24961,1
45,708,55,6111
175585,26,87,1076,16,5037,231,3981,1
393,3981,1
99,1006,17302,124,598346,348474,30409,598,634,26,32,138546,1,1
43,19209,7918
66,13,2007,10115,83,2258,17660,35
209,14698,3341,4091
1782,16,775,4,43991,5105,26,13900,93,894,12642,46,3777,1,1127,99,2445,296,1,5990,99969,211,880,9
598346,348474,32,13,16,2539,8197,3981,35,2162
32,45,13,946,4,6178,215,22691,2363,65843,14,196,33,515,16,70212,495136,14
124,463,124,132050,63,15,416,158392,45,208,11864,1041,133,83963,214,4,3337,128,190,56,2184,1
11,7617,37,53,435,124,7016,489,22366,1444,26,8746,85,11,9
497,11,353,4,761,13,590,39,4340,39,372371,110464,14,10604,32,107,32,71371
121,3024,73846,311,8016,85,4,393442,1426,3850,1,4129,32,11,102041,26,249,65814,17,14,20,1166,1,202,1885,1196,4,66,13,624,38
66,1115,15854
551,10,3694,228,1,449,10,64,232487,58,64,172,6249,5892,1,477,16,1609,7200,653,644,1
10,128,243,16,138117,26,722,15,1,34331,180719
615,148,764,2,478448,463944,1815,2,13687,11,110298,46827,14,598,48,21317,48,14,3670,26,5099,8536,14
151769,809280,47779,151769,35,8485,3981,13790,58,30351,3935,28108,3211,28108
13,214,3442,35,29,181,73,375,3442,35396,6098,199,214,831,35,29,181,73,26,42,4791,19083,42,224952,206311,4,38007,70,228,19474,66,14
1,31374,568,56900,66,48,20366,48,7617,85,9382,9
126,861,73,51,14,51,1336,37,11,6244,14,126,60735,73,51,16,56,55,31047,14,10,257,130,63,51,1
2348,5990,831,70,78,90339,14,182,14,13693,215,11,6331,13976,1,183,21,1165,1
53,32,86,1776,15,80,17294,13,1,260,53,733,5501,66,152
1526,1526,26,1526,6974,35343,26,8532,620
9237,13,2331,215,5891,957,16,51053,7910,11245,1493,4791,30090,1,876,3577,92999,1
86,102,56,295,285,13790,58,30,9157,1455,201,782,229
317,3053,2,13,688,215,10784,16,183,11,10164,37342,489,11,547,1655,203158,703,13709,3084,1
5402,7292,35,1627,11605,425,2579,18782,1423,685,4,3337,894,1321,25600,35,7292
164,12,47779,407019,12,14,164,78,12,8485,924410,12,14
3056,46,109466,4,47,63,33,124,11,872,46,8707
66,313128,4,135789,117939,4,11792,24799,31471,28,361525,55758,2183,28,18829,1
43,187,384,21,15,8277,17452,16,30106,1002,9,9
6111,656,26,117,3054,183,13,634,1573,10739,1,126,121,4877,11,71912,58,291,14
26,277,520,720,12642,96,39,13,607,13775,35,3777,1,1,610,4,126,341,32,45,1,271,16,111,560586,1,416,33,211
26842,1
13,831527,2193,152,32,75,13583,39,733,1,183036,12152,16483
2091,8845,1,350,6249,4,6938,2829,26,8324,70,16,479,37,1,348,292,99
59,143,11,13374,122,34329,9,2,13,4255,3986,58,11,27445,927
30351,332,19677,580798,45,28582,182,520,4791,26,623,31136,133,1413,26,260,11,634
2321,3075,21142,8525,66,313128,28,135789,2200,117939,28,11,2261,37,37597,656,6714
141715,28,43941,17,424,153,13989,20,87,170,38,11,4,4,1915,4743,4,286,4,10714,12965,37,145,13794,2
11,7454,425,31136,21428,28,36500,26,185164,66,313128,4,135789,2200,117939,1
66,237638,12079,28809,35,117939,4,130439
2,126,290,33,264,16,64,6249,46,61,490,14,14,14,110,45,14519,215,7967,446,9310,9,9,9
260,72,9192,843496,39,12721,488,46,4770
20203,4079,9476,1865,13693,245,46,13,607,9
15,102,462,228,47592,4,4220,4,1645,153,54200,26,10,68,287,16,15619
12,23241,15217,58,9299,32541,13,286647,39,23241,42255,58,13,17598,39,9299
181,32,117,92,15,27332,9,68,32,12152
1078,13,1902,26,64,18657
10,129,16,56,63,7577,1,894,64,11,6016,26,30,10,129,16,1482,33,9
74,10,163,496,145,637,3341,1582,33259,46,1927,240959,63205,211,16,2109,11,2478,39,5281,66,228
277,40677,7026
6249,13073,201,4,11,634,516,16,61,125,782,9713,229
81027,31135,32,13895,39,145,42485,20618,285,10,297,272,1609,1,2309,285,17704,4,195152,26,101398,19142,1
48998,134,393439,134,197807,13860,3075,48998,58,47084,83,13483
172,733,1573,66,248773,152,259,1,565,656,1,21939,7727,4,136935,1,13,118364,1,1
5990,56642,8016,35,312,5014,17660
63,13,1535,2170,4,5791,2170,4,5096,2170,26,16448,2170,4,13,1306,2162,12,3168,12,17,20621,3850,20,128,64,11,7063,46
2275,58,242604,46,53,121,135,1585,143,11,3211,39,249,720,8521
66,22853,1069,35,117939,4,130439
124,5402,32,42,39205,4,145,178112,1218,145,2858,26188,35,3337,4,4
12442,16219,9,117939,4,130439
78359,221,110,311,31519,37,6331,3276,9418,1,53,32,126,130,68,792888,13,1638
5488,17,35,117939,20
3099,6331,48467,9537
86,70,27742,121,9,14,2209,249,568,15619,9,80,196,68,16,832,133,15,9
117939,5990,3099,6331
997,2209,19803,16,16659,922513,5013,1745,137,22581,4083,11864,9207,393,397,7642,133
13989,14
5074,3700,9,79,39305,85,124,10,5285,940,549,9,15807,563
124,813,3362,4,30,5948,37,664,5864,35,515,214717,1,12455,219,9,9,9
9130,4,708,13902,51,87,29,4649,1,37,11,71,12455,5239,4,199,5864,93,12455,219,3749,9,9,9
109,690,43951,109,70,15543
13,2277,1302,58,13,1029,650,397,27610,231,1,2699,46,13,117,396
292347,85,299,11352,46080,26,427133,18484,894,660,16,84,33
44646,33267,12172,70,2821,46,441929,765,2721,124,296,124,35,75,3577,10623,2978,15,1
32,78,11,122,939,123,1776,381,4597,35,35,13,11541,39,14441,337,330,8016,152,1541,135
68,744,765275,9,32459,58,42534,4,13278,9678,797,6016,4,13483,26,11,11518,833,39,68,9,9
80,183,733,78480,66,13,4091
7997
9299,32541,593503,66
109,614,64,248,711,39,1531,5990,656,2183,157370,4,312756,6652,85785,43,109,626,8005
4939,1471,26,35,3981,1
12,10,129,16,3211,291,92,80,1173,12,126,102,739,1086,1064,56,1773,16,226,55,202,14
109,129,16,64,350,2193,26,722,33,156,1
109,129,16,64,350,2193,26,722,33,156,4,290,78,320,45,271,35,312,181,1
1925,63,10,225,4968,16,398,7938,35,13,939
5990,2162,215,807,2704,39,191,341,9193,127,19969,350,4966,28,4,16,590,191,1
12642,777,83,332
777,18705,2193,425,152,21
277,30167,70,5613,1,109,4137,9867,208589,124,214,5948,214,267,2259,130,41029,228,92,361,1353,3986,1
1542,83,5139,829,183,29,16617,39,68,5966,746,5060
10,23259,1467,83,147,14104,5967,1659,39,12301,83,226,12,1467,1029,105162,69,41045,93377,13494,12
2639,816,3469,11,2583,628,29043,46,16,10300,39172,39,11,1285,283439,1131955,37,80433
532,727305,64,11,670,16,43,58,532,6533,1,26,11,1425,12652,1,14698,4
151769,809280,47779,151769,35,8485,3981,13790,58,30351,3935,28108,3211,28108
269,11,670,302,37,559,26,16022,2258
240,15,407,4,15,952,62523,55,45,15,102,320,4,110,15,64,4,79,2579,8300,37,78,1135,1
126,102,238,215,48132,1525,35,75,249,1614,102,51,2594,20500,13,11710,229
329,1714,32,3289,1714,128,56,20845,83,329,1714,32,580,277,663743,128,56,1714,14
125,1829,2,48,569,86,196,15,63,16,1853,14,48,1542,2,48,331,9193,125,78,722,6058,148,48,1
88,82,397,175,1,10053,3320,10,143,75505,722,186803,4,6600,5373,2368,128,374,85,35,23099
33,32,685,135,14039,1041,99,39,249,4694,36,76,46,249,5575,75,13,8476,39,11,53773,5033,1
708,6111,9
64,11,6111,315,9,37,145,39,375,6432,152380,123,650,254,16,277
11,520,177,4890,4284,8746,26,3947,68,51,569,292,51
6200,1,8000,1493,430182,1,26,16,163,55,554,1272,31047,58,23530,46,218,8959,21,231,1,40520,182,1
153,530,56,107,32,11,477,7897,6058,5644,35,45,1815,166807,8496,51
4234,32,4038,35,3631,85,11,680786,13683,318,4,61,635,1,15,70,904,1
6761,1612,9476,4079,24643,3177
15,171,16,1763,11,26618,86,51,171,32,86,32,35,2101,37,51,148,1,86,18896,51,70,211,16,10987
4098,70,894,658,9837,35,447,9542,33777,1733,13,30002,105538,38,12322,112274,73,40014,24341,1
28,19135,3726,894,355,1,15,171,16,87,61,1298,829,153,1103,10078,1
28,6896,3726,84547,12447,148,1,74,15,1817,12462,3726,164,183,8068,14
125,152,1531,168,777,18705,2193
125,152,1531,168,777,18705,2193
11,520,177,338,16,13,6432,1373,39,80,260,16,43,96,39,277
243,46,70,15,2894,94540,8298,4633,32,78,13,14072,1,1068,1447,2902,3081,32,117,26,2929,15
11,3649,5012,120318,13,28809,66
28,68,53,13483,1,13,19451,1,2821,624,39,13,1423,46
13,3986,80,626
321674,28,49,28,33,93,182,117,7454,12642,321674,10,272,260,453,1,614,553,53
1566,4,520,355,8707,35,3904,1,79,78,1353,282,31854,32,214,211,16,39231,249,6967,239,9316,1,75,35,13,651,1
1093,85,16,2193,156,33506,26,11,177,14313
137,51503,409,10073,284,642,78359,800,25272,9944,15966,63,107,32,15149,39,19831,14
42,7338,3145,51041,42,12,13,53615,32,121,16,37359,12,57104,7765,12,24102,4,3537,332,924085,22,43,12
80,70,22418,489,53,2554,3075,30697,58,62415,1
559,12495,393,11,463,125,22853
379,296,4309,56,1326,56,177,26,2114,45,4088,39,3339
319,6600,9507,9,183821,4,117939
80,166509,292,1086,80829,1,3981,16,186636,4,77997,142507,2153,12864,4,2153,33924,75,576
175,70,554,29615,39,13,450,26,9555,33,290,64,11,133679,7938
524,39,1535,26,1415,1
79,191,23530,1386,59812,127,129,16,34263,46,48172,128,642,99,3093,411,135
172,2973,12210,32,2821,35,96,39,13,209,3961,35,4
26,15,265,61,884,716,1158,34737,267,39,12,52230,12,33,4852,2603,1,9542,1221,16,1378,58,1
92,267166,11,4,5092,26,2540,2416,1,117,16,115,147,2565,2184,35,29549,8016,3700,1
337,15,37,311,13,3507,26333,277,4694,83,11032,35,291
10,195,158574,58,29,148,1,58,22853,9,9,9
181,13334,2,4263,68,124,5607,124,15,196,9,68,32,12152
3986,21892,53,9713,32,133,48929,812,37806,18640,47785,28,11
4399,218,4,784,3333,1851,4,4,87,2857,4,5043
6849,61,4079,58,1046207,7731,9,1894,70431,4,47084,26,12455,16,1447,37,11,3256,30613,9
11,4110,21992,37,21,4,225,55,127776,64,1064,16,5058,86,11,9099,37,11,122
58920,1,36500,4,3502,4,150684,5925,83,22359,58,3502,40266,1,56,22366,4,26,2268
2857,2183,75830,13,3154,125
4352,6058,628,407,45138,16792,4,4649,4977,10875,38,19275,800,389,1644
86,78,16,56,1579,66,312756,157370,80,8633,15192,53,14875,1
1034,560586,5013,4,2210,344,16,15,9,2579,6533,4,4,1261
368869,4,10,2464,20525,35,13,2028,83,10,8838,199,946,28,1307,716,39,886,30927,6376,123,145,716,39,812,55797,1
288,10,1220,93,48,65892,32,720,1670,48,83,29,2033,382,127,59,18570,65892,28,12913,33,145,240,20671,26,764,1
74,61,3010,320,292330,4,992,45,5522,12210,1,758,21,931,1
2579,125303,37,1573
12,10,264,29,7200,1,12,28,2183,35,11,123737,8904
319,39480,47466,1,319,80,64,487569,39,93222,83,319,80,64
12,115526,414923,1433,1,141040,1036,20957,8551,609497,1433,12,12,44975,1,86,11,148443,892,33,32,1,726400,9351,9,63,39972,1,812,26,2227,12
48,9435,48,2,13,214236,4,83,48,137,86489,1503,9,9,28
3508,59,425,33,1,4,31165,4,26,71167,1
35,23245,68105
193,2257,4,4,195,374,424,26,242174,92,15,8424
191,68,10667,9,8424,152,277,13322,37,168,1288,9,68,32,12152
598,20516,133,296,20516,39854,19759,35,11
24026,42635,26,65892,32,63,24026,34540,26,3075,1,126093,39,653,156,202,9,9
744,6432,656,611174,96,7053,1205,66,11,135
58,84578,471184,125303,83,2579,2321,1,12644,214,1
45,1400,55,21,9,894,86,70,13,5091,45,10,93,36646,46,191,2258,92,10,1725,13,274
35,4652,48,48,4,19206,43,12276,38,4,416,11,7239,39,12798,9
148,93,191,22785,17,4953,5967,20,10744,45,12425,21,39,335,9
88763,2731
35,68,58,13,28352,153302,83,1612
337,15,9,10,64,16,10729,13,16102,9738,1,13,518,1397,64,75,699,4413,26,73219,1
837312,18513,1
343,9,78139,11710,121,2798
1034,560586,5013,4,2210,344,16,51,9,2579,6533,9,64,11,2210,125,9,9,1261,61,125,9,9
153,13,96,10,143,16909,765,13,288,410,10,26343,35,33,1,504,417,226,53,5477,33
22433,876,11,670,39,2258,37,22853,2888,234694,16,687,3337,37,295,1,107,260,16,487,107172,4,37,75,13,2258,9,4494
12894,462781,4,24812,19048,4,6331,8485,6336,26,23241,23057,2183,3222,9,9
1535,2321,135
812,7997,8005,58,23241,5281,96,39,13,209,8005,10,272,260,1,7454,12642,812
88763,2731
39972,35,13,1690,9,1613,53,3341,965,32,59,18533,58,26,15185,739,11
58,323061,79530,263356,786419,22425,96950,534,2183,263356,157370
6249,2021,608156
238,59,1728,21,2,32,61,11792,744,47250,14,45,663,11,10604,39,8051,26,14110,179500,1,41747,29,181,208,110,1
305,22029,16,2258,240,14
115,164,1580,169889,1853,87744,45414,4,43951,74,13,5678,290,78,1079,228,4,109,73,211,16,999,12,110298,46827,12
53,5346,46623,3532,17294,32,11,614,553,1,284,46,13,17294,85,1
86,1664,15,17320,1477,2718,6142,4139,14,10,64,3469,1301,4,2778,26,120959,30,1,2417,32,2321,8532
3514,1077,28,1,13,1665,2417,32,39,2321,2238,58,6209,46,33,1,489,33,1,269
66,157,16858,5402,83,11452,35,117939,4,130439
30409,3881,79,78,3881,798,37,16,78,3663,1,66,1
4958,86799,526868,23774,1870,2193,4,12604,1274,250,1259,365,3725,2667
10,196,190,23823,2990,1,496824,61329,1,62680,32,9542,35,642,1482,239,74,2953,35,9471,32,685,1,102,111,1343,271
70,15,6307,798,37,14,487,11,1071,16,922,13,26370,39,4333,6307,4049,4,6152,9713
191,455,102,214,56,425,295,152,11,16997,39,277,9,33,1595,549
1078,13,1902,58,53,55,55,16022,16779,18938,2716,81622
44091,61611,1535,2321,8525,1535,3325,200147
22585,2183,8358,152,21
33,10834,32,11,37,9014,122,7594,4322,8016,152
28542,497,5176
126,33,128,78,515,130,39,13693,33,128,124,83,92,12965,21041,10665,1714,663743,128,117044,1714,5870,5182,83,27427,14
8525,576,46,11,566,37,885,3936,35,850,265,21,68,15,286,433
53,36450,83,20182,5473,27065,965,32,63238,6263,716,2696,37,642,2699,20671,2699
13,395,129,16,183,2321,3075,425384,26,2093,46,965,31052,16,509,35,33
835942,58,43052,6533,66,4091,343,4,8464
1467,16931,2193,66,4091,343,4,8464
11920,15,183,33,398,4,488,22374,13,674,39,311,8016,35,11,3376,17822,1
1817,18298,13,1158,1,16543,13,2073,7997,8818,1
99,39,831,35,3337,9786,350,14155,16,64,788,299,831,2337,350,14155,16,102420,1,6336,11412
520,698,316,2669,11,559,86489,286,58,29,2828,28565
79,863,15,276,553,33,58,11,11864,5454,36,75
1166,2,300901,39,1535,2321
147,32,156,117,1,13,271,147,425,45,5354,26,240,11454,1,315,46,350,9025,9
36,33,1925,63,1312,1,221,2579,36,2288,1,22433,324440,9164,22480,36,8104,16,1399,35,1,23346,9
5136,125,58,13,395,9,14931,8005,26,11,2193,37,593
117,16,163,29,52569,83,1447,181,8016,28,4816,101,130,32,11,2294,39231,15,70,744,9
1836,470,33,16909,1,33,93,903,37,21
131696,35,81846,3651
311,191,127,1280,4,26697,4,2295,4,198015,26,794,14510,152,13024,375,1596,21,6599
221,32,78,4639,79,1443,10349,28419,39,4639,75429,775,4639,2978,6097,590
15,129,21,16,722,11,7727,66,172,5990,5319,14
29,246,9,319,4,245,9,3996,174680,126,128,33,56,19969,9
55,26842,26,78,4639,133,28419,39,4639,3258,1,350,58922,196,775,299
606,66,13,3881,18303,39,6376,46,4137,10,761,15,64,38427
1068,11,29136,5574,152,397091,33,85,58,969581,4,63653,83,12455,1,4479,33,58,2579,48138,26,1261,1
80,70,15269,12,12,11,41225,16617,39,6029,4,42785,4,12455,4,8516,26,3289,35
15,1817,19070,39,117,1718,234,5957,4,109,70,51976,39,33,123,1092,645,215,392,33,83,252228,16,228,46,71912
782,46,859,53,615,5710,215,8016,86,10,93,18202,16
269,9,42,2193,42
15,102,553,29,3532,10744,9713,229
477172,10088,172,949,28595,46,17410,3532
15,115,15,70,335,92,13,8491,5871,39,3532,10744,26,13,2677,73394,576,104023,47552
6689,39,51060,28538,66,117939,20597
312756,85785,8424,53,26842,133,4422,28,53,908,33705,75
208,453,15,59916,16,509,33,46,181,1215,1
61,1547,2,965,5904,102,1132,33,58,249,11982,1999,14
574,949,42,58,19685,3825,13884,35,254,9207,1,2816,2479,2821,9,462,291,148
48,2258,4888,135,48,153,48,48
18705,2875,28,75,13,271,133,4,426244,133,8904,1
7200,70,13,214,410,45,876,16,56,6365,1
31865,83,1585,79438,152,30104,70,2620,124,24102,374,228,496,10604,75,121,290464,1378,311,246331,14
10,182,129,8160,917,66911,46,19685,9,420,109,13952
520,13797,199,4907,5799,124,11,13989,14623,199,5751,4,199,634,27207,39,1299,3456,8496,6716
387726,1527,291,23893,15708,4,26,110,135,16,17139,23893,28538,9,20202
220677,17452,2268,43875,46719,133
277233,39,2258,4888,68,2133,2579,1188,26,117,37,918,1
30,96,13711,66,12721,39,6241,39,496,4272,4,64,750,16,163,1369,5065,3883,39,2331,45279,83,2269,282,4,38,36
15,128,902,6652,2183,74,15,64,53
3075,53,93,623,762,122,16899,1,1830,11781,124,296,124,3211,13790
33,32,78,45,11608,26,1617,10,186,1,33,32,78,153,1
214,4309,183,13,367,886,1
726145,53500,133,15145,13483,8904,4,4,32,11,1240,21729,744,11,2953
38299,46,9099,4,136598,6249,26,63644,634,204,26841,146540
11982,85,1122807,16,2313,11,4500,5526,654,9800,4357,549,13,619,37,11,20671,2192,1
13,744,39,11,68,10667,9,78,582,126,53,32,9,68,32,12152
3685,392,211,43997,53,820
35,13,1350,37,11,820,16928,2183,58,172,4929,7727
127,8137,6652,35,53,1902
74,109,260,16,6689,214,96,4,33,276,64,248,13,18355,1659,39,1083,6652
2279,30,10604,39,379
9118,43777,26,8776,4,397079,12332,325,1076,1493,8160,4,1032,35,11,4910,37,8160,1,824,13260,46,19685,9
32,13,559,1447,2335,59,7069,8980,1,191,284,11,8707,35,53,453,20190,13,8980,9
285016,93377,589,118,3255,10649,15265,4911,118,3255,81825,5318,29450,1455,258697,8551,589,505213
6677,28227,41467,15025,354249,41467,1179,29450,1455,24207,60325,392787
546,1179,157,60300,457873,16977,151887,546,141040,69,16977,759037,141040,41467,23003,1455,6677,185367
80,70,579,9,68,32,12152
2034,489,12721,507,39,35,32,21550,39,12740,561141,83,126,16,14392
11452,2338,37,119504,1,23414,16928,254,1933,1902,4,240,5521,1,2579,11452,42255,70,598,939,63153,9
86,78,16,56,1579,66,53,20516,48,588959,48,156,117,10,59
1829,1,12746,377,187,81281,1,29,117,531,93,1579,1
11767,3283,13073,20516,1,172,31257,1443,9837,58,11,35455,16909,4451,26,14923
188299,13,214,135,33,93,1980,28,13860,1644,45,8806
12,4791,5139,39,417,290,78,478,249,8564,1,626,488,32,74778,285,1447,4,79,221,4083,102,875,13,14628,9882,9,12
13,125,6194,296,92,221,13,5887,271,58,16909,20279,9519,26,903,10781,8324,9
86,70,15,602,37,2091,148,16909,2183,6016,66,912604,4,12079,9442
87,61,14089,39,2579,236,38,83,28842,9678,17224,75392,1
55,4,393,1504,39,674,1933,4,68115,26,59,11608,6279,99,4,10,858,264,63,649
59332,152,13,72237,615,658,133,9,10,93,5039,16,284,11,2055,8707,35,13,343908,53,135,1
32,187,45,6432,14
5069,353,135,58,26,28,13,53182,39,43997,1
10,420,15,64,295,352,16,43,285,16,111,393,15525,5037,9
10,31621,16,56,1582,17,20,1,30,775,39,23241,31165,26,90973,563,2,1582,17,20,153,18421,153,4953,17,28,4,28,20,1
660,1268,656,32,63,27978,27656,16,61,5321,26,3211,28607
340,340,1,10,716,92,10,64,31976,4,9782,3850
29,6058,58,7857,3009,4,8776,16,11,670,39,48,48910,132616,48
340,340,340,5967,11702
191,540,26,2554,12701,66,37967,229,9,602,34331,85487,21404,4,29,777,362
685,6331,7642
109,4137,1268,9445,39,93222,965,1006,2603,35,61,656,965,523,33,239,145
21994,59466,894,28896,99,39,22819,110,1,1399,35,17054,70346,9
1012,3022,26,530,30255,489,61,26707,4,79,5952,214,16,2021,27111,1
1340,8845,66,183821,9,6600,9507,9,183821,4,117939
196,56,48,22425,46,2330,48,1,18421,1,78,45,554,39,558,4,34681,1
66,1115,15854
335,4647,32541,133,4888
312756,6652,85785,10,64,30,1064,37,53,4,15,102,163,920,45,93,182,117,78
10,1963,29,1206,63,53,2,28,875,950,28,58,325532,1829,28,184077,3375,28,1122760,4,462781,1573,28,2183,26,2414
13,125,32,78,880,92,7024,128,2002,116081,38,29827,16,374,214,96,6249,66,11,135,9,9
32,33,16401,11864,77016,4,107,1925,16,56,11,66843,79,15,70,6422,16,56,1325,126,102,15,254757,9
13,72344,4091,4,117939,32,11,13989,28,27041,1531,8950,23546,35,117939,28,823943,327308
394013,656,35,117939,1,6896,1,5233,33,549,1,43,51,396,239,3211,61,720,656,14,1331,15,128,15316,9
59,11608,2319,26,11224,1,337,15,4,337,15,1,420,13,1399,39,33,32,4125,46,135,1
21579,12472,2007,3211,32,15299
858,8525,14847,9,1116,1116,749,9,296,392,9,399,16,87,46,33,1
156,559,18739,2,156,28836,16,2833,1,4466,206,32678,254,4702,39,1535,35,221,20575
2609,177,3177,338,16,11697,59651,9,151,1057253,369,1,43,43,78094,2193,4,22520,963132,4,2400,2498,4050
164,70,13,22903,66,5550,3337,55,8322,14,2887,39,13,13989,27041,2496,21,654,1741,195,1
20052,14,15,70,10834,172,1075237,4,127,204060,133,139612,663,496,8192,26,23883,1,574,549,1
2183,263356,157370,33,93,182,117,520,296,19759,1613,13,3211,7454
10,102,78,722,496,145,2193,110,9
10,2093,299,4,11,670,39,130,186,11,20671,4220,10523,26,716,33,63,96,1
126,105399,133,8001,39,18468,2258,15505,70,660,16,183,22853,10282,1
64,15,8016,53,939,156,14,74,78,4,3373,13,946,1,564,31923,16,243,3502,46,53,2
488,63,11,5607,1467,15481,46,11,2222,1206,393,11,135,1
130,614,186,4704,58,8005,1,29,7467,70,7085,58,15217,13775,1,1282,56
59,634825,46,11,2644,6249,17667,407019,133,9,55,16077,26,282328,1,2742,145,16,553,9
6736,914728,490,2888,68190,18513,1433,1036,1,1,1,1,1,1,1,1,1,12965,861299,706691,176433,157640,1451
13,86766,5840,152,2416,18820,2428,584,4791,1,1613,33,9
260,11,99427,98896,1829,11099,4,13693,13756,1,437622,6321,9,9
215,551,1671,172,14275,37,49738,1305
11,7617,58,1,14615,35,455,4,12864,1,579,37,619,135,1385,117,16,1482,1
6122,3726,39,1191225,78,117,4,2324,1191225,3289,2,4,2,4,13982
53,27805,5281,26,9,352539,71912,133,441642,1,441642
109,133645,18427,6660,2887,334,249,35,150685,106669,311,4791,46,2696,32,1
64,10053,66,151769,7801,1,459,156,1
53,22853,32,156,117,1
92,98896,903,595544,83,2227,12235,3333,922,2,65858,65858,65858,65858,65858,65858,65858,65858,65858,65858,65858,65858,219633,1433,1
398555,126,16,97343,13,38209,58845
2561,39,1802,1745,2258,35,2714,521
1301,785,58,6331,48467,9537
1301,785,58,6331,48467,9537
28542,1535,2258,66,4,117939,1,2742,39,472477,35,53,1,903,4,230567,4,16909,2275
277,14089,39,36139,9,68,32,12152
1,1,1,288,3981
381,2994,703,876,172,2994,124,13,634,5282,1,164,87,14875,2994,234,16,2718,13,1
15149,5281,32,11374,2010,5281,32,11,6556
341,10536,46,3217,58845,37,1249
58845,37,19629,10078,32,1268,133,122,10078
834353,43,7670,58845,43070,7884
22217,876,11,148,16,87,13,3651,4744
74,53,4738,7765,11,3283,4,15,276,650,229,2
926,39,13,450,20203,9476,4,12352,83,65460,153,2414,14,782,277,2535,46,290496,13693,16,183,61
48,137,2,3114,51,42654,288,96,435,4,295,111,320,99,46,11,1206
2007,58,13,22520,4,7511,135,26,16248,1573,58,382,66,335,26,764,550,9
30460,9,6822,13,3516,15637,133,13,392,152,4131,78,1363,168,9351
87,239,145,37,61,580,8496,19685,34341,4139,4,462,110,153,1621
5649,699,355,26,29,1134,32,63,45,39,11,16221,9
272,579,120256,13860
79917,678142,2183,4,361525,21428,26,23241,258001,4,26,92759,63653,4,84547,26,19135,9
26,13860,3075,19298,58,48943,26,135110,3222,9,9
12894,26,2183,16248,58,23245,482,36689,271742,41813,26,16102
187839,12172
13278,68
11,16248,6051,58,291
6593,1655,97953,3532,58,12738,26,59822,37
2,54989,46,123165,201,11,97448,5282,127,12,794,12,61,93939,1,645,5441,10913,5764
258,2,165766,10781,1451,4911,1,291954,18070,110044,635,2,10781,6471,36933,1433,1,8551,5318,6621,2363,693961,3506,1
1,35343
1,35343
1,35343
2579,26,3699,1
1,35343
1,35343
1,35343
1,35343
1,35343
1,35343
1,35343
1,35343
1,35343
1,35343
1,35343
1,35343
1,35343
1,35343
1,35343
1,35343
1,35343
1,35343
1,35343
1,35343
4209,9764,14,4791,4209,9764,14
1,35343
13,122,6949,2320,128,11622,37,3699,78,311,221,266474,1,4774,26038,13865,45645,16,273,63,33,1
11,6111,6051,32,172,2767,1350,33075,9,164,78,1482,11,99427,6051,58,291,5684,14
11,6111,6051,32,75,15,171,16,45151,85,13,1350,9,87,13,209,39,5990,27042,58,291,9
80,868,53,2947,4,13,1,8436,58,53,152234,183517,21062,68785,2193,133
328,32,367,20516,125,1,35,9381,177,367,20516,125,4352,33,58
1,35343
1,35343
1,35343
1,35343
1,35343
1,35343
1,35343
11,6111,1573,190,8648,16,45151,85,13,1350,9,126,121,4877,11,6051,58,291,5684,14
199,518,674519,10,872,3986,2417,1272,78392,4,10,348,284,36,107,431051,9123,21,8496,11,701,655
10,68,126,434,102,284,15,16,598,908,1,10,93,2078,35,11,4091,26,109,1980,3289,23725,4,55,10,5285,16,598,4091,1
2,126,102,7128,462,33,11,38542,26842,14,21,2,164,14,117,3217,36,2,42,20633,25390,42,631,79,11,26842,9
903,13229,12975,425,58,903,20115,7997
488,3378,373086,83,13028,1535,2321
66,28,2340,2002,83,11099,35,117939,4,130439
1,32383
1,32383
1,32383
1,32383
1,32383
7727,9713,9637,26,2669,1352
48,381971,11,8897,48,1400,4,15,115,4,59,11,1205,8322,1
1,32383
1,32383
315,32,18863,381,903,1443,234,18533,19298,2321,1,361,13,2007,414349,4,987,35,325532,153,110,1
3532,157370,319,33,93,117,2579,26,623,520,4791,7454,202035,1,614
1,26,7617,85,2669,35,602369
1,2,49604,16,31803,291,58,53,168816,4173,9,9,28
2091,35,566,1,14105,445946,17,312756,20,83,45764
4417,23115,50440,93,78,10254,39,71371,642,2699,244156,83,240,20671,2699,2621,14,14
3532,10744,4,924410,4,2183,10744,4,4801,9782,4,6336,1,156,554,540161,46,61,981,14
1144,2,4141,11,1216,22910,39,29827,4,989,2183,4,965,20869,7200,35,63442,1745,4,2227,4,1871,26,1422,180979,1
86,11,11608,79,182,8795,45525,39,13,14729,3954,9,15500,46,558,127,163,53,124,381734,9,1094,3337,32,890,9
126,16,183,172,1535,1578,833,39,1846,37,11,623,5879,20516
6974,2178,13,35343,620,520,24345,765,92,215,1671,13687,5061,14
11,33391,4091,4,1021,2007,26,11,11597,13073,6974,28
430239,129664,18247,457553,123038,227240,36,36933
1969,13,118645,17054,20575,2258,26,5346,46623,656
10,232,87,53,48,61,2258,32,46006,48,410,1,43,109,478,14417,142092,14
319,4,79,48,46006,2258,48,78,296,3791,35,13,291,4,32,33,1,6828,32,33,989,46006,1,2258,32,386017,4,107172,4,14417,142092,4
98896,1036,4,78451,151769,83,103035,2178,99,16,21,66,1,15500,10,64,11,2185,10997
14646,19713,51822,944,32,35,45233,234,469,2704,45,15,614,782,1
117,2114,38367,4,79,8516,27170,32,894,156,117
298940,191,7731,46,277,291069,17660
2707,11,6980,3056,39,4801,8016,147876,148,28,33,264,63,11,1415,14
293,7354,81556,1,789185,8104,58,249,2248,26,107243,26,31976,6533
183516,5967,92,81801,78,11060,127,32,10548,329
325,10665,329,7024,1068,9881,26,20242,211,37,7140,10855,28269,687,504,97491,20,78,1363
2093,4,277,5751,32,41086,221,104687,2,183872,32,11,62092,17660,1,377,145,30002,285,80,186,2
605271,896891,7642,20279,7727,53,32,14875,32,7642,152,11
229,69255,4,126,6058,5508,32,18951,44162,35,93011,1,13,4308,800,389,2074,13,1326,39,932,25145,109,84,1
155977,4,126,297,61870,13,1507,8899,46,14801,267,39,6058,1531,14
520,459,8324,2091,1,13,48,3586,48,7094,4639,93,23765,3211,1,117,7068,156,1,62081,543,4168
86,172,565,271,16,624,13,724,14,46,11,903,2586,58,72360,26,9678,14721,1
716,39,5494,1447,35,7791,20228,12382,35,5058
117,13,1745,28352,32,175
19135
325,16199,37,13877,13683
8975,1563,628,15269,13865,8805,2579,133,14275
36,47,19415,32,35,11,12955,1580,39,212372,1,22433,215,243,63,2579,19455,393,6660,39,3843,4727,9
185164,4,84578,4,15543,13552,58,1,2183,1188,6195,614,553,53
375,251360,83,33376,21428,100912,70,32280,1,614,553,53,329,2
74,109,348,1443,3986,4,126,43,130213,87,350,93165,14
63644,37,2091,26,3339,37,1829
395,58,141602,26,712,58,9855,209,16617
722,6058,6209,35,20182,4,1,78,32719,15225,78,56,35,3746,13215
41541,64,11,5879,590,1,130,65843,33,1925,1
1535,1535,347,9,613939,7881,83,11099,4,12079,9442
10,7617,29,651,576,13,1144,45,2428,37,13,3100,35,2776
8851,8137,16,10108,9351,46,13,664,1258,14
145,14120,39,13,1144,45,238,297,1078,83,1078,282,46,19685,435,453,1,129,2490,53,356
33,1385,355,16,64,16,7093,16,681,63,375,4306,126,290,33,264,389453,11,3211,39,61,720,8521
111,37,11,5176,26,9085,489,7678,26,29,5970,6307
10,722,86,10,129,1514,1829,79,37,1573,4,10,722,208,28,7727,58,2183,153,722,520,414,39,631,645
15708,58,13,39380,79,325,922,12722,1352
208,79,190,902,4791,533,16,29497,249,38,168,3010,4854,71846
965,107,34117,64,496,145,39,4,55,33,614,56,249,4953,158834,788,16133,1
10122,105137,35,26834,4,1158,35,703,4,57851,35,13679,20117,221,11,1185,367,4,10,7104,16,58985,746
895209,1680,1467,11965,83,2007,506610
29,344,708,63,53,393,172,3154,28709,235,28809
2517,2,13,48,151502,168634,48,39,739782,186803,26,7727,7918,1,17,201,20
126,15,273,393,30,379,4,1151,26,24360,273,2579,26,623,2227,79,126,43,15
74,51,43,78,959,13,13977,96,207640,453,109,3721,16,624,350,181,4,451,59,348,56,11,10855,1
116,553,1250,11,4744,2621,1638,985,41279,35,496,1580,35,3337,15,128,64,3211,39,504,720,8521,9
19397,407,48,15,70,289013,103591,16,722,1307,6058,37,8582,39,14801,48,1,2966,80,18577,277,30167,175,16,12382,14
13,11432,16,117,10343,4,355,3825,26,3065,9541,1
12798,39,4,54989,3525,35,199,9545,39,14039,26,8548,447,73,229,215,30,16379,1
816,16,226,45,13,11058,5281,12447,1312,156,32,355,26,63238,58,136337,86,70,15,396,85,16,14,14,14
816,1580,39,30424,13,11058,5281,12447,152,504,302,1312,32,39,13,450,355,3726,2074,13,41784,39,6637
14204,7027
128643,71912,4,17,47779,39,1603,20,35,13,20202,7929,4,117939,1,117,54730,109,64,9
2183,33,93,459,78,903,63,6652,2183,33,93,16909,5607,27019,63,187834
11,670,39,12,1523,12,654,6177,37,13,6016
20516,590,482,28,290354,343,9,10,93,9464,92,10,782,13,590,39,53,20516,33,93
17,20,74,214,29,1060341,5605,6909,195,5472,16,13,6432,656,9
1394,6307,255697,523,209,9678,3075,2193,9
1,48,137,4791,9919,35,48,2477,16,9047,5849,35,17,130889,16,72,83,11,8827,20,83,95802,35,17,4163,196395,20
78,2833,11,11277,152,221,12931,4,79,245,1763,33,152,221,41520,4,716,45,4998,35,428,35,29,181,4
3075,2193,12,387726,12,387726,3337
54,140282,280,539,6600,25,101,9048,150276
24358,98543,102,416,6097,2579,663,288139
794711,177551,45,1029391,26,154364,70,1741,3532,1,13027,350,69387,16,87,16,13,912842,1
1179,2399,31976,6003,287189,1433,78502,13476,59868,1433,1
13053,13948,73,1272,127,722,12894,4306,722,6058,9,9
614,64,1,13,14204,32,733,1,33,26042
22476,4716,40,43,9355,1,22476,2271,2980,43,9355,1,6063,22,43,9355,1,69901,831,534,246,13101,1433,1
10899,133,28,89724,51,55,202,1,520,16077,4639,1,15,102,553,33,35,117939,36
30979,30979,2183,215,14138,35,117939,9,9
42263,393,11,94218,4768,26,1829,66,11452,8410
28542,5887,3288,72739,27042,9,16909,230567,6432,656,9
56,579,58,375,3289,3651,75392,4,11,634,782,229
32,53,30934,16,416,13,37342,147522,14,86,299,2170,35,93011,215,6058,2542,35,1325,3597,16469,14
1034,4,4500,8292,381,344,1514,281,869,46,5044,1603,21444,1924,18533,1576,144851
57713,273,86,10,9175,148,14,9,2875,46,11,3007,9,2579,4,16077,26
26,4349,9,9,13989,16,26,9
74,78,37,42468,35157,39,83963,4,66,1229,37,13,8582,39,14801,4,19253,6058,1531,1
1,35,13,590,39,656,105151,7338,744,6058,11,68439,656,4,28544,267,33,12322,8448,39,41328,663743,1
6063,4,1,4,1,4,6063
