87,16838,7292,46,25748,53,2588,83,2129,66,1745,38837,65770
277,9669,128,56,532,214,92,61,411,117663,688,11365,80,474001,56210,61,2579,688,35,117663
5281,258421,314740,295,11660,2749,54832
3,12,2,23706,19877,37,1068,313,13,16928,215,291,88,12
116,9,819,1,10,2324,75,12669,656,36,1028,60,93,29,656,125,9,88,9,9,10,293,890,765,10,1127,610,9
11,60216,62130,16,2259,32,13,9099,39,496,12632
4,4953,4,24397,4,83,83
13,8363,12,11,9862,37,11,10667,39,21383,1,12,32,13,450,92,782,10486,1
117,344,16,75,13693,21,1,499,50532,332,3422,534,155730,19252,499,5013,499,1757,5967,1433
23706,16928,2,102575,827,163352,4,55324,4,213472,16170,201,19252,19415,32,375,145305
131,2455,133,4,1830,2007,11258,110,598,946,16,3479,10349,2007
668,9,269,80,335,2078,46,199,566,602,11,49745,1090,9,9,20,14105,9
66,48,102,51,284,53,424,6016,119,83,374,21,3670,1659,48,48,30,4,79,51,102,64,53,188393,89092,48,48,29,61635,48
319,4,11,26842,16,433,29445,58,884,4,296,894840,1
377712,61,273,37,13,125,58,53,16617,60
3610,29043,32,30821,393,11830,11454,2288,201,117,409,74,10,530,226,55
1336,37,53,16928,26,1336,37,45,16928,229,11,26746,32,397,34331,26,30,96,8737
10,1647,521,121,23706,1469,4,26,800,389,80,70,59,254,62275,16,86,32,52870,11,12669,409,1
299,231,46,19379,1745,23376,141602,2206,110,2
55,45,861,16928,409,128,56,3150,148,4,64,1229,6637,35,23706,153,1469,1
112137,39,249,8916,894,1041,1477,1992,80,48,571,1436,1992,3155,107,48,37116,64,248,363511,7918
12,2,74,23706,16928,93,29233,26,49362,11701,4,80,128,1298,4,814,93011,5061,10046,12,3606
82,4,79,4,53,2186,5454,13,46,2523,56354,7016,14
13943,381971,196,56,132210,1249,37,25092,3337,1,8121,70,35,1590,2561,1,36639,4,3986,26,7050,1
66,1535,2321,4091
29,11371,2,75,13,26888,128,56,1941,37,11,1739,26,13,19500,8298,128,16917,214,46,4239
82845,227840,373383,142545,50,327,948251,22853,605907
927,11,2331,34280,4,12839,313,16928,286
411,135,92,15,70,18863,11,2193,11491,553,291,9
299,231,46,903,10655,1680,2227,83,812,1725,1959
312,891181,407019,133,96,39,13,20304,18359,1,26,13,11452,93,59,208,9,24065
299,231,46,52157,12235,24358,141602,17,1745,20,66,2546,872,110,2
12721,507,39,75,37,13,130,1704,35,13,5990,74717,32,22167,26,4909,10184,39,13,1
126,554,46,2500,297,8753,739,6111,26,3317,6534,3586,344,4822,14
894,4,830,39,23706,14,3,23706,16928,2,86114,267,10,225,11,830,39,56093,4,213472,4,55324,4,814,217765,238322
29,7791,32,35,89828,267,39,1933,15449,598,32,872,35,3670,3770,46,3942,55,61505,46,22136,32,3831
69074,32,2269,37,8797,1,32231,8897,127,9180,7221,26,110,75,13,13993,152,1147110,580,1
772790,1036,124448,3702,375,5866,4,446,772790,2579,294,516
299,231,46,206,56669,58,416,2973,2206,110,2
299,231,46,21920,17082,56669,58,416,2973,66,2206,110,2
126,102,15,8277,8067,257,5354,58,23706,16928,1,23706,16928,215,214,96,26407,28,9069,1,124,1617,124,45,9
299,231,46,812,83,1422,30530,12235,2206,110,2
9,9,2,78,61,1949,39,2258,1443,33,9,9,9
78,96,39,13,4673,39,5354,12034,12305,152,151746,4,79,357,42163,254,191,12669,409,1
151746,215,248,325519,4,78096,4,32,9786,16,111,489,8085,4,79,357,42163,254,191,861,12669,409,1
4801,10781,4613,170057,20373,718978,107597,20373,1
1752,58,29,288,274,4,1854,121,489411,133,1531,7050,1,331860,32,739,11,34350,1,7050,80579,3082,1,563,1
78,11,7050,32452,649,4,3469,13,252029,107458,83,60833,39,400166,656,4,10,264,85976,7050,1531,32,321913
1034,348,87,17754,549,16,200,1369,1,109,5728,311597,79,3661,70,3972,16,350,39172,6091,16,36671
1034,5013,5013,1,20850,70,7750,58,664,5386,12642,152,615,53679,1,14724,4399,28906,814,33,75
547,1,85050,2,1531,7050,32,78,11,466,4,79,2641,191,181,16,722,33,32,1,782,45,882363,9309,7050
374,20260,38,13509,11,3902,107,38,147,128,17440,26,46505,177,3902,125
26,93,159853,5988,19986,16,8014,107,4263,35,886,13693,1514,249,455
58291,75,35,11,23286,11,22591,607,83,12251,152,9,172,3651,5346,8532,81037,168,273,9
299,231,46,10739,39,3651,29044,1045,704966,3651,872,110,2
699,6599
70,80,690,153,86,14,5508,133,218,14,9,70,15,6599
55,32,238454,4888,4091,1,3222,4,78,292,13,4888,18303,109463,39,350,2258,744,563,1
12664,4639,24692,63531,1,5074,3670,83,5099,1
74,55,4,33,1218,782532,195,78,902,13,20115,2858,4373,1514,765109,19252,4909,26,520528,10894,45,148558,228,1
309088,14142,16909,656,31097,145,13,112911
4230,37604,196,78,1075,312,29610,55,463,1158,26,3175,17330,32,39274,1,33,196,894,96682,52776
12455,2,83836,1757,2442,20242,922,4,530,110931,18087,1,53,93,7001,16,1169,4,74,51,183,11,1757,63,53
70,56354,1006,1012,2561,1,13417,56354,8975,13494,117217,157,13101,1,12,1179,2609,13494,22520,14,12
20608,39,128,5614,3337,1034,35,367,1949,2,938277,1416,254,53073,3986,4,890,463,119,367,1949
83786,27111,1858,16,11271,11,2310,642,127,93,211,16,152,585913,168,2615,181,126,1933,375,83147,102,111
790,5983,2,7683,123,24250,4,2978,44192,11936,2974,4,122,13693,4,764,1
7683,123,24250,4,2978,44192,11936,2974,4,122,13693,135,2,764
7683,123,24250,4,2978,44192,11936,2974,4,122,13693,135,2,764
7683,123,24250,4,2978,44192,11936,2974,4,122,13693,135,2,764
7683,123,24250,4,2978,44192,11936,2974,4,122,13693,135,2,764
7683,123,24250,4,2978,44192,11936,2974,4,122,13693,135,2,764
1034,32,866,39,5424,24250,4,2978,44192,11936,2974,4,122,13693,764
75,13,4100,80,490,32,214,16,183,13,181,8921,16077
7683,123,24250,4,2978,44192,11936,2974,4,122,13693,135,2,764
928691,85,9169,15,178,11,18533,2797
6762,2,8570,61,34016,70,63,3661,20052,1
32,13,7433,39,12743,4,175,393,4,33,128,64,16,3211,39,38811,35,381,15357,658,17877,9,152,128,76,7069,9
12,2,2,29,1326,39,4098,12,102,124,296,1894,110276,6016
11,3183,17294,4,11,9157
1535,28021,22325,70,7444,37,272347,127,5358,16,183,11,2156,20516,1,80,64,1012,12664,83,1530,1
1283,15,96,1975,39,3320,2363,37,381,3333,1851,20502,15,1283,21
29,3532,2281,46,2800,9
6432,559,47779,151769,4,920,7127
863,4,16977,9850,87683,65344,6471,14,3,2,8452,2,93011,4493,16,27943,23706,16928
15,2011,4791,11640,13732,1,451,9
74,23706,16928,32,11,2583,3739,4,240,86,121,375,18581,667303,127,138483,75,1326,39,42820,64097,16,291,229,46,218,14
215,7765,746,3892,285,39,2
1343,30106,153,530,56,21023,128,87,5967,214
11452,85,61,273,35,11,1087,1159,9,782,46,60
125,39,4798,2153,11086,3678,2,163665,4,24360,4,26,205177,18484,1
31911,122555,708,117,26,9957,46,685,624,26909,79,46,1933,38,24867,26909,33,121327,99,26,10,13230,33,148,1
239,11275,23706,16928,37
16,10908,2866,623,2539,7765,32,11,4110,7585,26,10,761,214,102,43,33,1,43247,70
23536,8793,32,11,18257,75829,1,11,32049,26,215,2162,39,53756,2435,1,2583,3739,1,126,102,6768,16928,76,11,3739,14
7221,403340,274,2029,62092
10,761,23706,16928,276,78,1087,16,632,79,16,13,130,127,377,34331,1
191,130,407,600920,32,76177,37,700,1155,10164,26,240,600920,6065,10349,3981,35,21255,36,4875,199,37,75
11,6047,16617
86,74,238,407,75,13,3673,46,70,16928,14
245868,13860,37,13693,550,16846,55,18427,530,87,12374,10766,79,21556,36,18427,7001,16,3336,117,37,18923
29,1347,2324,35,2721,46,8665,37,189613,32,78,8016,1477,6122,44679,6241,46,21,13,3111,582551,231
42,409594,66,11,6097,42,48,15,397,2579,58,21,597,14,14,14,117,9,59,13,271,10,63,33,48
1094,246,11454,2288,17,1,20,88,2445,17335,19907,86,469,6167,128,13,7039,37,15,14,554
305,147,32,25929,110,1,9,6432,35,29,10997,9
5678,2399,14142,1451,4,69,170599,34453,358187,589,418660,1433
12054,2128,58,620,10230
538,208,175,9,175,32,30,6167,663,5946,9,80,264,504,381,26842,4,4,685,35
29,32,4,11,77146,933,12813,4,19135,26,3651,347,3095,4,16844,26,31504,9
493719,3811,16,516,1216,11864,35,49683,201,521,16,374,162019,14
110,15,102,1853,4474,22425,12152,133,20671,8110,1089264,11541
208,9169,1455,10791,175,32,53,635,127,523,17908,4,271005,83,86079,139733,221,11,1741,33155,79,1227,16,470,1
221041,4,1021665,6637,19428,1049225,4,4,15619,157874,4,141245,409,2980,1
11218,409,45,2654,1745,2258,41286,5889,39,1785,11218,64,894,13212,45,130,5358,81122,16,1745,2258
10,858,20438,126,16,716,87121,1,18137,78,45,398,11,1378,24183
37,1568,17,12777,20,4,13989,17,20,4,83
872,15,2193,1,1465,33,46,2795,4,507,10,68,15,9
12,2,4456,866,1104,8703,417,11982,878,393,2274
12,2,18483,86489,57399,39,1,1404,243,16
299,231,46,727645,2801,3651,4,28,7168,2206,110,2
75,35,59,1030,39,688,8178,249,11886,8525,53,93,216923,392,9,17754,231,9
8664,1400,6111,1,86,32,35742,14
15025,44192,17,22853,20,19428,138350,623,1
2579,734,39,35,8643
2,144466,1240,31966,11,2798,66,11936,543,1,11,417,11440,18270,5392,7765,133,144466,1240,4
22873,70
875,424,39,13,2725,58,11,139280,9542,26,1494,57756,165598,2
107,614,64,10053,191,8897,1,32481,282,208,9,7939,39,13,657785,9
9092,16262,28,48,11,1916,127,32,11569,16,249,1288,128,78,64,547,1318,37,632,1,48,46,4239
143356,2091,71912
110,45,40453,32,4396,562335,4,164,78,3289,23725,243,85,58,172,1062,14
272357,80071,3389,4049,784,6331,30921,58,849754,4,249,3024,11385,18238,3922
1590,27005,1,5658,922,85,1,254,4500,68,28,151769,1,13,209,39,65770,12642,66,174362,518,14952,9809,1,10149,1
9092,16262,28,48,11,1916,127,32,11569,16,249,1288,128,78,64,547,1318,37,632,1,48,46,4239
1,13,25230,39,13,13860,152,2843,17945,116005,1,89043,46,13,7906,152,175580,120693
151769,58,17,35,65770,4,143356,93252,20
13,391361,14924,35,10655,61350,58,13,93165,38,46,13,2986,16,12476,812,93165,314434
19910,1447,32,13,802,39,13,10746,4,26,32,11642,1582
13,59622,763856,965,2209,13,4801,8532,16,284567,32,221562,123,703036,19379,965,32,93165,869055,32,5538
75770,32,13168,35,9406,157286,46,13,19056,1258,39,48675,4,744,13,7596,868,4854,13,1667
35,25529,5645,3904,172,330187,162323,46,13,6351,2373,989,314297,4,11,31669,39,111611
66,746,10,264,160168,32,59,5473,37,21
164,43,5519,11506,2276,35,11,447,19969,32565,14
4251,6249,602,33,37,325,135,1
224269,2074,530211,35,3337,4,58983,2564,201,4791,1426,39,3337,117,409,2621
894,46,13,83506,1908,39,876254,2,16660,4,8051,4,75,41410,16,12,382,12
2,78,267,39,350,18581,13966,7756,4,619,353,153,4791,415965,3437,1
164,290,13,48675,245,490,13,1667,14
164,290,13,25529,17660,78,87,3888,14
164,43,6270,39,10655,4300,812,11172,46,13,2986,14
126,32,1447,32010,1733,19910,14
190504,118718,320759,29001,16617,483288,37835
126,290,284567,18513,868,933,92,6331,58,19379,14
12,2,12,311,11,117663,80,129,16,163,15,145,35,422169,3289
147,952,168,1482,39,13,2193,4,65344,13110,4,291,2400,69,616576,64796,32267,1
33,32,214,8851,965,3906,282,16,19379,1494
516,58,58469,26,200,265,21,115,92,13,35343,2040,2080,1,10,297,716,191,2258
116,4,296,33,32,182,583,271,39,20301,4,83,33,32,232,4168,11,538,3583,22829,4,448,86,330,9
10,761,221,11,22829,77298,124,448,10,1911,1012
33,614,56,11,6111,22829,153,11,16857,448,4,1012,965,10,68
58010,39,5402,4,27935,2321,4,1436,4,2767,3081,18896,22369
32289,901710,17,36,1,50,20,26,51568,17,36,1,50,20,1900,283858,11103,1,109,985,46,16,66,2258,46,125,447,65770,1
239,74,51,374,48,48,16,8897,4,33,128,722,214,48,185,48
26,15,1250,11,408,10913,124,11,15719
3150,2365,2,27111,5341,60,60
746,9,9,9,54875
211,152,53,4,708,63,53,635,32,2445,11,2153,6179,194979,863,79881,282,1
12,2,99098,399,16,1671,48,2153,934,48,12,68,13,271,33,32,3991,6600,35,135,4,3463,17681,4,48,137
3375,1535,2321,58,569,17,137,20
12,2,10,257,33,92,11,11884,17,127,2295,107,32,96,20,24228,16,23442,11,1617,996,133,11,1404,9,12,11,1815,50,12682,22873,14
12,2,14313,93,63,42,51,70,690,42,126,10,68,12815,29,4678,9,12,245,621,12026,4451,2417,93,1024
7315,48,137,11,5791,200147,236,38,565,1535,63423,83,1090,9,10,642,15,784,35
397,6331,8452,191,226,147,32,598,984210,4,954,226,468,11,117,768,1
113036,49102,14,107,143,11305,156,3,10,129,16,16928,23536,8793,1
214,35,277,4644,2731,102,526,11,6768,16928,56,268505,124,172,1298,39,226264,1
48,70668,48,124,3481,48,1535,124,1113300,237196,3481
49,772790,2605,421176,7221
66,398,24323,35,1144631,4,143356,93252
39,27111,58,39,17,88279,20,1,68,51,1012,4,733,4845,749
296,407,1,15,70,13,208,417,16,436,121,48,17452,48,26,126,16,183,33,48,2151,48,1,88,1
15159,111734,7938,1
12,33069,75982,15269,2258,16,1848,13,5336,17,13,36882,37,13,6069,1251,3214,64328,20,4,12
10,377,88346,1,341,656,38,2465,4,3339,146059,133,234,53,16219,1
265,291,78,35,1030,12642,30559,14,9991,7609,1,614,56,86168
2200,1046578,17,65770,20,14297,2,28,70122,4,9782,4,154336,4,4,1036
43071,4385,32,11,410,4,30,14
610,4,10,406,29,93,35,13,5569,14441,1,10,183,1043,60658,35,29,13483,8904,9
26,389,13,27111,32,1802,135144,1064,63,17593,58,323209,1318,37,416615,164,276,51,18438,14
305,1121,178,4704,58,9623,6652,55,202,45,10,509,33,35,29,63166,1,59,13,621,39,33,1
110400,59,553,33,1,2,108453,1,3,2,305,1121,178,4704,58,9623,6652,55,202,45,10,509,33,35,29,63166,1
110,10,292,1021,58,5402,1,10833,39,3580,58,1,79,109,1443,1
690,19428,1894,22853
445,8525,99,122,10897,16,515,14432,72725,28
10,800,855,1104,6336,4,9157,7727,26,2183,16,281,17,15526,20,1,93,11,5687,37,45,886,125,9,9
1281,15,186,45,271,554,12,2,2,48,48,48,199,45,355,4,59,1894,11,414,5402,12
110,80,70,229,1531,402692,4,151769,4,39480,47466,4,4,12172,4,2183,2246,123,19104,18910,2183,10360,9
127,11454,13,1745,26,317,64104,14
10,5358,53352,154364,5441,21,48612,2321,496,125,4,66,1229,45,32,78,41328
16617,14432,17876,60035,16,3603,17,37247,38,877,20
34802,635554,29827,4,153742,16,20045,55252
12,10,800,260,11,5540,21499,1,79,35,29,96,8675,16,115,15,4,4,75,645,29751,549,1,12
203,470027,151769
109,102,78,76,5840,2583,1,350,6674,32,39,739,5139,74,109,73,425,16,115,109,128,78,43,10,9542
7050,83,2183,3770,63,673,1,656,28,109,530,11668,33,15520,48,153,591104,9
5435,3004,37,463954,26,4791,13361,3004,37,31457,16269,32,46,13,4540
33181,15854,70,245,145,30085,28,28,28,76133,110,9
3475,3475,1103683,22853,17,47,20
37,37806,348549,231,59,3981,9,86,11,132789
10,196,4873,13,13683,14935,74,10,377,10
337664,2091,58,1573,5466,2031,2705,5402,35,130,58,1582,14826
20635,16741,2,17496,2151,4178,11090,133,21926,35,11,14875
109221,1036,22853,23333,22853
25390,152,20279,79,6756,14,190,2428,33,12,2,29,130,171,16,985,1732,35,181,246,1,758,558,6336,58,3986
5738,2183,32,13,209,2,26,5738,2183,3,2,10,182,3260,1343,1,12
33,1006,313,5895,1,300396,1,2,66,13,8904,2362,3,2,64,15,396,272,260,63166,58,2258,14,13,3840,9,9,12
120253,287,7221,274,22853,4,236146,878,1036,132446,4,1447,181337,10669,91,19665,19339
12,2,214,96,271,16,273,9542,28,7435,58,1177,130,1,12,1332
32,30,5895,2819,133,504,1,1258,10,225,520,473,16,163,51,663,496,12382,164,15225,2093,58,13,27111,14
13,27111,855,16,13,39643,39,50064,11,3077,46,93833,39993,86,290,33,1218,107,102,78,409,428,35,14507,1
14,14,127,93,13,11064,2258,14,14
12,2,18199,143,11,39816,79,15,102,163,164,107,93,421004,121,4,13,288,1590,3981,9,12,86517,32,11,472021,13943,153,5336
12,2,117,3981,4,239,74,5658,4,87,70005,12,277,62890,4,17,1259,23240,20,171,16,2539,75288,75288,4,109,2539,1568,9
12,2,13989,14367,3475,350,105895,58,9990,4178,1258,1,12,153,9990,463,55941,153,122070,1568,66,7450,13989
393,105122,33058,46344,5988,19986,123,51503,56,33058,46344,7194
2553,36,46315,1012,70,8721,16,122,1094,93533
3291,154992,266354,15646,83777,3705,93127,4694,4,87473,122,628,2725,310794,550,107380,249,4694
396,26,395,99,175,9,9,9,7617,85,13,125,698,6098,32,658,9,9,9
66,2321,5791,48064,35,65770,4,2284
13751,4192,35,4791,1443,70,1,55,35,552022,4,957,37,5494,5639
12,569,83,1024,28,48,15,70,13,3507,26333,29,4694,48,269,16,45737,79041,5013,37,1353,291,11,125,16,11504,1288,9,12
124,11,215289,417,123,151769,32,11,68439,3597,28,53,1127,1213,16,335,123,13555,13,48,48,9
88,13693,34282,886,162228,93,3041,173,79,53,7825,93,3045,35,13693,10874,11,10855
57477,17759,2050,13,449,25029,208,4799,950,13989,71250,16,10931,41660
100656,123387,231,3981,27836,1493,6178,35,367,1949,28,565
14076,35,45737,6566,1815,21415,35,405662,26,6652,39,75,128,56,890,74,413419,79041,32,228444
43506,11,346285,46,21,58,4,4110,3181,26,733,144045,26,13,37359,93,13,32218,4,1281,4847
99,58,29,395,17,61383,4929,2002,83,11099,28,35,65770,4,3337,20
10,115,15,1404,4,15,163,15,70,29,26842,9,9,265,3068
1190839,107775,13,288,1578,39,367,1949,1,229,107,30409,13,325,96,39,1,107,5800,325,71250,35,2162,16,43,55,1
59,260,11,6111,125,2091,58,649,1,10,297,78,68,649,145,1,10,115,245,56,175,37,21
108935,70,211,16,56,34331,152,111418,83701,328,35,1822,39,886,367,1
39,1094,4,21733,5105,66,9782,5490,4,39710,1
126,554,1369,42588,8016,5354,66,35,833,4,107,425,191,182,117,2552,35,45,14
15792,17508,2,8298,4,8298,4,158493,26,3035
295,969,285,190,18427,12798,13,12280,1493,21192,64273,79,102,107,61419,58,30,67075,46,2331,14055,33,99,14
6515,4,965,32,164,15,171,16,1318,13,27155,39,13,13764,1,218,32,11,20516,628,1
8851,190,509,228,1534,7918,4,33,93,30457,1
5488,1103,10122,255,171696,681,5236,9,9
420,16,2282,11,2478,46,13989,10598,1570,285,1196,46,45,128,1482,9
31146,1931,2897,62092,11660,15067,644,3983,135,91,14
1033615,610990,653,7740,54832,14
433,99,37,232166,46,14185,58,755711,3624,708,55,583,9299,708,4599,117,16,163,282,653,55
26,13,3624,143,291,20827,9299,1036,2310,830,927,514715,1653,258,127,143,11,2350,175,133,277,1,583
1282,14,73,51,6599,14,126,102,1560,102709,76,15749,107,32,199,14717,78,11,15749,39,238,1
202777,6986,4541,93,447,2579,30986,39,1004497,130127,6424,663,631911,22522,14383,1150810
4739,54306,26,7990,16,2109,7200,16,218744,1757,70,150119,6026,28,11,664,12362,37,8851,16,603240,1426,9
78,16,775,13,1480,151769,26,625571,80,722,1,350,44997,16,656,93,42814,1,1740,80,722,32
30,145,88763,6263,37,3,23313,11369,306291,3970,143356,1426,1367,1
147,32,551,6982,13,23313,66,335,26,13299,2258,1413,3337,214,37,1249,1
13,403507,220070,13,18484,4,109,6463,165719,26,398,7181,4,13,19252,27697,2273,228,99
74,221,1895,11,13058,240,51,70,468,33,520,520,117,51,273,532,35,45,1959,974,5941,7765
10923,4,13989,83,35,132,4,3529,4,1747
2672,1924,150689,1036,4,7765,4500
126,102,447,76,1477,13,21529,39,17593,75381,31047,130,27934,1215,22433
2324,53,4079,39,123586,559,7997,11,1428,39,455,119,1,883,53,35,11,29239,26,765
32,59,2552,549,1,1068,13,15938,641,39,1983,40998,393,2376,8298,11475,698,393,356,1
284,2125,39,17,20,36,565397,5645,1,5521,228,829,26,48393,4639,1,38496,240,36,1443,1
74,11,246,26,15,6324,46,96,39,558,14290,1155,11432,4,74,33,1041,85,3080,15,530,64,170150,1785
13,62610,93,11159,1043,125
536574,2367,4,11796,4,21939,4,83,1,4,562141,4
32,33,13,356,74,13,13943,4,11936,153,13860,14
46827,28809,70,520,540,46,4757,30,469,102,56655,28809,63,168,163,1296,96,46,36690,2370
53,908,1,16840,543
302,151030,46,221,271,16,37,133,1,934,39,44074,83,151769,1
33,123,137,214,92,15,1671,9542,15,1722,126,1177,15,377
92,12474,265,15,379,4,10,225,78,653,121,38670,4,22670,29,325,11627,9,9,325,11627,16,55897
451,9,9,717,53,1582,39,1614,70,78,29,1949,39,2258,1,10,1836,63,316606,894,9
1330,126,16,716,87121,28,1617,79,171,2464,1
4076,8707,28,1400,565
126,70,375,25162,104639,13,11701,39,14437,14,14,1100742,25162,14,14
7024,15225,384,130,45,109,70,110298,46827,39,150583,982506,26,889451
2579,28906,9,9,9,73,51,1507,9,9,88
10,13591,68,504,2254,2178,51,1024,43,51,64,3981,1,51,13591,226,30,504,1542,1205,33
13097,11864,1
574,66,13,35,13531,1,3165,37,311,11,2200,425,42556,99,39,1535,1
6955,11,18468,6593,2258,8981,965,32,200063,28004,16,6165,83,7039,6593,1745,2258
672,15,276,896,273,16,11,22853,3177
80165,8793,32,6599,59,22292
81026
3376,1436,712,5781,3376,4200,66,13,8904,6475,18533,85,58,18581,7456,26,651,169848,64301,1,56,175
1514,199,16928,109,1728
12,2,42,20869,313,16,284,11,2079,42,42,12973,85,869,1196,2329,231,26,3050,42,12,16,21,82987,1,9
55,3436,436,586,2921,2193,1151,4,623
1,2412,47729,220612,15510,11,654824,2321,26589,9,249158,750,850,9
9944,11,7621,2193
9555,183,12879,99,39,59,19685,4,78,1246,1,196,12655,13,5297,85782
1468,23675,66,251539,22,434723,4,21649,14646,9351,5316,26,14646,4305,92,33,15641
117,4,10665,215,145,15581,285,660,16,87,6185,58,191,12,16928,1868,12
7067,31976,5764,16,87,5300,35,13999,35,1480,344,26,10766,75,13,9445,39,45870,63,8950,1523,4,7140,1523,1
2621,10,23239,8464,121,13,5889,35,16712,1924,152,44699,4,200,19390,11099,46,1924,330162,4,1384,2597,1
53,447,18774,1369,57358,45,3302,83383,7530,80085,36,81410,15081,64,39305,126,243,3302,6746,221,135081
393,2007,58,56093,4,1394,367,32,5039,37,2,2258,58,18427,4,337993,58,30774,26,5988,19986,58,55180,31923,1,58,14
47,78,183,575,39,202777,12279,1272,151,126,350,8906,377,7184,36,11454,36
43,15,11489,66218,26,360424,133,61,3258,14
9612,3817,43910,73,11509,16,922,3020,124,34218,64,39305,313,133,5623,24444,1,942,37,217021,2400,16,6605
367782,70,55,2611,26,197695,79,13,25222,51489,13078,70,1326,39,639575,92,15,26688,133,409348
3651,12814,15067
10,1836,63,13,688,1,79,1054,3080,8452,75,254,1,717,375,1500,6866,70,78,29,1949,39,2258,1
411,135,9143,27929,10233,12721,2197,898132,66,28726,7670,11921,1,225708,39,43070,214,9699,83,2053,726
194915,11936,4,19428,1394,4129,1087,108491,9299,457456,11,3084,1036
22538,60571,10739,91,81199,1251,939,19969,85,182,520,355,5924,16,1733,1499,2326,71894,998045,10766,667144,3134
86,32,38735,8448,51,361,1272,133,1531,7050,5508,75,199,34888,543,10,2768,651,965,2436,1
92,51,462,504,1807,30852,115,199,44610,39,9867,348,20052,504,41328,77016,254,229
51,348,4119,21,140867,1,51,41328,83963,239,115,86,20837,504,2367,10,226,7039,12894,16,5718,14,30,27550
1576,58,6331,436
2,559,1467,7997
820,658,26,232,1135,477,17,13597,3890,25495,13884,105635,1,33496,1,65770,20
130,384,1916,16,1262,16,1384,3492,5614,35,1301,1963,145,46,4309
55,32,53,664,14,239,83963,73,829,8496,75,469,5990,50812,97335,415965,32870
12235,22086,33496,1,4
35,65770,4,191,130,102,24554,407019,124,17779,4,7791,4,1029,1603,26,16219,1
29,39,2258,32,22002,4,22002,22520,4,22002,1530,116292,22441,997282
3949,1,26,1853,20721,156
1,1729,313,9,894,4,902,108873,22853,393,392,1,4091,83,37,22853
10,129,16,5508,9867,34888,6098,33,15947,21,92,10,163,6058,311,13790,35,199,450,5319,1,33,215,488,5718
6331,436
1330,16,1535,7662
16437,153,1330,11,17966,14875,26,1671,3791,37,33,1
1307,9387,8827,219,75,9445,45870,17,14685,4,5402,20
13,1158,32,78,13,1636,3053,126,13,3890,938,2923,12682
559,9,35,11,1422,568,40701,1959,133,1590,2986,58,11,163759,16516,12251,83,5014,53962,33312,9
32,488,79,4507,13,208625,115,86,2416,26,86,3563,86,2416,26,86,3563,117,1180,533,13444,549
229,80,111,58,11,6021,23885,2,428,32,8016,58,4507,428,32,8016,58,4507,46,2500,2274,83,42843
35,13,28809,39,22176,35,13,1969,90678,39,1034,2130,35,13,583,33781,35,13,4791,434,39,52751,35,13,31649,256707,39,1422,4356
2091,9,17,160168,5319,28,62828,2200,65770,35,65770,4,3337,20
191,746,3399,43,1169,58,208,130,563,78,63690,4,79,37,151334,4791,5012
9925,182803,61,5649,124,147,4080,15,46,13,3095,55,147,102,3211,61,1523
2477,16,13,17962,39,13,12939,1535,8815,4,124,296,124,172,8162,35,114834,26,190163,39,17988,26,469,19774,1393,5977,1
61,4597,518,32,11,52432,26,1911,16,3211,277,33070,151769,1
12,3119,12,11,136614,39,504,3010,8827,14,111,1593,11,31911,1,51,13591,87,1636,35,199,1267,51,436
319,79,232,199,1369,2209,228,55,202,19379,1494,55,109,64,16,76,351890,1
101030,35,1,35,61315,4,29515,1218,2866,26,1218,293734,4,27934,13,590
341,9,375,1590,15619,26,7168,70,1
13,42447,39,6086,4322,39845,152,13,4,133,75,254,13,367,4,10236,11,8525,22467,29445,7486,37
56655,66206,19969,26967,58,8208,37,360291,3667,1
117,195,51,396,27610,13,1296,1030,14
78,35,37,151769,53,135,1,17,5527,656,3619,35,65770,4,2284,20
5799,44192,114175,1119407,2703,103526,114175,1
23845,2579,32,110,784,66,1,1621,148,16,2206,83,42707,8035,9,9,9
903,4359,11660,1480,746,7220,84950,15854
13,101030,93,11060,37,1752,51147,2572,11619,909594,739,124,101030,5402,10202,26,1
18657,66,225,209,674,9
602,2258,35,65770
1535,2321,236,38,269491,17,2321,5791,48064,35,65770,4,2284,20
10,72,7750,85,58,19252,1,27111,1847,228,313,26,8023,109,3295,1298,63,894422,47,55,17846
12,2,12,2,536574,8569,91,435,1580,2317,320759,688,1,12,22853,6293,1,12
13,56986,1426,8610,281400,45,13,1741,26,13989,43910,35,2284,855,37,11,16829,4,554,260,16,1148,313,1
2240,1,156,202,10744,4,88,1
221,63,24026,25145,83,343379,733094,4,568,1268,352,63,34540,83,3075
29,325,5990,9,11,85007,6599,26,52730,75,15841,85,35,380505,5645,1,16669,814,4
348823,11245,6922,181,91,1,296275,1036,19379,5791,9903,29757
3787,4655,421176,15067,14
1210,32,4408,12820,35,2284,70,156,44961,110,4,540,202,8298
12,384,21,15,68,21,183,21,264,33,9,2002,83,11099
7443,74,15,722,984514,26,66,335,26,17908,1413,1
9196,127154,17859,16617,91,9196,32171,314740
270,22829,2321,22829
152,25563,16,205,82150,4,641872,960572,215,96695,3906,168,489,19379,1494,9,9,209,32,16,2861,739,43808
37,191,2908,70,63,11,2417,39,6063,1,602,59,96,798
28,33,6502,4,13693,28,28,3337,29262,4791,8818
10655,3341,2200,13722,12047,4,918,24995,201501
2258,76536,2,4049,917,3337,4,125,4,4857,1155
496,42784,32,2258,4429,46,102709,258212,28221,14
3996,26825,857340,4,667303,4,13,208,11864,4,15520,26,4169,1
39305,7596,53276,42,125,42,58,75,13,122,20373,45,10,6633,2324,4,10,470,39305
580798,8985,9,9,9,53,93,863,11,520,398,7938,110,9,9,9
325,265,291,115,13,20172,39,9867,83,168,3986,1,265,4263,13,892,1,240,80,436,68141,4649
2,126832,28,482129,4,11,2897,9346,46,24358,4,6769,11936,755370,23115
11,126832,482129,2897,46,24358,4,29,7307,4458,39,102709,240467
623,485811,9,2002,83,11099
18448,175972,6331,2034,3948,58,56281,409,26,2295,147,32,341,100043,1,47,348,51,183,33,3502,51,129,16,515,163352
148,35,13,3431,356712,579630,205900,142178,250462,820,4408,11,4639,3445,66,150689
965,496,1030,6424,43605,196,64,407,93,9181,37,89562,12788,15619,133,13,5990,13393,9
12,2,4329,19428,242,453174,30,5956,91,3150,28,22853,704,12
55,1127,119,58,4946,490,124,74,75,32,890,389,516,133,11669,420,75,128,56,296
704090,209756,22853,49,274
43652,644,586,151769,1231,14
292986,949,60035,1,1830,16,832,12237,58,11,26526,39,4,21550,26,772758,1,29,2182,16,13,12632,9
32,894,37899,16,124,4,124,1560,102709,4,93,184551,229,1477,11,3341,58,11,731,13483,1
820,32,229,1,58,33,1041,4639,4,115413,4,26,7466,9,820,32,29,6611,777,1009
126,15,5791,172,1535,2321,193,55,17546
27111,2,11660,4,4359,287,47466,2,48289,90757
10,87,13470,35,29,3260,3114,10,17440,3258,122,3892,74778,295,85494,9
2319,32,744,61,569,3583,152,11,2193,46,1110,338
292,1404,23277,533,19969,13979,2672,9,43319,814,10,15,63,53,96,9
2319,32,11,2609,3075,1455
75,13,1992,29262,127,8934,35,13,1992,11864,27809,16,6898,70,16,56,9810,3016,1574
2319,32,2767,12172
3606,644,242,4572,421176,8913,1036
319,595,1384,45,3986,37,11866,917,3986,1089,4633,2714,394277,1155
11,14933,437,1213,325,22002,1894,22853,595401,7839
53,708,63,13,266489,212898,6016,1,193,399,1659,39,3075,15,260,185,17,597,411,1632,20,1
15846,183,37,11,341,202633,10403,4,9722,140811,4,8652,61,1350,26,70,18533,58,16033,101684,9
375,1494,1397,102,56,172,80488,16617,39,5297,26,77936,3469,6503,1
63,13,112703,39,23706,16928
18427,831089,249,38869,523,282,145,2268,4,626,92,33,93,9810,48,355,3211,48,16,1271,575,39
43982,524,15619,496,1216,14
33,32,13,1298,45,814,63,45,1,239,330,31155,5985,1,76,33,11,7596,4,1447,153,17660
191,746,33,191016,78,75,746,1,1272,894,276,3211,13,60094,1
641989,16617,2621,9,9
14105,1873,4,1021,26,16228,1873,9,9
8897,4,12462,46,71687,9501,186,156,202
110,13,876,64,16,4655,350,3726,4530,30783,153,3586,18484,1
16004,26,411551,397084,64,248,37499,7262,18427,4,750,19252,561141,111,26,3028,2258,58,153,469,1397,1
688,4342,2,13860,4329,699,664,1
7918,1213,4,79,53,1
3831,6179
105501,26,78550,16617,215,248,520,117,55,880,1,33,1925,109,64,117,65513
3606,55180,5013,79,111,58,31628,46,2258,111,58,2572,979,36,2572,2594
177,13693,4,281400,833,54905,39,85785,35,344,2258,37,411,641,1
35,18427,1064,107,32,211,16,922,16411,37,2258,1
3606,55180,5013,79,111,58,18427,46,2258
110,764,827,931662,37,22853,2888,234694,4,86,11,341,5904,4,16,56,764,43,15,171,16,56,11,117,5904,894,14,30,3434,108384,93,11,355,764
107,297,64,59,407,4,78,29,1949,39,2258,1,631,645,93,78,2379,4,2751,66,53,1194
13,12721,507,39,19252,2626,13693,7193,32,4,969,10747,39,76798,152,221,1394,227215,1,143960,171,16,509,35,145,15915,35,1306
2097,38,28,1428,38,2523,17,14770,10940,20,33602,47779,83,682,47779,26,19447,17791
117,287955,78550,1,416,33,225,538,15,196,64,392,74,78,899,99,1,1012,105501,26,15,117,16617
5264,15,11,177,338,11,2579,453124,16,61,4406,9,209,39,1248,156,4,1285
12,2,53,32,2279,532,28,532,34453,10050,35,3529,12
12682,22873,3879,190,3020,37,15,102392,23706,4757,12965
96,410,37,538,4,35801,8851,32,6334,4,11,881,10913,4,80,64,16,1378,58,67479,42087,110,1
11,1009,39,28799,26,70835,32,92,13,794,221,4694,1,626,45,411,135
7903,1999,153,3089,133,19252,38,4694,32,63,9482,1447,35,60095,1,43,19206,894,1330,5895,716,39,703,135,14
299048,299048,38468,31095,13860
13860,1115719
44458,13860,173
29,590,32,13860
886,670,39,1933,4549,6097,45,102,56,74316,28,478448,463944,38,14022,37,96
296,10,761,108,208,110,32,11,881,10913,4,30,1069,35801,33,182,4,64,16,1378,58,67479,42087,1
14722,4,111,87,191,9507,83,7127,12,45,135,39,13,356,389,2,17877,35,3337,1,10,225,397,9886,85,58,2949,1,12
389469,14875
295564,143,31911,4,31911
357,3563,1087,16,15,239,74,38548,1041,35,3337,10874,11,10855
12,2,7903,1246,35,729,1246,448,32,63,7903,35,6652,41688,18657,12
894,396,361,42032,18923,4,214,35,739,11,3155,4,45,191,96,63,18427,102,4373,133,13,10233,16458,16,13,607,1
8298,11475,1,135,215,243,16,624,133,311,46,4303,8700,765,530,1
89978,20516,9
164,10,1853,2183,4694,949,14
11627
546,16,21307,261,36454,1004,1949,2193
6843,54832,446,40704,242,4359,294,51002,90461
4232,31052,58,15037,2552,1,86,11,674,9
20,20869
88,1012,175585,70,5105,37,14417,37456
1,11,2712,12457,133,24318,83,6249,2714,105071,55,13,5963,39,2308,26,1083,518522
29,325,11627
269,2348,4717,37,1353,24043,135,16,1415,228
92,10,2021,1535,2,299,1547,33,85,299,2540,33,1477,13,8449,4,929,128,115,1
340,340,340,340,685,135,9,9,95533,16,1415,1343,13,795,99,24043,153,206,20,75,199,209
48,31323,48,83,48,24043,48,70,110,3150,35
4455,26,822481,13,628,11615
7938,35,13,15496,1,2348,4717,3389,133,53,2523
393,110,894,814,284,277,24043,26,16917,489,4507,124,3337,3389,389
302,3337,80,68,15,80,70,579,58,24043
11627,133
126,43,15,264,121,13,487,26,1353,11,1071,16,5990,704,16,3495,24043,14,14
88,10,186,490,5463,32,798,37,11,2579,273,48612,63423,73,3030,26,51,128,10731,4046,352,156,173
3,12,126,16,11,11627,12
620,125,37,2183,991610,6211
4842,35,325,3981
422,4,348,1203,11452,7885,18369,4,488,215,2070,4,18369,232,397,8255,9,9
13,1045,35,3651,9
807,9193,17685,97115,12172
9678,32,26032
9678,2829
459,11982
436,121,620,580,4,389,64871,46,13,20671,2699,933,162646,1,17151,1
11716,1908,1,12,2,35,1759,2,6507,637,18686,28,12
3134,2258,122205,40664,4,2041
4,16077,335,56321,782,145
63,15854,46432,99,11,6179,10667,4,1612,1
26,126,15,722,10781,23313,9117,58,11,13038,39,19379
13,7292,39,75,449,75,26,43052,71615,26,656,10298,761820,16,2521
151,1367,96,398,48132,1251,58,833,16909,6768
10931,3986,38,3986,18513,16,75,2259
319,33874,685,135,384,504,414,17903,16,1384,350,3986,13679,35,277,491,13679,1384,2271
3651,439613,126,830248,14,126,14
37,2284,4,221,63,11432,2457,35,13,119,26,35,13,1966,4,15,87,1501,477,26,2171,9,1049,87,99,39,3093,3307
845,812,26,1246,110,225,10,6599
277,70793,8016,14
6566,32,802,39,277,8192,1,16928,32,78,9
43,15,68,11982,85,83,10473,6980,708,4,240,53,32,634,37,15,60
8035,8192,83,2209,11,1999,39,16,56,35,2054,58,12721,83,19695
64,2742,39,12301,36,4309,148,29,8240
55,10,93,1068,11,286,39,375,884,17685,13,13860,26,675453,16,21,4,11,13382,93
4626,26,46,2523,1,33,614,64,248,11,26842,16,1057,16,282,317,1,434
1,35,4,74,109,478,5967,219,7376,4,7376,432,204,10,15846,9,9,9
45,2074,13,1240,1426,35,16958,3337,9,75,18533,2360,16,11,9
1954,6111,12301,35,65770
12,2,133,2153,91245,16,13361,8404,4,260,72338,42854,58,7254,2683,4,1442,1,27356,1,12
28977,12301,73,520,2913,35,38427,26,3211,350,386360,15938,32,894,520,685,133,2034,79
382,1661,2909,348,979,496,2727,165889,4,80,171,13,762,2530,688,305,80,143,550,83,21852
415718,1036,21,4,21,147876,5967,1164196,588,13494,8821,9
109,39821,9351,46,277,1729,26,425,291,320
1009382,8980,32,11,908,215,11,7261,16617,39,3022,4,733,3056,8387,26,11541
33,4,4953,4,87744,4,24397,4,2426
19252,276,3343,83836,1757,16,31253,36,564,37,2579,18087,17877,4,348,1215
1469,39209,4,4694,4,5538,1144,117,30,39,287,64,13,3260,37,13,463,41446,1
48,20671,48,32,110,3150,35
129329,32,5990,8192,1,16928,32,78,9
12,2,11,1173,133,29,1226,11965,14
598,119,1632,9226,37,18453,240,14,128,1894,191,202,2379,11452,16,13,171684,1
2565,109,73,1500,13942,245,4,79,15380,37,598272,893201,4,53,215,16,284,13,2193
80968,855,46,11,28068,1893,92,33,4036,45,21023,188055,4702,124,1933,124,206,35,20671,10923,1
13,1399,39,228,311,56986,57705,39,497,133,41092,965,70,894,46108,124,463,3981
10,257,815095,182,199,271,109,13444,46,4435,225,10,45,559,14
540,9029,58,277,463,3981,4,58,49619,46,13,16095,624,39,449,39,228
11934,36689,270477,21383,4,482,8516,397003,26,4929,28809
9237,795,11864,32,63,208,1181
744,11,1467,2193,37,53,1216,24762,9,80,70,8436,21,4652,1467,2193
43652,99300,446,74738,151769,19428
265,13,2579,24232,26,25748,56,61,4743,4,26,183,363,45,128,416,37,13,886,435,9
29,583,6782,1809,59,63,1572,34761
164,290,13,367,163,933,92,80165,8793,814,107,59498,23706,16928,14,193,10,1782,4,130,2337,954,16,63,86,109,63,1
1522,29,15854,36,73,16146,37,228,156
2,13,87744,18167,11245,35,8385,58,433034,35,12235,8732,83,17754,99,108958,35,19170,3991,4
2,87744,108958,46,543,39,1311,12235,8732,10699,4,12235,31690,39,3337,33496,4,26,66398,4260,1246,7918,4
28894,790,19649,1415,35,1,13,14604,93,11454,3101,1
22433,3789,1585,35,2258,628,32,117,4264,16,183,3337,267,13693,32,13,802,39,3337,55,109,276,18309,16,43,363,37,199894
89544,242,697,595390,4,4,7938,557,438127
30,4,449,4653,194979,128,497,11064,4,26,3986,53,37,23005
80,129,16,7039,228,106275,151769,42,13722,80829,42
2644,7964,4,4209,21180,6179,1104878
10,186,215,11,182,2579,13393,46,1,10977,11,25317,36,1802,145,285,124211,29,25806
357,295,285,15269,151769,393,109,148663,5990,13335
80,64,11,13483,8904,4,641,518,6475,4647,7181,26,393,75,13,210831,80,183,576,1043,60658,1,16,56,2611,16,70834,249,17,20
11,1995,822608,35,291,13,6967,16,1763,13,3507,4,3211,13,1444,26,2054,75,39,277,19711,20,1
35,2034,3035,58,20373,1,32541,4,4,20037,4,52730,85,35,3736,1,13958,3948,1,29,681,83,859,7173,78,211,313,296,1
13,1680,15867,29679,2,15867,6194,13,1680,15867,13,1680,15867,12304
130,5285,85,37,1156500,35,78,311,4020,58,37,6336,1,144441,5990,8619,39,1704,168779,9
10652,39,355,3211,1369,1659,39,15695,13944,35,615,744,9
93,96,15624,4,127,1527,12689,38707,16,13124,26,13989,8338,5799,156,1
553,122,28,3892,4,74778,4,295,85494,36,2684,4255,7200
553,122,28,3892,4,74778,4,295,85494,153,645,56439,2813,43,53,51
553,122,28,3892,4,74778,4,295,85494,36,76,11,5879,2183
86,14,14,15,111,16,191,10750,4,11982,63,45,1473,14,14,14
80,190,115,965,390213,128,987,11,117,7938,35,181,1,55,416,46,1619,9,2319,1041,92,33,32,449,9620,9,9,76,234
891181,151769,1,17,5527,5319,35,1144631,4,143356,93252,20
43982,4451,557,470543,40
1012,70,1849,64,15,10053,11,47779,7727,58,274932,11982,1034
127,813,1757,230903,45,19252,32,39466,5722,1,708,63,19761,64,550,699,12682,1
13,718160,4311,20037,46,2500
37,13,151769,14,3,5379,6105,7978,42613,249,29453,1621,16,18453,1,9490,16,13693,1,6082,16,56,19633,2252
63606,105538,123,163759,29044,4,303978,16516,83,51820,15313,283398,58,235925,130831,66,9
78,4232,33,1,10,186,1848,32,13,122,4193,159426,4,240,389,4,1848,9309,17103,39,3978,35,13,344,26,6886,11,577167
10,908831,325,435,62092
4,10,59,10554,11,2579,13852,3469,32,1,30,5777,37,135,37,15,1272,1,10,348,186,239,74,10,605,221,30,716
13,215,22213,325,87640,64987,17452,1,109,868,1871,2
11099,2183,9,17,35,65770,4,3337,20
62092,2621,1
215,6249,46,249,490,1,249244,8452,73,59,45,249244,1,30,5777,102,56,3469,16,739,25145
1210,58,1030,13865,7446,4,29,1024,32,11,10519,4169,4,3173,6367,58,375,1326,39,17903
148,13,10354,70,311,520,98896,1,425,257842,26,22853,37,3375,12546,1,37,362702,4,53,32
102,53,1206,389,447,16917,24043,3337,2490
195,15,37,11,749,186,121,329,133,1741,11251,153,13989,11251,43910,87,23313,133,14
9092,16262,28,48,11,1916,127,32,11569,16,249,1288,128,78,64,547,1318,37,632,1,48
5990,1369,965,34745,16,590,6566,10231,8137,48,29391,6436,48,393,104968,794,2707,58,1729,35,13,6179,10667,1
424,3337,1148,313,45,7102,663,770164,102,11,104113,12235,114198,7102,2492,35,12235,4349,3700,14
12721,114175,5994,242
12,2,175,32,214,96,12721,35,53,1981,3341,1,13,1399,70,75,5645,35,13,3507,1,30,469,50235,9,12,26,14214,1029,21904,88
30,96,93,1773,16,14035,44162,469,285,621227,26,2695,12721,1980,296,1,58,414,1205,39,11050,9463,297,64,392,296
2379,231,3981,393,1444,4,3073,231,393,8679,3073,231,393,17138,4,3073,231
263548,171,4939,35,3981,16,875,2317,1
9540,6979,231,3981,152,18199
845,137697,70,6599
3981,37164,68,526,249,497,94301
12,2,18166,91,11982,1999,91,483288,11936,232166,6413,446,12,2412,55,4599,35,199,409
826671,251263,5799,91,19428,1179,4966,1036,8484,11982,232166,79003,294,5099
91,6865,273,4,91,16958,87,85,4,299048,55833,294,23286,87,85,4,3651,91,220128,87,85
1381,16,15904,249,5044,11432
8090,1069,201420,35,29808,68983,2954,152,1802,34927,254971,26136,12137
131303,26,8827,39,13,17660,260032,39
39143,105398,58,39143,7765,39,39143
172,518,182085,121,8211,6228,28516,1,554,39,228,64,11,3532,45,109,13996,46,13,2373,12
24823,39,44812,26,8532,5300,39,28664,12235,105538,58,103415,3256,143027
93,733,9,8525,22467,32,11,547,9420,9,9
5866,4,128,51,1482,58,291,191,1507,3948,46,504,1621,34802,285,2007,4,221,38427,4,26526,4,3211,83,812,14080,4,3850,1
78,59,146,11463,150689,1036,2605,47779
260,11,787653,7194,4,78,3986,26,837312,1,10,129,16,2109,85,1469,414,10,10784,16,722,1
108872,39,232549,4,5840,8827,35,2527,12721,750729,48393,1
17503,148371,39872,39,933,69802,4
39,13,13597,1897,2,965,33264,45,297,56,106043,37
70835,26,316852,39,39867,20451,58,40431,6521,9157,17,20
9279,1179,4601,830,6064,40704,242,2699,91,371381,381,356,6637,58960,421176,16855,91,21575
14427,39580,2101,2579,1076,39,17,872,87,20,1826,1,38,28,214,1
10,348,186,6791,11,117,10604,74,51,436,26,63,228,1218,14,14,1243,109,70,472509,88
183,30,414,2479,4,109,64,30,3311,16,31803,2705,1,183,398,2479,4,12069,685,35,420,26,320,1
46,13,6142,16,12578,4,416,61,918,4849,13,1952,1,3672,46,13,16840,4,78,4849,13,5311,1
16,4953,4,2426,4,24397,4,87744,4,194433,46,83,9704,1
186703,182418,1,174715,294,198812,4451,34282
147,896,8525,33
70834,8015,7938,45,75,7457,26,107,629,43,202,1,1426,1261
7107,8443,1,11,8821,77126,549,1,53,135,576,206,51119,32,13,3577,27111,37,13,13,29076,1
965,1218,107,4939,35,3981,610,9,9,3337,32,36164,45,107,2215,1493,291,1
15,102,183,1415,133,1535,1
231,3981,4,48,137,26,48,137,4,5712,22,152196,6471,1433,4,22520,4
93,2259,409,152,13,52954,35,13,3746,520,816,121,33,109,2275,16,13,27111
13,52954,78,239,76943,13,3437,334,13,27111,39,1396,127,11839,16,277836,19252,46,1174,26,381,2873,1802,892,17593
145,285,109439,39,13,4408,325,13,27111,276,76,1941,16,12513,1,25207,5243,26,37413,39,1064,1
35,3981,14,1400,156,1933,1,109,128,3073,45,202,35,288,3390
319,22829,436,586,70122,5799,1036,68503,1,10966,44610,1
231,3981,4,22,152196,468,86,107,290,209,4,602,11,5340
135,5963,21,7050,722,2747,3003
2183,17,985977,1,35,65770,4,2284,20
433,13,688,13597,6297,23757,4,520,2625,186845,39,126,651392,70,7057,35,4049,1
377028,58,1568,584,83,55324,58,463,24535,8468,39,270615,9,9,9,183,33,13989,55,2151,11,414,463,33
22520,1179,592258,10781,34761,8551,5156,10781,16,716,13101,1451,245796
1425,89000,1690,33496,1,105538,35,1121,12235,83,24358,1,58,198340,424,20860,1
1425,89000,1690,33496,1,105538,35,1121,12235,83,24358,1,58,198340,424,20860,1
32,13,209,410,16,1169,16,65770,393,13,5527,151769
863,82390,45,2041,13,26046,39,151769,35,277,934,9
86,102,56,392,92,15,87,33181,15854,35,16917,3879,14
231,3981,4,48,137,4,48,137,330998,38897,5712,11,76,22,152196,85154,1433,82,16977,9850
254,372482,4939,4,30,3981,4,424,3970,4,96,4946,1763,4,96,154808,4,2413,816792,37,266892
4939,4,3981,4,26,48,137,4,11,76,22,152196,4,23105
4,4,4,4,4,4,4,4,4,4,4,4,4,4,4,4,4,4,4,4,4,4,4,4,4,4,4,28,288,3981,14194,152,4757,22,152196,4
259421,1535,530,249147,2500,2,361,83,690,4667,39,16857,9207,186046,9919
10,59,420,208266,258414,590,1041,2603,58,372371,13591,76,32218,46,199,2193
4939,4,3981,4,48,137,48,137,4,4757,22,152196,667,38,370,10410
26,231,3981,4,11,76,22,152196,284,11,6439,341,4869,800,389
231,3981,4,48,137,26,48,137,4,800,389,311,9886,549,152,22,152196
2,8805,102,7949,46,11,3597,124432,39,488,79,1447,4,12975,26,16,115
10,102,832,24043,1436,133,29,335,1
1415,24043,3045,53,156,973,9
3337,15225,64,392,8178,9990,573018,16,58960,634,487,4,1493,3981,2074,13,2953,4
111,1535,5253,35,26718
198765,4939,231,96,254,46,249,271,16,231,3981,1
172,32,11,275112,4636,2031,13654,4,3148,7651,16,13,88974,7433,39,1174,11864
4694,70,13,449,1849,802,39,13,40803
4694,71350,35,3009,19090,4849,13,40803,1582,26,221,6167
34842,2535,39,13,4694,70,5574,285,329,109,70,7651,16,13,962519,4,35,449,54132
4694,894,5099,13,14211,37,13,22011
1578,133,208,11864,16,795,11864,4,2556,16,6445
2528,80,21023,348,1174406,504,10616,39,3673,6098,80,70,78,15543,20689,38303,63,51,1
93,11,26842,16,433,148,74,214,249,8341,377,53927,16,3755,107,196,64,260,7290,23250
22403,1482,99300,165889,688
9507,2183,215,16,56,96,13,2879,656,60778,39,13,367,1
14722,35,6178,11982,878,2,82154,254107,1433,4,7376,78094,18247,478709,69,34660,32267,1
32,11,2703,36175,688,26,11,2579,688,63,11,2579,4385,39,1188,68,33,37190,688,1
32,11,2703,36175,688,26,11,2579,688,63,11,2579,4385,39,1188,68,33,37190,688,1
6652,4435,14,3,6178,138034,120709,37,13,4857,135,35,869
74,45,196,64,248,78550,4,105501,16617,66,254,196,64,248,341,1659,39,78550,4,32,520,2259
3981,70,2625,795,26,208,94301,9990,4392
5990,68117,4,3981,1,3337,276,182,516,8886,121,221,9990,1
4300,11,2615,2376,1737,58,168,590,83,61,14804,58,11,920,39,13,5392,35,221,16516,2271
576934,8485,14,135,16,379,1
221041,1231,11660,14,4359,437,2398,9,103119,8686,7938,9
917,2181,4,315481,83,2222,5997,425,29,125,420,109,3986,13,19500
13,19685,13701,172400,58,13452,66
58,13,16997,39,222722,83701,32,602,80,530,64,11,1071,270071,39,24867,12,23505,12,1221,13,1248,899,833
10,225,211,58,29,9557,16,16,17847,13,19685,13701,29445,37,884,1
172,40803,215,2736,102439,79900,2,962519,4,4694,4,4,1426,10746,4,26,647636
654,4694,12476,449,39,13,7017,37,172,22011,4,13,962519,894,45908,11,414,7017
75,13,209,3337,1,1665,174591,36,206639,31633,1,260,33,248,174591,4,176534,3981,5849,13591,64,248,5374,1
66,6593,27042,35,10655,17660,2466,35,13,656,8470,1
202,79157,3337,2181,2041,1,670,39,1415,24043,148,1,75,13,209,3337,1
481685,32,699,37,5105,9,1
6165,16,416,61,24043,2271,1733,389,9,9,9
24043,1302,220714,1969,33
6178,5441,24043,46,131462,66,42,21023,2,22520,125322,6178,21,589,157
11982,85,37,11,353,148,1
8197,3981,27404,2577,288,31854,91,107234
129,271302,83,125,5770,62092
10,68,29,3964,16904,55,202,123,10,5523,33,58,11,31669,39,1177,1,35142,110,660,477,16,3495,33
59,191,177,10233,21926,1477,13,92860,1
12,2,191,831,3532,75,350,2597,663,2584,33,32,78,182,13,3532,109,70,393,1,28,7475,2006,75184,12,520,1891,407
115,7050,32,4653,11,20583,31425,55,374,85,7050,74,15,264,1436
78,722,13,7050,39,11,650,153614,45500,39,94663,83,55,252159
9157,26,256795,17294,28,98896,1655,193,215289
26994,78,2597,26,722,78,7050,75,20583,11504,15,37,739,3003
2597,4022,152,761300,133,7050,10053,152,673,83,7054,35,800,109,53932,16,722
98896,1655,3532,10744,28,225,1969,28453,9,193,215289
11982,32,733
19981,58,34453,1,447,7486,22043,5430,1802,13149,2,4753,5477,11,2340,5430,1802,34453,14
21846
92,80,379,969,4,21917,18651,55461,9351,46,277,27974,16,1093,291,85,16,183,129114,1
21917,18651,55461,9351,46,277,27974,16,1093,291,85,16,183,129114,1,28
11,726,127,32,25984,16,111,16,13989,281,152,1288,11440,6211,4
16928,32,565,267,15,87,16928,26,34331,1,11,10553,39,78,1068,785,863,26,1556,1
623,4953,688,26,409494,201356,688,5605,105397,15159,19428,623
264,63,1531,3325,12152,17,3625,2007,35,65770,4,2284,20
2527,687,13,5892,34460,61198,14264,122,5892,58,1268,20100,34460
74,12965,12332,109,128,12721,37,6178,35,11756,2041,83,55809,45,2181,487,16,64,191,85197
3165,27111,343305,881,35,11,5424,66,1,619,5154,520,1507,9776,150689
110,86,32,4,86,128,13,1590,43,14,722,20721,14,32,33,78,623,40345,39,1426,45,156,35,13693,14
3212,907199,126,102,632,3667,99,4530,13,6762,39,580,35,1815,39,23473,4,33,32,11,12210,3054,153,78
3212,907199,126,102,2572,243,16,115,121,12210,3054,1
19252,134,218290,93314,24799,2,346597,4,194979,83,82966,260,1728,13,13693,20059,16,509,54875,35,381,19252,6986,83,222580,33,56078,9
63687,35,172,25137,4953,13483,8671,141602,4,147,66630,33,58,11,2128,39277,1
72,28,44646,425,152,1542,11,28,22338,456,28,117,3211,456,28,117,2541,10,28,35,75675
43,15,186,45,33,143050,39,21317,102,3822,191,6097,1
12,2,24435,47573,12,260,11,32814,17,17257,1632,20,46827,1745,790,65770,30,357529
260,66218,37,2091,606,66,150819,37,1829
92,102,80,2337,31911,1880,37
1647,264,169889,15225,361,20301,15345,1177,4143,4,1659,3672,46,1741,4,13989
942,37,12,57006,12,16,87,119,46,1188
277,22853,3177,4,393,1723,11,81944,5454,83,9197,412387,4,61574,66,13,390468,39,13,4500,246,14
37,558,39,291,127,38913,31923,4,249,487,6249,46,277,4466,28,6249,46,277,4466,196,56,74,1773,16,5137,296,124,1757
22305,8793,1005,16928,15657,1,191,384,282,45,6522,85,37,664,2939,74,107,290,11,1906,46,13,16928,14
29,32,13,209,267,147,523,239,25748,3211,6432,35,13,44646,1
44646,32,30,145,11,10403,110,11,455,221,260,1671,13,777,14875,39,130,39,75,6425
29,569,32,3161,579,16,183,44646,4,6098,147,1280,28389,3211,16,954,1
29,32,11,2261,124,147,523,44646,58,44646,12172,4,83,44646,85785
80,64,18325,191,122,38486,1,49616,201180,24459,15,16,1621,277,2101,83,64,11,3211,1
11133,28809,23891,27943,489,338887,23313,2313,2
102,190,56,10173,58,496,469,14875,35,13,367,6098,221,3211,32,2565,152,13,533
3599,147,523,16909,6249,44646,12172,2,5136,44646,58,20321,7200,26,31052,1,111111,26,16077
29,3947,44646,32,209,6098,147,33136,44646,1471,5281,83,120329,33,1,14105,5281,44646,58,1745,154336
33,93,1906,125,39,11090,3961,3004,4,39920,93,39,11090,1089,3733,28,6097,4451
164,15,1127,16,277,1502,4,15619,65770,14,563,80,6321,11,670,58,4,26
239,29,382,109,42448,3295,16,175,5230,63,448,32870,109,239,521,632
136598,107161,2183,4,903,83,12682,15217,39,25748,4,73450,7997,1
45,407,96,39,13,396,127,1644,32,11,182,117,635,4,24759,4,477,1135,4,10233,16458,1326,1
2,226,188072,7750,85,58,172,861,111179,4,171,11,13989,16,3295,1,19037,12988,55,1,78
1621,23845,16,42707,48,16838,7292,46,8904,2579,25748,48,1
477,1135,4,24759,635,107,32,4,540,202,10233,16458,4272
12,2,883,1,6748,78,311,12551,66,13,5863,32,59,11608,664,9,28260,12,8370
1,315,827,11,3211,39,13,66,13,9
1,126,290,13,122,3211,14
13,4333,2074,19228,66,13,126,1227,33,32,16,4300,2007,1809,9,6111,9
287,16617,2577,44192
2258,76536,2,4049,917,3337,4,125,4,4857,1155
2258,76536,2,4049,917,3337,4,125,4,4857,1155
2258,76536,2,4049,917,3337,4,125,4,4857,1155
2258,76536,2,4049,917,3337,4,125,4,4857,1155
2258,76536,2,4049,917,3337,4,125,4,4857,1155
1151,46,7200,14
425,48,137,338,1216,152,19418,282,58,11,2193,46,8954
26,1647,397,489,55,554,42531,4,744,30,312,1999,110,1
558,918,9,533,1,13444,1,3,2,53,32,13,2879,5001,272,177,1348
1,7951,11,7905,58,209,63349,6307
1,319,9,32,2639,11,623,1535,2321,9,9
215,254,14888,196019,26,7312,39,177,21111,127,716,277,18484
10,129,13,9713,200
4352,13,435,58,191,6111,83,66,9
4624,26,111111,4801,38,3651,6249,161588,1326,39,1,9,4953,37570,4,15145,620286
229,93,11,36126,35,29,335,1,2331,32,1068,48,4451,545918,48,39,13,33498,130
29,46827,32,12074,133,2183,105372
63054,4939,35,3981,17,11756,91,9985,3073,20
59,629,284,29,918,133,7454,19969,6063,133,20869
32,92,13,7168,39,6063,2496,8217,489,13,1966
32,92,61,1729,70,245,7085,58,20869
32,92,13,7168,39,20869,70,1741
92,15,416,12383,428,59,16,64,20869
16,35,3981,9
41029,75,20449,26,6263,59,16,64,11,14218,2478,39,20869
92,80,899,85,16,11,26713,39,20869
32,13,1436,15,87,92,13,325,19823,39,20869,32,2565,9
32,13,1221,1471,21,26,29,26713,39,20869
32,92,10,37883,46,11,20869,26713,26,87,33,695,29,4178,4435
32,92,10,87,496,2478,39,20869,35,29,26713,9
92,15,111,313,37,13,288,7168,39,20869,26,1261,13,1741,74658,9
32,13,1134,45,15,1966,523,654,76133,20869
32,92,29,722,29,20869,58,833,4799,8916
32,92,10,225,1386,26,20869,60493,21,99
92,20869,10706,21,672,393,11,1830,2478
32,92,10,416,29,20869,26713,10174,133,96,26,75,9
32,957,16,5523,15,654,15,70,247975,35,20869
32,92,15,292,11,2478,39,20869,152,11,348737,9
70,13,23106,35,37234,393,1531,20869,1
32,92,15,34319,61,26713,39,20869,92,15,406,16
32,92,15,87,75464,393,1531,20869
32,92,15,722,61,20869,4696,3491
32,92,11,2478,39,20869,1006,489,61,1966,663,1729,9
32,13,1290,45,15,64,46,61,20869,51888
32,92,15,758,75,469,656,59,37,20869
70,13,2811,46,965,15,899,16,87,20869
92,15,70,245,520,1213,16,13,26713,39,20869
32,13,61,1290,46,13,7168,39,20869
92,61,1729,416,211,35,26,99,39,13,20869,26713,9
2840,13,82588,17,20869,6063,20,66,13,208,11172,16,45524,785
92,10,20830,75,13,20869,26713,133,13,29239
32,92,10,225,55,247975,35,13,3211,39,20869,45,10,902,428,645
32,92,80,722,20869,63,9
1669,63054,2609,11552,35,3981,42,4,42,708912,100,38,370,100
32,45,2971,39,13,5321,45,876,13,3211,39,20869,26038
231,3981,4,48,137,26,48,137,4,110,45,32,86,51,462,11,63054,4387,37,538
92,15,102,2496,35,7168,39,733,20869,35,96,111
92,15,102,12085,20869,46,61,4435
7157,13,208,7168,39,20869,26,5170,13,33181,35,1966,9
92,15,11605,96,341,38427,58,598,341,38427,1
92,15,70,2707,11514,20869,133,3962,9
92,11,38427,39,20869,264,355,393,15,64,10053,13,469,325,1
92,15,3870,13,20869,26713,1534,26,87,2707
92,15,239,64,20869,37,4822
92,15,3870,75,61,20869,3599,15,1817,1482,33,58,632
92,15,70,138546,152,13,565,9235,3211,39,20869,1
2840,13,82588,17,20869,6063,20,66,13,208,11172,16,45524,785
92,15,102,2496,35,7168,39,733,20869,35,96,111
7157,13,208,7168,39,20869,26,5170,13,33181,35,1966,9
92,15,102,12085,20869,46,61,4435
92,10,16829,13,2478,39,20869,18872,26,7454,489,29,1966
32,92,11,2478,39,20869,1006,489,61,1966,663,1729,9
32,92,10,225,55,247975,35,13,3211,39,20869,45,10,902,428,645
32,45,2971,39,13,5321,45,876,13,3211,39,20869,26038
32,92,80,722,20869,63,9
92,61,1729,416,211,35,26,99,39,13,20869,26713,9
92,10,20830,75,13,20869,26713,133,13,29239
92,15,70,245,520,1213,16,13,26713,39,20869
32,957,16,5523,15,654,15,70,247975,35,20869
32,92,15,758,75,469,656,59,37,20869
32,13,61,1290,46,13,7168,39,20869
70,13,2811,46,965,15,899,16,87,20869
32,92,15,722,61,20869,4696,3491
32,13,1290,45,15,64,46,61,20869,51888
32,13,1134,45,15,1966,523,654,76133,20869
32,92,29,722,29,20869,58,833,4799,8916
32,92,15,87,75464,393,1531,20869
32,92,15,292,11,2478,39,20869,152,11,348737,9
32,92,15,34319,61,26713,39,20869,92,15,406,16
70,13,23106,35,37234,393,1531,20869,1
32,13,1221,1471,21,26,29,26713,39,20869
92,80,899,85,16,11,26713,39,20869
92,20869,10706,21,672,393,11,1830,2478
32,92,10,225,1386,26,20869,60493,21,99
32,92,10,416,29,20869,26713,10174,133,96,26,75,9
32,92,13,7168,39,20869,70,1741
32,92,10,87,496,2478,39,20869,35,29,26713,9
32,92,13,7168,39,6063,2496,8217,489,13,1966
92,15,111,313,37,13,288,7168,39,20869,26,1261,13,1741,74658,9
32,13,1436,15,87,92,13,325,19823,39,20869,32,2565,9
32,92,10,37883,46,11,20869,26713,26,87,33,695,29,4178,4435
92,15,416,12383,428,59,16,64,20869
41029,75,20449,26,6263,59,16,64,11,14218,2478,39,20869
32,92,61,1729,70,245,7085,58,20869
29,270177,1527,21,92,109,855,99,1,13,46827,16854,549,1,10,64,16,470,172,43455,46827,1
1531,66,13,9540,449,3165,151769,5319,35,3337,5527
284,1568,62175,12563,69130,2669,53600,123,33,6316,515,51,11,670,123,348,284,2007,73,2258,123,284,19954,4822
18923,663,107135,32,11,656,663,11,27094,39,9351,1
1669,63054,425,2304,35,59,3981,1493,44448
86,32,3986,14,3986,32,299,3256,2579,22585,25719,3986,965
21111,4,13989,83,1568,6261,2699,12318,8904,24575
194979,42082,17386,703743,65369,42082,124,3213,5105,43427,1362,320855,8474
872,12187,325722,282057,4,5696,9197,3651,12187,325722,282057,4,872,110,9,462,16,1
2621,7596,53190,13409,103265,2031,171,78,5189,496,15133,4,6336,3986,2831,4872,29391,5764,5402,30927
2621,7596,53190,13409,103265,2031,171,78,5189,496,15133,4,4,4,3986,2831,4872,29391,5764,5402,30927,6336
7596,53190,13409,103265,2031,171,78,5189,496,15133,4,4,4,3986,2831,4872,29391,5764,5402,30927,6336
3322,4251,827,16,56,11,802,39,183,35,3337,1,80,102,516,152,744,145,4251,35,3337,1,4251,151769,14,14,1400,5488,1
1613,195412,284,46,23706,16928,13,1240,32,10149,156,117,16,56,547
92,15,43,11,25230,39,20869
92,15,11605,96,341,38427,58,598,341,38427,1
32,13,325,2478,39,6063,45,523,61,1350,10027
92,10,16829,13,2478,39,20869,18872,26,7454,489,29,1966
92,15,70,2707,11514,20869,133,3962,9
92,11,38427,39,20869,264,355,393,15,64,10053,13,469,325,1
92,15,3870,75,61,20869,3599,15,1817,1482,33,58,632
92,15,3870,13,20869,26713,1534,26,87,2707
92,15,70,138546,152,13,565,9235,3211,39,20869,1
92,15,239,64,20869,37,4822
2840,13,82588,17,20869,6063,20,66,13,208,11172,16,45524,785
92,61,1729,416,211,35,26,99,39,13,20869,26713,9
92,15,102,2496,35,7168,39,733,20869,35,96,111
7157,13,208,7168,39,20869,26,5170,13,33181,35,1966,9
92,15,102,12085,20869,46,61,4435
32,45,2971,39,13,5321,45,876,13,3211,39,20869,26038
32,92,11,2478,39,20869,1006,489,61,1966,663,1729,9
32,92,10,225,55,247975,35,13,3211,39,20869,4,10,902,428
92,10,20830,75,13,20869,26713,133,13,29239
32,92,80,722,20869,63,9
92,15,70,245,520,1213,16,13,26713,39,20869
32,92,15,758,75,469,656,59,37,20869
32,13,61,1290,46,13,7168,39,20869
32,13,1290,45,15,64,46,61,20869,51888
70,13,2811,46,965,15,899,16,87,20869
32,92,15,722,61,20869,4696,3491
32,13,1134,45,15,1966,523,654,76133,20869
32,92,15,87,75464,393,1531,20869
32,92,15,292,11,2478,39,20869,152,11,348737,9
32,92,15,34319,61,26713,39,20869,92,15,406,16
32,957,16,5523,15,654,15,70,247975,35,20869
70,13,23106,35,37234,393,1531,20869,1
92,80,899,85,16,11,26713,39,20869
92,20869,10706,21,672,393,11,1830,2478
32,92,10,225,1386,26,20869,60493,21,99
32,92,10,416,29,20869,26713,10174,133,96,26,75,9
32,92,29,722,29,20869,58,833,4799,8916
32,92,13,7168,39,20869,70,1741
32,92,10,87,496,2478,39,20869,35,29,26713,9
32,92,13,7168,39,6063,2496,8217,489,13,1966
32,92,10,37883,46,11,20869,26713,26,87,33,695,29,4178,4435
92,15,111,313,37,13,288,7168,39,20869,26,1261,13,1741,74658,9
32,13,1221,1471,21,26,29,26713,39,20869
32,13,1436,15,87,92,13,325,19823,39,20869,32,2565,9
92,15,3870,61,20869,35,1471,61,2811
92,15,70,138546,152,13,565,9235,3211,39,20869,1
92,15,239,64,20869,37,4822
92,15,11605,96,341,38427,58,598,341,38427,1
92,15,3870,13,20869,26713,1534,26,87,2707
92,15,3870,75,61,20869,3599,15,1817,1482,33,58,632
92,15,102,12085,20869,46,61,4435
92,15,102,2496,35,7168,39,733,20869,35,96,111
92,10,16829,13,2478,39,20869,18872,26,7454,489,29,1966
92,11,38427,39,20869,264,355,393,15,64,10053,13,469,325,1
32,45,2971,39,13,5321,45,876,13,3211,39,20869,26038
32,92,80,722,20869,63,9
32,92,10,225,55,247975,35,13,3211,39,20869,45,10,902,428,645
92,61,1729,416,211,35,26,99,39,13,20869,26713,9
92,10,20830,75,13,20869,26713,133,13,29239
7157,13,208,7168,39,20869,26,5170,13,33181,35,1966,9
2840,13,82588,17,20869,6063,20,66,13,208,11172,16,45524,785
32,957,16,5523,15,654,15,70,247975,35,20869
32,13,61,1290,46,13,7168,39,20869
92,15,70,245,520,1213,16,13,26713,39,20869
32,13,1290,45,15,64,46,61,20869,51888
70,13,2811,46,965,15,899,16,87,20869
32,92,15,758,75,469,656,59,37,20869
32,92,11,2478,39,20869,1006,489,61,1966,663,1729,9
32,92,15,722,61,20869,4696,3491
32,92,10,225,1386,26,20869,60493,21,99
32,13,1134,45,15,1966,523,654,76133,20869
32,92,29,722,29,20869,58,833,4799,8916
32,92,15,87,75464,393,1531,20869
70,13,23106,35,37234,393,1531,20869,1
32,92,15,292,11,2478,39,20869,152,11,348737,9
32,92,15,34319,61,26713,39,20869,92,15,406,16
92,80,899,85,16,11,26713,39,20869
32,13,1221,1471,21,26,29,26713,39,20869
92,20869,10706,21,672,393,11,1830,2478
32,92,10,416,29,20869,26713,10174,133,96,26,75,9
32,92,10,87,496,2478,39,20869,35,29,26713,9
32,92,10,37883,46,11,20869,26713,26,87,33,695,29,4178,4435
92,15,111,313,37,13,288,7168,39,20869,26,1261,13,1741,74658,9
32,13,1436,15,87,92,13,325,19823,39,20869,32,2565,9
41029,75,20449,26,6263,59,16,64,11,14218,2478,39,20869
92,15,722,45,288,31136,2478,35,13,26713
32,92,61,1729,70,245,7085,58,20869
92,15,416,12383,428,59,16,64,20869
87,35,396,9,37,13,68,39,20869,26,13,353,39,10164,9
92,15,1547,85,45,26713,39,20869,133,13,4435,39,61,4178
32,92,15,25172,99,1174,26,381,2478,39,20869,133,13,26713,9
32,92,15,722,13,762,99969,39,20869
32,92,15,87,45,463,26,398,2478,39,20869,1,221,11,2294,762,9,9
92,15,64,20869,75,254,61,543
32,92,15,553,397,13,51888,39,20869,133,13,4435,39,61,4178,26,33,35494,99
92,61,20869,32,66,11,11558,26,232,15,87,33,7405,9
92,15,416,1531,20869,125,35,26,235,99,9
32,92,15,722,20869,58,61,3736,576
92,15,102,1213,61,918,26,384,86,38427,33,32
92,15,70,138546,152,13,565,9235,3211,39,20869,1
92,15,239,64,20869,37,4822
92,15,11605,96,341,38427,58,598,341,38427,1
92,15,70,2707,11514,20869,133,3962,9
92,11,38427,39,20869,264,355,393,15,64,10053,13,469,325,1
92,15,3870,13,20869,26713,1534,26,87,2707
92,15,3870,75,61,20869,3599,15,1817,1482,33,58,632
92,61,1729,416,211,35,26,99,39,13,20869,26713,9
92,10,20830,75,13,20869,26713,133,13,29239
7157,13,208,7168,39,20869,26,5170,13,33181,35,1966,9
2840,13,82588,17,20869,6063,20,66,13,208,11172,16,45524,785
92,15,102,12085,20869,46,61,4435
92,15,102,2496,35,7168,39,733,20869,35,96,111
92,10,16829,13,2478,39,20869,18872,26,7454,489,29,1966
70,13,2811,46,965,15,899,16,87,20869
32,92,15,722,61,20869,4696,3491
32,13,1290,45,15,64,46,61,20869,51888
32,45,2971,39,13,5321,45,876,13,3211,39,20869,26038
32,92,11,2478,39,20869,1006,489,61,1966,663,1729,9
32,92,80,722,20869,63,9
32,92,10,225,55,247975,35,13,3211,39,20869,45,10,902,428,645
32,957,16,5523,15,654,15,70,247975,35,20869
92,15,416,1531,20869,125,35,26,235,99,9
32,13,61,1290,46,13,7168,39,20869
32,92,15,758,75,469,656,59,37,20869
32,92,29,722,29,20869,58,833,4799,8916
32,92,10,225,1386,26,20869,60493,21,99
32,92,15,87,75464,393,1531,20869
32,13,1134,45,15,1966,523,654,76133,20869
32,92,15,34319,61,26713,39,20869,92,15,406,16
70,13,23106,35,37234,393,1531,20869,1
32,92,15,292,11,2478,39,20869,152,11,348737,9
32,92,10,37883,46,11,20869,26713,26,87,33,695,29,4178,4435
32,13,1221,1471,21,26,29,26713,39,20869
32,13,1436,15,87,92,13,325,19823,39,20869,32,2565,9
92,80,899,85,16,11,26713,39,20869
32,92,10,416,29,20869,26713,10174,133,96,26,75,9
92,20869,10706,21,672,393,11,1830,2478
32,92,61,1729,70,245,7085,58,20869
92,15,416,12383,428,59,16,64,20869
41029,75,20449,26,6263,59,16,64,11,14218,2478,39,20869
32,92,13,7168,39,6063,2496,8217,489,13,1966
32,92,13,7168,39,20869,70,1741
92,15,111,313,37,13,288,7168,39,20869,26,1261,13,1741,74658,9
32,92,10,87,496,2478,39,20869,35,29,26713,9
32,92,15,722,13,762,99969,39,20869
32,92,15,87,45,463,26,398,2478,39,20869,1,221,11,2294,762,9,9
92,15,1547,85,45,26713,39,20869,133,13,4435,39,61,4178
32,92,15,25172,99,1174,26,381,2478,39,20869,133,13,26713,9
92,15,722,45,288,31136,2478,35,13,26713
92,15,416,1531,20869,125,35,26,235,99,9
92,15,102,1213,61,918,26,384,86,38427,33,32
92,61,20869,32,66,11,11558,26,232,15,87,33,7405,9
32,92,15,722,20869,58,61,3736,576
32,92,15,553,397,13,51888,39,20869,133,13,4435,39,61,4178,26,33,35494,99
92,15,64,20869,75,254,61,543
92,15,416,1531,20869,125,35,26,235,99,9
92,15,102,1213,61,918,26,384,86,38427,33,32
92,15,3870,61,20869,35,1471,61,2811
32,92,15,722,13,762,99969,39,20869
92,15,64,20869,75,254,61,543
32,92,15,553,397,13,51888,39,20869,133,13,4435,39,61,4178,26,33,35494,99
92,61,20869,32,66,11,11558,26,232,15,87,33,7405,9
32,92,15,722,20869,58,61,3736,576
92,15,1547,85,45,26713,39,20869,133,13,4435,39,61,4178
32,92,15,25172,99,1174,26,381,2478,39,20869,133,13,26713,9
32,92,15,87,45,463,26,398,2478,39,20869,1,221,11,2294,762,9,9
32,92,29,722,29,20869,58,833,4799,8916
32,13,1134,45,15,1966,523,654,76133,20869
32,92,15,87,75464,393,1531,20869
32,92,15,34319,61,26713,39,20869,92,15,406,16
32,92,15,292,11,2478,39,20869,152,11,348737,9
32,13,1436,15,87,92,13,325,19823,39,20869,32,2565,9
92,80,899,85,16,11,26713,39,20869
32,13,1221,1471,21,26,29,26713,39,20869
92,20869,10706,21,672,393,11,1830,2478
32,92,10,225,1386,26,20869,60493,21,99
32,92,10,416,29,20869,26713,10174,133,96,26,75,9
32,92,61,1729,70,245,7085,58,20869
92,15,416,12383,428,59,16,64,20869
32,92,13,7168,39,20869,70,1741
32,92,10,87,496,2478,39,20869,35,29,26713,9
32,92,13,7168,39,6063,2496,8217,489,13,1966
32,92,10,37883,46,11,20869,26713,26,87,33,695,29,4178,4435
92,15,111,313,37,13,288,7168,39,20869,26,1261,13,1741,74658,9
92,15,1547,85,45,26713,39,20869,133,13,4435,39,61,4178
41029,75,20449,26,6263,59,16,64,11,14218,2478,39,20869
92,15,722,45,288,31136,2478,35,13,26713
92,15,64,20869,75,254,61,543
92,61,20869,32,66,11,11558,26,232,15,87,33,7405,9
32,92,15,722,13,762,99969,39,20869
32,92,15,553,397,13,51888,39,20869,133,13,4435,39,61,4178,26,33,35494,99
32,92,15,87,45,463,26,398,2478,39,20869,1,221,11,2294,762,9,9
32,92,15,25172,99,1174,26,381,2478,39,20869,133,13,26713,9
92,15,3870,61,20869,35,1471,61,2811
92,15,416,1531,20869,125,35,26,235,99,9
92,15,102,1213,61,918,26,384,86,38427,33,32
32,92,15,722,20869,58,61,3736,576
29,918,92,10,2345,11,26713,39,20869,3117,35,13,878
92,15,87,55,554,51888,39,20869,37,214,785
92,10,87,55,554,51888,39,20869
92,10,722,558,6063,58,16185,46
92,29,7237,2021,26,4373,58,20869,2625,576,29,918
92,10,416,13,20869,26713,46,29,650,26,722
32,13,6985,45,13,20869,6063,51888,183
92,10,225,520,1386,26,2493,16,163,55,554,51888,39,20869,46,29,566,9
32,92,10,284,99,13,209,7119,4,17440,13,6063,3101,26,68,33,9
92,13,2478,39,20869,9626,29,1873,26,9894,26,1006,489,29,1966
32,92,13,7168,39,20869,70,1741
32,92,13,7168,39,6063,2496,8217,489,13,1966
32,92,61,1729,70,245,7085,58,20869
41029,75,20449,26,6263,59,16,64,11,14218,2478,39,20869
92,15,416,12383,428,59,16,64,20869
92,15,722,45,288,31136,2478,35,13,26713
92,80,899,85,16,11,26713,39,20869
32,13,1436,15,87,92,13,325,19823,39,20869,32,2565,9
32,13,1221,1471,21,26,29,26713,39,20869
32,92,10,37883,46,11,20869,26713,26,87,33,695,29,4178,4435
32,92,10,87,496,2478,39,20869,35,29,26713,9
92,15,111,313,37,13,288,7168,39,20869,26,1261,13,1741,74658,9
32,92,15,87,75464,393,1531,20869
32,92,29,722,29,20869,58,833,4799,8916
32,13,1134,45,15,1966,523,654,76133,20869
32,92,10,416,29,20869,26713,10174,133,96,26,75,9
32,92,10,225,1386,26,20869,60493,21,99
92,20869,10706,21,672,393,11,1830,2478
32,13,61,1290,46,13,7168,39,20869
32,957,16,5523,15,654,15,70,247975,35,20869
92,15,70,245,520,1213,16,13,26713,39,20869
32,92,15,292,11,2478,39,20869,152,11,348737,9
70,13,23106,35,37234,393,1531,20869,1
32,92,15,34319,61,26713,39,20869,92,15,406,16
32,92,11,2478,39,20869,1006,489,61,1966,663,1729,9
32,45,2971,39,13,5321,45,876,13,3211,39,20869,26038
32,13,1290,45,15,64,46,61,20869,51888
32,92,15,722,61,20869,4696,3491
32,92,15,758,75,469,656,59,37,20869
70,13,2811,46,965,15,899,16,87,20869
7157,13,208,7168,39,20869,26,5170,13,33181,35,1966,9
92,15,102,2496,35,7168,39,733,20869,35,96,111
92,61,1729,416,211,35,26,99,39,13,20869,26713,9
2840,13,82588,17,20869,6063,20,66,13,208,11172,16,45524,785
32,92,80,722,20869,63,9
92,10,20830,75,13,20869,26713,133,13,29239
32,92,10,225,55,247975,35,13,3211,39,20869,45,10,902,428,645
245,2,20,1817,1103,420,58,20869
92,11,38427,39,20869,264,355,393,15,64,10053,13,469,325,1
92,10,16829,13,2478,39,20869,18872,26,7454,489,29,1966
92,15,102,12085,20869,46,61,4435
92,15,11605,96,341,38427,58,598,341,38427,1
92,15,239,64,20869,37,4822
92,15,70,138546,152,13,565,9235,3211,39,20869,1
92,15,3870,75,61,20869,3599,15,1817,1482,33,58,632
92,15,70,2707,11514,20869,133,3962,9
92,15,3870,13,20869,26713,1534,26,87,2707
13,271,10,273,92,11,26713,39,20869,32,7929
92,15,87,55,554,51888,39,20869,37,214,785
92,15,70,138546,152,13,565,9235,3211,39,20869,1
92,15,11605,96,341,38427,58,598,341,38427,1
92,15,3870,13,20869,26713,1534,26,87,2707
92,15,70,2707,11514,20869,133,3962,9
92,15,3870,75,61,20869,3599,15,1817,1482,33,58,632
92,15,239,64,20869,37,4822
92,15,102,12085,20869,46,61,4435
92,10,16829,13,2478,39,20869,18872,26,7454,489,29,1966
92,11,38427,39,20869,264,355,393,15,64,10053,13,469,325,1
92,10,20830,75,13,20869,26713,133,13,29239
92,61,1729,416,211,35,26,99,39,13,20869,26713,9
2840,13,82588,17,20869,6063,20,66,13,208,11172,16,45524,785
92,15,102,2496,35,7168,39,733,20869,35,96,111
7157,13,208,7168,39,20869,26,5170,13,33181,35,1966,9
32,92,10,225,55,247975,35,13,3211,39,20869,4,10,902,428
32,92,80,722,20869,63,9
32,13,61,1290,46,13,7168,39,20869
70,13,2811,46,965,15,899,16,87,20869
32,92,15,758,75,469,656,59,37,20869
32,92,15,722,61,20869,4696,3491
32,13,1290,45,15,64,46,61,20869,51888
32,45,2971,39,13,5321,45,876,13,3211,39,20869,26038
32,92,11,2478,39,20869,1006,489,61,1966,663,1729,9
70,13,23106,35,37234,393,1531,20869,1
92,15,70,245,520,1213,16,13,26713,39,20869
32,957,16,5523,15,654,15,70,247975,35,20869
47,15225,33,3739,14,195,199,19252,564,37,33,14,8851,143,199,3211,39,221,720,8521,348,2669,133,12965,7590
739894,9,20869,245,523,21,13,6385
10655,3341,2200,13722,12047,4,918,24995,201501
411,135,553,151769,1268,96
10655,3341,2200,13722,12047,4,918,24995,201501
3337,1089,8525,99,367,1949,26816,12363
28,8851,2456,92,109,70,829,453,1,110,221,13,868,39,19252,1,30,628,276,17897,53,16071,20516
6858,798,16,64,5061,10699,37,4218,1,23502,953907,99,32,22125,9351,489,277,27974,1
51701,7938,9,35,11,48,137,62922,58,11,161149,6003,9,147,66630,33,58,11,9113,9
66,1,16077,6600,13394,6982,11,5311,489,29,10929,1,38,19461,9,58
509,45,5568,8897,101030,35,4054,123,37,117,554,641
3981,70,6982,9,9,9
229946,13,6097,39,3196,16,13,1560,32,312,14072,1
1830,1753,4445,729431,26,16262,126539
5990,651,353,32,25107,1849,58,12164,4,433,4,32692,4,66686,372844,37,15792,3981,99
15,1613,10,10,186,10,128,63,1,530,76,80,10731,450,3211,1,78,538,4530,109,128,3113,7290,53,435,153,78,1
58,350,215,51489,231,145,285,107,102,17440
70,229,58,350,215,51489,231,145,285,107,102,17440
58,5575,51489,231,145,285,107,102,17440
58,215,51489,231,145,285,107,102,17440,1
1034,782532,4,5669,229,58,215,51489,231,145,285,107,102,17440
62092,7221
399,129,62092
3375,2704,425,2767,7791,37,446,83,21,4,26,2078,35,13,1704,878,526,13,4129
1,841842,1,145336,962187,99300,553,18850,3134,9351,11371,242
2957,29,4694,26,32498,61,2308,133,61,1083
518,102,56,425,122,389,74,15,77151,13,31425,26,696,13,9351,59,208
3986
193,15,407,1240,4,10,621,48,164,32,147,24026,5892,4,13015,16,11,6179,48
75,831,64,11,520,1121,3211,35,1045,123,78,75,831,70,2913,798,16,4655,33
11133,656,3054,75745,47084,393,4043,11,55252,16168,16,2564
45645,245,19497,13,27445,5956,35,29,533,1,175,32,30,6051,2718,663,16219,1,10
14722,1,56012,56012,247810,1894,8443,1,472,5985,24043,16,5990,472,53179,152,3337,35,11756,10164,1
1394,2340,211,6599,4,375,1638,43248
