2,765,1312,4,80,64,78,1220,631,133,194979,37806,1,215,107,699,489,11,65497,3879,14
269,16,277,149738,20059,37,744,26,1353,615119,833,642,16
201084,54289,149738,9839,7457,35,965,107172,1426,10046,5959,249,4255,642,36,175,80,19252,6907,58
650,39,5990,4493,127,1417,86,32,767960,346773,26,6556,39,10098,4,2377,30852,19695,83,8192,36,89573,130,1
272,650,39,5990,4493,127,290,767960,346773,4,29547,6556,4,84,30852,19695,83,8192,4,1280,11653,4,3850
13,450,6178,58931,93,5270,2580,39,167571,199,650,39,5990,13335,35,19831,4909,215,5374,5990,116835
5558,19205,17,6764,72190,20,26,1426,5920,75,254,35,1426,10046,43,363
2,10,2565,1216,1,718,10,4036,15,436,16,897,63,45,1
18427,7144,2,75,116835,2707,152,357403,9207,73,311,45500,1,4673,32,35,13,1188,1,1113,92,33,25273,19008,2699,1,9,9,9
114604,79,1172,892,916,1907,10,478,1172,195243,35287,14,14
195243,35287,14,14,14
325,13709,10018,93
225,83,72,858,9837,85,16,985,46,1,229,10,243,1,3269,152,225,1
124,1043,277,2162,3168,10871,600,23725,93,199,1696,83,151,4753,243,58,35,1086,29479,33,53927,489,5718,1580,14
5427,620,580,7186,32,11,463,7014,4,36,33,12955,36,2620,15915,497718,10349,10665,83,6543,276,76,35019,124,296
55,9211,1,1086,3480,957,16,76,55,70232,35,1369,110,87636,1,687,32,15680,79,53,32,1
7456,152930,3506,38897,9,61485,36108,1433,496,126
140460,9471,51,143,14,194979,28,894,143,4,36,3189,10874,15,81410,43,16402,14,36,28,31253,124,1757,39,29,1580,1,593618,88
142778,63,16,574,35,4054,7016
191,3018,39,19252,133,277,17410,4408,377,2457,63,24812,7857,58,277,19252,2683,39,107172,37,350,720,23530
284,5121,28,1068,75,199,20845,99,39,13,3986,1,191,135352,4,191,35
35,455,80,883,16886,7850,39,22433,124,11,4500,246,196,4,3322,35,288,6660,80,20914,78,210,496,39,33,35,277,9772,4388
199,1089,39,1757,39,59,4745,46,653,5477,1045,72600,36,22433,195,1541,8448,32,894,699,4177,14039
92,10,64,260,798,39,53,367,26,232,109562,1469,1041,29,271,4,10,64,5285,46,13,16368,6510
2,10,63,33,92,15,516,13,2677,692,1,33,523,21,264,63,15,551,129,16,436,16,21,1
692,80,2337,11,670,133,238,92,80,87,33,5924,16,33,240,277,6796,533,1,181,16,317,4,68,16,374,1
3606,13,19102,20242,10046,135,3337,1041,1477,199,2583,19549
3606,16,13,19102,20242,10046,4,80,420,16,163,398,352
9638,33705,13,2133,83,39593,16,53,2731,1,3455,84780,1,3455,4626,12584
58,4861,4230,83,85521,7534,4,1670,1911,16,64,11,670,39,33537,133,13,83,53,135,876,16,12462,1
116,654,172,2620,2258,26373,5800,13,764,39,3337,4,11,91915,71582,4445,32,35,4054,3337,215,221,15581,208,9
74,13,19831,8648,16,3663,11,3667,2896,124,880,124,13,9471,70,11819,4,128,45,4300,11,2400,37,11,687,35,13,628,9545,14
393,138684,25291,4,44685,868,16,56,66624,398,135,46,13,1299,1369,1,1113,127,32,316,411,9
29500,1215,16,172,18100,58680,18427,2074,126,880,35,5751,64796,39,8851,83,2384,215,94534,35,1416,4040,1
1617,30852,14729,66944,39,764,18427,215,8936,2294,1823,239,35,1369,965,2074,126,880,80,64,5285,133,277,16458,1
526,1115,100226,1115,7888,13791,2477,16,1444
150165,37806,215,1671,13,5061,10046,39,618290,1580,37,13,10594,6261,35,11,4910,1,29,209,5258,16,282
83,377,855,119,16,2034,10050
960,677,20518,16429,960,65233,214,16342,602343,271669,73927,7686,82063,26123,29714
191,22974,377,3699,26,34503,4745,58,30,716,37,7751,58,13,58001,15225,56,687
177,32,13,246,127,7736,7371,4,26,13,246,127,24441,109,128,56,181,16,61,2308,26,5997,16,61,3883,1
80,409,45,80,377,1386,37,1426,153,16,13,1426
2,43478,957,16,1443,5816,395,2705,1,2,107,2281,39,10816,1
381,8851,417,32,24487,639431,16,138930,350,720,24638,73,78,44171,1,30,1113,109,245,260,96,10184,28,21,4,29
64,80,1220,39,18923,3683,14,71371,4,4,4,12558,4,33446,4,489193,4,951854,4,437266,4,3850,377,44735
38007,73,37806,321986,36,151006,10,552,109,73,78,35,12965,1002
8990,3502,5354,152,121,215250,849724
8664,9,41467,15375,2518,9
37376,4,2590,153,68,5466,15,19216,496,1326,39,8719,9,2665,496,96,39,228,16,87,7462,39,8719,9
632,102,701,92,352,70,9235,974,634,9,79,74,15,8725,16,701,239,92,352,111,227350,4,240,51,64,392,65817,9
519523,2400,48,153,505917,4008,82063,2579,4008,7472,182,533,9689
13982,20914,76,145,295,285,397,685,29445,64,2742,39,352,16,1642,121,369017
164,195,89160,179640,2282,4738,16,54318,110,974,5270,3362,14,8067,5571,16,1075,23005,39,28099,1,8474,619,410,9
7094
9237,4,45,13030,11,4500,53092,7831,4,239,35,13,449,784,26,59604,370869,9,9
1369,157978,4696,16,19252,497292,1436,63,8851,9087,1,32,33,491109,14,564,77143,1
46319,1444,765,125,453,1312,1,615,133,75,254,2074,221,3888,381,329,1,9387,63879,3323,393,8067,96
30852,32,11,271,39,181,32,55,38489,239,152,13,13434,3619,79,290,5990,1369,26,8851,83,20451,9545,239,1318,33,9,9,9
30774,16792,15761,1,19252,260,547,286345,35,1,80,73,5998,37,350,137157,44997,35,13,2294,687,35,3337,1
18923,59552,393,94943,39,641,152,221,720,412177,1,624,39,12558,35,3337,1
19252,1477,18427,7825,5969,16,3502,11793,46,221,720,654,16792,590,215,2275,10257,221,36296,1,46344,76603,32,7042,2978,46344,76603,1
746,110,716,13,73534,26798,894,33826,365,716,33,78,214
183872,215,248,188347,1,102,80,858,87,7462,39,53,6261,37,9406,117,39,277,2731,14,55,989,71371,19409,73,162356
3337,215,17871,75,21842,83,36234,2477,16,30852,8192,965,32,23237,109715,152,71371,11976,127,162356,79227
3291,2477,16,2709,126476,5013,37,388674
3479,4,13,469,398,3104,35,5678,32,14724,854203,1,350,4399,9839,16853,64,248,169003,9029,1
398,125,949,133,225,70635,2192,37,5678
12965,1036,308664,318,41877,46,554,134114,105716,71371,413989,39,19252,38,18427,1,739,1369,32107,58,12761,49416,2590,1
12761,37,13,325,135,46,2583,703,34737,39776,350,12479,83,8497,12959,4854,228,124,176245,26,71371
346274,12965,1036,308664,318,25736,71371,97795,46,18427,169420,133,4615,5718,4511
1745,2258,37,117,344
164,55,202,3469,16,64813,202908,4,598,26388,73,25107,44610,46006,21023,11509,35,14417,37456
2355,32,78,199,214,321220,79,10,420,2937,64813,8489,3525,22433,32,30,2813,2832,11,397746,86956,74,2181,7338,16,3792,18328,389
294561,1451,16,18427,5013,412382,1451,208022,332,31171,21,7728,65344,16977,62957,1777,218974,65344,30,48898,48898,30
55,202,10,416,44052,85,4,214,267,10,64,135,37,23005,4,16530,4,26,1271,321,12,382,12,8705,109,521,1
33,32,7188,37,11,246,26,11,1240,16,64,788,35,496,469,5956,469,285,74509,1655,1,17,7989,20
2,2,74,107,182,1304,15,4,107,196,183,172,3931,16,436,16,78
986,496,6379,32,305,124,463,124,51,73,5840,30852,16,76,989,71371,35,3337,1,30852,8192,215,1941,13,1232,7623,1514
19043,37,75,16641,32,18923,79,86,43,51,462,33,92,11793,32,197572,23240,16,200297,11,36450,14,564,1
1302,29,8827,16,183,145,1362,16,1174,36,381,10233,12721,2197,39,19252,35
1384,59714,2,30852,24681,876,16,76,37609,41905,110,16,9470,134114,5473,152,1369,83,739,71371,19409,1
6983,48,106669,8448,48,1,28,1854,19043,37,75,16641,4,28,2861,1216,2266,16,191,59711,4,28,4974,5990,58474,4,28,30852
86,32,664,58,3337,311,11,30852,1116633,14,32,175,496,469,18492,145,71371,240,11,30852,14,214,83963,21533,381,5717,908
7312,39,83963,35,3337,1710,35,143571,26,41108,1,64,51,807,11,4297,153,5718,1710,35,11,8980,14,214,172580,6379,3293,75
32,175,496,469,18492,145,71371,240,11,30852,14,214,83963,21533,381,5717,908
7312,39,83963,35,3337,1710,35,143571,26,41108,1,64,51,807,11,4297,153,5718,1710,35,11,8980,14
1369,58841,56549,121,73337,215,58841,145,35875,8637,228,1,1369,876,16,56,71371,229,1
164,14,35287,14,14
19225,15423,215,2198,34021,272,765,147,93,26,957,16,1465,6966,1514,788,16,8162,13,6017,39,13,3084,1
6842,8404,18670,6178,215,3022,35,504,7724,124,160174,124,296,124,11,160563,1,53,749,17359,2162
685,135,92,176340,3004,4,75,3022,4,7846,4051,76,15008,35,15840,281,4879,4,4300,1807
176826,83,740789,73,942,103438,16,56,796,110623,35,277,19591,30852,619,58,75,1,8041,4852,14684
5990,651,210,51,156,2294,1,530,75,13,105020,2159,51,58,1469,37364,51,530,17320,1068,3337,16,7137
31923,31155,16,286724,2615,16259,8084,1,128,243,99,133,540212,1,1113,86,297,56,249,411,2022,9,9
2153,985,46,802,16,64,7817,1119747,4,13,93963,764,35,19588,16,26630,35,8981,1,2564,32,6075,17,153,96092,14,20,9
1585,31155,13693,685,28009,16,286724,2615,8084,16,87,16259,35,11,142291,1815,1,12
784,5959,39,277,23313,3337,66,201084,276,56,361,37,13,218547
1426,10746,37,1426,4534,66,152,277,4953,7857,36,2831,102,10987,13,1210,39,5558,19205
277,23313,6927,377,2070,16,784,5959,894,277,107172,1426,10046,4,18272,10046,121,33
23313,26,2831,102,3390,183,16,10987,277,5558,620,99,39,39,23313,66
135,16,44068,2,104978,25600,26,13,71371,80608
5244,39,107172,19252,32,520,117,2022,16,183,277,19252,1362,79,10,129,16,226,16,320,66,277,10233,12721,2197,16,87,9471
10,3846,343957,47,16757,83,30353,3563,129,16,1671,47308,4306,47,78,4,14214,449,3292,3705,14,761,18427,6724,14059,19415,9
2603,1104,336776,4,13,3430,9087,73,894,11060,127,243,10349,11,4511,965,215,30,6244,37,1045,9,109,11271,1757
21407,32,8633,11738,35,12895,51978,4,26,5840,94423,6376,716,8964,36837,16,21407,267,39,126,296,33,2416,1
117,16,163,30353,1527,44354,16,13981,254,7756,16792,8627,30181,16,969,956271,510659,12
510659,132245,168,8778,614607,1068,293751,16,11,122,795,23654,155253,4,107,195,598,117,410,9
513251,142178,534,6471,4451,62661,1433,1
140723,32,1765,3525,30774,456,93,25515,10349,8093,107,93,175,2078,35,13,288,4910
296,392,3337,703,961,6902,26,1101905,13,520,41951,19222,5354,286,39,205900,1493,764,18427
222289,26,8525,4,7631,39,1846,1,6923,37,2273,4,37,2103,1
13,325,410,45,6194,16,3904,124,11,202126,32,13,17412,315,2040,99,124,172,4151,1
11,42290,125,58,46319,17541,26,3888,37107,1,66,1229,221,78,559,1
3661,73,295,285,12965,36
86,11,1885,3177,1906,79,13,696102,425,21,999,389,14,14,9,9,60,100,71
450,27094
12,720251,16,70301,314763,12
1174,125,8341,26,80,1399,35,235,1,253558,126,32,1174,125,16886,14,886,181,1925,63,11,5657,29539,58,148029,37499,1
11,5296,11,125,4,2929,13,1885,549,1
243049,1573,318,32,47779,25604
46,218,2,68,381,1296,1,3167,29,2828,79,13,70,1,79,64,16,226,1
6767,164,1777,1503,6764,13101,1451,59868,28,100,28,2257
15,245,64,13,879,16,43,117,153,355,1,13,24232,39,61,33408,70,117,153,355,5924,16,13,879,15,183,1,28
9387,311,35,1523,102,284,21,3625,33,1,1523,102,4405,3022,124,296,1
12,13,9612,45,22535,58,428,15,226,32,1343,11,3119,153,107,32,397,579,16,2714,15,1,12
193,9,330,53,246,32,16274,39,13,18405,16274,1
74,51,43,33,152,504,1258,156
13,209,42609,37,13,3510,367,1949,201
13,1232,410,121,311,5504,16,32,3699,2584,15,1363,13,1282,1,351
12,2,9,9,9,2556,1,3566,1,858,217833,13,2373,39,6318,1
12,2,107172,5061,10046,215250,849724,2,78,10254,39,3579,39,687,39,7978,4,33,93,2668,16,56,202,145,51147,1
12,2,6498,4766,102,12655,11,9472,21407,2873,152,85,16,299,1,12,193,30,10731,16
30,30,30,30,271,13,21662,29,4,1925,63,211,16,292,13,2041,1,243,46,1
12,2,21597,15057,70,551,12988,37,449,831,16,2496,489,26,350,6167,32,16,10931,172,6796,9667,1,12,459
5039,16,872,11,122,3111,4,79,21662,53,1
126,32231,102,375,890,19409,76,45,239,15558,73,78,744,1999,16,375,18473,71554,83,31690,5546,1
83383,29,5041,393,526,51,2010,313,13,749,51,10365,504,12539,2747
175,128,56,30,2953,1471,21,26,8851,72,1,351,74,10,987,4044,26,8404,16,1580,26,2731,1,856042
15419,128,78,361,166673,1447,4,139344,22480,10665,1,63,530211,128,78,361,311274,4354,13777,478,37,8404,1
11,3678,35,181,46779,4849,13,3700,329,80,31226,16,135048,1
1281,16,163,1661,2833,39,16014,1,2683,39,11702,39,3337,277,764,32,172,5148,37,75,20
1282,32,45,965,6005,651,6828,1064,102,1763,1,214,92,13,651,5800,232,4,214,240,102,15,42525,33,1
4626,32,13,3507,45,29531,4597,6986,2603,79,51,171,16,5189,504,89943,39,3022,16,985,2603,1
1807,32,428,79,80,629,14076,63,11,3532,290,78,13,1447,35,4335
265,21,317,29,181,663,13,55835,39,25956,83,879,1,50,4626,4,51,284,21,2603,329,10,31226,16,76,1
32,146717,29548,11697,79,78,731,5033,6828,496,1045,1098,1,1127,1732,1493,282
2,221,78,121,5427,85,13,1109,1,221,59,45,10,1613,15,55,202,10,626,239,13,18494,352,15,226,1
5990,12761,614,1336,85,16,20987,265782,17,2186,2,1216,16,153922,20
12,2,6884,32,78,1413,246,123,33,32,4615,1,3569,35260,12,1706
265,13,2731,115,249,1258,39,939,46,152652,4408,6367,35,130439
13,24184,39,12,28,4,12,272675,4,32,13,35050,5990,35,13,291,4,26,2209,299,39,249,29009,16,7713,28,1369
74,4185,32,13,507,39,9387,83,3521,20357,240,164,43,239,186,39,29064,33,1659,39,387341,4185,14
11,10860,32,11087,16,111,99,16,13,22699,83,433,249,6507,1317,1746,1570,32559
2,25063,3378,15733,4,4,4,4,16,487,249,1296,23754,4342,26,38200,3024,11385,12,858,1
53,297,56,33,37,7750,1,12,22242,526786,1
2,126,396,276,56,393,172,7196
2,53,32,2034
12,2,2,15733,5719,25063,16,574,35,13,2041,1,37,13,270517,35,13,79,78,389,1
10,182,276,361,254,844,4131,21,1
220,1,547,185,12,61,448,182,56,3843,92,15,3972,12
1012,10238,73,12074,83,2626,1613,1397,37,32,215,16,265,83,214,271
37,744,53,6142,11,9651,1,3
37,10473,3311,824,21,1,3
348,76,10,264,177,16,1482,29,2416,58,34625,13902,51,36,58,504,70401,26183,10,3846,8652,2452
2,53,2672,32,55,491
296,11,1411,563,126,51,289,716,13,14375,14,14
269,3688,33,153,645,72,316,243,99,58,11,939,698,1059,51,186,14375,153,939,14,14
72,75,35,3688,29,34625,36,74,10,3846,43,41692,11,1741,410,36,56,802,39,739,11,6223,320,72,35,221,301062,13902,209688,34625
3688,603718,739,6223,2123,36,51,3688,891135,21,739,1141,36,21,36,29,14375,39,21216,716,34625
72,1281,51,297,264,33,10,761,10,24489,1059,10,952,16,91489,695,45,14375,62,100,62
215,11,22170,4574,35,187820,36,3660,3109,341,79,277,32,1989,17942,615,39,172580,83,13693,10665,1
2,2752,53,32,2034
2209,199,39,12,566249,2400,12,3116,1,18640,320,152,25767,10046,669756,1,6056,716,39,6503,4,12280,1301,83,113231
35,1614,33368,73,19759,31016,812,1016385,36,755901,654,4129,1006,1710,35,73,12689
24065,2564,2888,7582,146548,252048
2,11,18896
1,10,264,77842,1
15517,1216,1,35,11,547,5990,1655,1,530211,93252,4,3337
1305,406,10349,29,1258,156
75,235542,209,1442,2,42
55,1049,2114,53,4649,13556,30,145,39,33,80,73,473,655,51,31987,36,894,343957,51,574,2184,10,1710
894,221,547,45,107,348,10731,496,859,2471,469,285,859,1737,83,80,6746,655,156,269,3688,6655,473,3688,58297
78078,80,343957,51,36,894,420,655,51,343957,291,2861,199,861,22497,574,2184,36,124,3688,80,80,6746,244983
10,72,744,172,19399,1305,651,124,10,215,191,85976,1249,16,1797,16,152,500,1,30,3082,37,954,1
1176558,35,107172,8851,1595,11,122,868,58,13,2541,83,4879,10046,139983,135352,133,13,20242,1
942,37,2556,16,5959,249,3311,4727,1
259338,26433,36,17385,2012,9,9,2,2133,35,169978,9
4,26631,3906,7137,16,3223,9,2162,128,5043,7016,9,53,135,4,33,32,2556,9,917
12,2,5358,26,128,409,350,5041,695,350,6026,1570,285,350,1064,12,357
4,111247,2178,1,46,271,35,106356,1,6021,1596,58,2742,39,5139,36,6884
4511,143,59812,35,33,43,5472,16,13,5526,39,341,344840,16,9719,62550,59,37,851742,7756,14
5243,949,2,290,33,515,13,4013,35,10668,58,8699,5243,10214,35,11,234,571,271,153,33,157600,13,450,14,3050,9,9,9
3114,10,226,72,53486,10,7318,16,722,145
96735,13,124177,1902,2
2091,66
6394,35,576,2776,1596,695,4921,30,11463,37,254,18961,58,59,112484,7085,58,1447,1,3041,749,32
2091,66
12,2,48,70,78,248022,4,35,1144,4,109,70,156,4100,1,109,59,115,153,129,16,5058,33,1,12,1566
7877,11,427,44011,837544,287,9,202876,7877,78245,69,7877,534,42417,30707,242,3273,16755,11,157,9,461,11936,589,242,3393,534,65858,239236,91,3157,42026
64,51,260,172,1115,2829,3683,14
10709,130,284,6244,156,863,83,30231,156,34503,1,19195,46779,35,13842,1
1400,581500,316,243,85,698,62,100,62,83,2,42
2010,615,2,32,3291,58,4586,124,107,33058,16,516,703,2812,37,21111,79,30,122,10652,2812,37,884,9
11,13852,102,214,56,2565,92,33,55113,9,45,965,32,29294,32,78,13852,9
12,2,21,35,11,990,2,12,319,9,9,9,670,145,33136,295,285,4916,26,6886
10,72,2078,35,39622,58,15235,5013,66,243049,4,55,5127,37,411,455,1,875817
554,554,177,9490,39,13,125,2,42,62,100,62
3954,35,13,10946,297,17448,13,14122,9925,39,13,39202,4,21813,793447,1
83,816,16,163,3906,313,35,1307,285,191320,8048,99098,153,145,16,33,285,9828,199,2086,14,5110,37
423319,5033,260,21936,5270,2276,876,2832,11,5983,96072,35,199,5990,19533,334,32,199,3372,229
221,1,55,265,87,2227,1
4,7224,30738,1645,2200,184500,1
12,1029,36641,267645,638704,4,57252,2002,9,12,120
181,101,60300,69,24190,3264,102642,36683,1036,468560,13101,1036,588,244324,977224
2257,4,200,4907,96,133,29,34435,51,1304,13,449,9,78,45,117,9
12,2971,13,2953,9,12
12,2,116,11518,1036,499,9850,13101,1078,8975,102014,9,12,547,9
12,2,5990,34548,4844,393,13271,1952,9651,12,1,9,9,9
46,10652,4285,110,9,9,9
200,525,74,15,143,29,34435,153,78,9,9,9
565,137398,1471,83,9,9,9,122,5129,8619,39
151,14,9,86,64,15,392,14,9,9,55,2156,9,33,93,53,9748,26,221,110,2,50,8952,9,275,423503,5318,9850,586261,9
2089,34435,9,9,9,200,525,74,15,143,29,34435,153,78,14,9
200,525,26,384,74,15,143,29,34435,9
11,1268,1655,26,5857,53,135,9,9,59,55,870,16,163,33,9,122,273,4,122,8219,52511,14,9,9,14
663,358816,9,9,9
32,33,55,4564,16,642,37,14,296,74,78,4,240,21943,83,9,9,587,351,1,137,2,221,11,20843,424,30,1,567,305,4737,1010,9
200,525,74,15,143,29,34435,153,78,9
30303
34062,9,9,9
5924,16,15,4,13,209,802,39,40878,14
285220,26,86714,829,9,2,50,420,547,9,42,4435,9449,42
55225,70,229,26,13,12,12,1638,32,119,9
12,2,3537,1120,39,2529,8841,8841,8841,8841,1
33,93,55,285,10,621,530211,32,334,42,42,16429,48,559
3739,66566,36,437,7057,63,178054,22322,7633,501706,1
133,16,39710,4,80,70,21023,1,26,2934,3714,32,802,39,291,156,1,626,16,78,265,1580,50784,22167,291,3739,28
338,6006,9,9,221,29445,37,277,34479,9,9
151,275,9,9,11,2294,45653,1954,37,15,9,9,3606,9,9,9
79,43,51,115,199,398,2953,14,221,11,1271,6006,9,10,2070,13,4466,9
11,2579,122,435,4,122,344,4,26,11,122,13546,32,942,37,15,9,9
3832,240375,1036,15265,5318,275552,145850,352671,15396,88483,1451,1034,51,73,29,14962,36,6223,2562,2,42
965,1543,43,15,716,16,183,55,565,34435,9,9,9
12,2,18087,8536,26,13,1068,26,744,11,2294,1900,1
116,357,10,761,107,8048,2813,76,5558,35,9069,55,14
1566,45,1141,182,1400,18640
16,78,59,4655,13,79,894,350,704,45,271,295,285,228,9,9,2,42
15,70,6980,9,9,1076,13,2523,46,1415,9,9,9,61,1134,9,9
642,37,9,9,4230,5023,1213,730
13,122,409,46,48,5712,10566,1667,36108,1433,48,894,215,48,55324,83,761764,48,35,33,9,79,10,115,109,128,78,56,124,117,124,277,401131
5189,61,1064,4,78,61,1134,267,221,13,1444,45,15497,7596,4,78,13,5478,9
117,344,11518,9,9,9
78,1773,16,1283,145,34435,37,13,6006,3928,9,32,175,496,469,271,16,16813,33,14
18427,124,11,764,215,425,291,128,7582,86,107,215,3906,133,1938,1
53,32,13,4500,246,127,523,11,1670,78,13,9087,214,79,33,32,24961,45,75,3942,32,1941,152,13,9087,1
29,4285,32,733,9,10,1078,469,9207,576,13,367,1,3678,21,110,123,87,759,4957,33075,2
164,43,434,4,4135,434,14422,4,264,63,109,64,3942,16,109,716,124,12,2215,19291,12,14,33,182,1
80,128,292,15,9,9,9,79,70,2288,9,9,9,42,4435,9449,42
1522,999,9,9,9,33,425,291,75,4100,9,9,9,110,701,9,9,15,70,35,13,607,9,9,9,3606,9,9
43,673,58,26,21039,26,894,636601,9,9,9,221,78,2436,4,32,2965,9,9,9,28,100,28,42
74,109,2665,254,298371,4,56,538,109,70,50524,9,9,28,100,28,60,100,71,9,9,9,28,100,28,42
52976,9,55,215,145,704,14,64,15,239,807,48,137,4519,14,221,271,2294,285,9,17,20
53,523,21,68,239,145,9,107,93,55,177,1514,48,137,3181,9,9
6769,61,2828,35,492812,14,14
48,48,182,95858,1041,63,11692,26,1006,63,13597,48,48
420,55,9,42,4435,9449,42
1145,428,102,56,25590,66,11,29946,2858,3157,23426,1
11312,49,77269,131,5712,9894,6310,131,287,446,49,23467,2577
382,70,199,63133,36,199,449,53616,8104,35,199,109,128,479,83,66,199,450,135,4,109,2813,894,9047,11,2261,37,2138,9
70,15,1507,14,73,51,6599,14,14,10,225,39,13,2731
177,338,7259,644,9,554,554,177,9490,39,13,125,9,554,51,64,13,209,35,428,9,2742,39,68,9
12,12177,210,16274,124,16274,9,4306,199,16274,5688,4169,124,11,1087,1059,954,504,46,1104,6967,35,504,271
21943,83,25037,16
21943,83,25037,16
21943,83,25037,16
21943,83,25037,16
21943,83,25037,16
12,2,13,8675,16,2684,35,566,75,125,32,989,12,226912,1,12,12
357,9,128,374,11,398,42393,4451,16,34062,26,56,13,46241,9,9
8811,13629,130,12965,628
3996,1742,2,10,59,3435,37,124,13,1094,26,2579,39205,46
99538,43,15,2093,14,14,14,530,76,504,1221,9,9
35,381,3963,530,33,76,10519,38,9463,38,1369,38,7756,13,15076,664,130,79,45,183,199,886,3963,664,1,199,450,33511,16,48,79227,48
13,10152,128,1076,33,75,46,1415,9
765374,2,13787,1422,1394,130439,2,13787
205900,35,79,164,346274,195,7817,282,26,164,13,12177,32,7085,8496,884,14,86,205900,32,2580,39,14,629,490,13308,14
526,5990,623,2265,18111,917,787
126,43,15,264,92,15,8146,45,13,11518,597,28,307268,14
61,1971,406,3157,311,325,14
222765,31171,267645,11518,115526,903,1433,14,332,11251,1777,3760,486207,9
24065,10,292,53,1740,4768,9,79,1653,798,16,87,11,1797,9
51,68,33,92,130,4199,37,51,173,9,14,51,276,56,623,177,43951,80,4199,3688,51,41661,1206,9
12,2,1763,11,39920,39,4,13,11518,6142,16,13,3024,12,68,15,307268,9
975442,1797,4,1258,1451,235527,9,188342,1797,161024,14,104962,14142,56012,43,9,11518,69,1797,1433,4,16977,6471,102642,14
18427,13,1286,1394,2294,5901
30,1087,620,2683,153,812,11701,83,20182,20873,232,812,4830
200,119,119,698,9,2138,16,24245,389,9,9,2742,39,68,9,284,521,9
10,59,252494,504,7641,9,9,28,12,12,1218,1,1,61,338,208,14,14,9
11,4392,1906,9,341,7167,9,831,276,5058,350,5041,78,3870,228,9
21943,83,25037,16
21943,83,25037,16
21943,83,25037,16
79530,7997,14,14,14,9,33,93,305,9,79,86,93,45,3529,96,14,14,9,2,50
260,29,2437,2211,254,246,53,185,93,156,117
21943,83,25037,16
86,32,61,2828,1629,1028,110,14
202,6073,5473,152,13,1369,26,110,59,11,1221,92,10766,37,3187,10046,669756,4,3619,114321,6566,1815,1493,249,331
110,10603,1400,1227,9
398,10663,9338,2564,1104,479320,9604,32,478865,805248,2813,76,199,13938,1306,334,22376,9207,14
86,32,61,2828,1629,1028,110,14
827,913255,80,276,509,91228,9338,282,36,465083,35,38746,4,33,128,145,34341,9
3362,866,39,415732,93,102709,8980,50751,8793,276,80,1425,254,12853,16,11,8980,979,14
249,13852,16,163,11,701,46,381,490,215,1941,282,16,19963,105553,12468,1,2639,49016,13,5987,39,2465
92,15,70,66,2133,4,214,240,102,15,987,2133,16,954
554,44610,8190,73,9004,35,118442,1,3479,10349,199,3948,225132,171,145,1823,152,1369,4,4306,124,6467,33,32,119830,13791,46,5033
12,12,32,106669,1,12,20282,34453,85,13,72812,12,32,71371,1,221,685,13791,199,1670,201124,86,71371,1218,1
1858,16,17531,15,389,9,200,163,33,9
520,1741,37,9,107,3762,363,3892,285,45,9
178,22930,16,2665,11,866,39,965,10,129,16,17531,9,200,515,21,99,9
128,4655,45,245,58,298371,83,894,45,13,21039,4264,93,664,9
19409,276,56,11087,39,2787,37,10541,3948,92,13,4220,32,2787,37,13,1670,35,13,50784
128,1854,16,188456,46,576923,375,73,199,1272,6098,39,13355,33,6463,11,4649,4,12761,2267,10731,6725,8496,11936,8980,12
21943,26,56,11,3018,39,19252
15,687,13,4264,425,152,13,20850,9,10,245,1356,45,15,377,50524,16,79
6005,6828,1644,9,1750,664,58,14,416,311,50524,26,61,600468,128,9
33,93,157142,16,115,5477,199,87475,39,573343,12853,79,239,145,157142,16,115,11821,33,1313,6660,16,43,33
449,39,61,1588,70,75873,39,61,1580,39,651,66,45,1069,35,135,1,61,5041,102,7533,13,1588,15,64,1
363,1216,658,318,9
32,175,496,12788,13683,2481,37,13,125,14
393,55,463,9,11,2828,133,50267,9,337,15,9,351,1,137,1,45,42,2609,48,51,48,42,1400,55,491,9,42,50267,9,42
319,182,396,10,289,374,282,153,168,127,3235,53,11,3829,5298
23333,16977,1740,14615,1036,10966,13101,252048,9,1579,13,1740,4768,58,9
206639,32,119,389
623,1021,2283,235,9,11,463,1151,26,59,745028,9
2828,1670,14,31708,9
2709,1,23286,42,42,425,487,1312,9,42,16241,167533,42
554,554,177,9490,39,13,125,9,219,42
363,1216,658,85,698,9,2,42,128,409,15,698,9
1,452432,277,15451,764,1,200,1384,13,1741,2258,196019,133,13,4740,39,13,2324,2258,17660,114621,39,73316
49262,4,86,121,45,467420,35,13,101010,14,3751,78648,173,14,9,16977,9102,467420,4,16977,9,348,272,17897,13,10152,9
55,4,13,6527,583,39,108368,9,296,1980,9,162228,1036,14142,24190,12390,13101,9,12309,39,10152,46,13,108368,6945,9
53,5704,21,39,15,1
700,296,9,202,7670,285,178,538,128,243,119,58,249,316444,3981,9,117,1248,50267,9
296,13,2005,102,56,13212,124,6297,1659,39,61,10541,6310
337,15,37,744,581366,239,145,581366,9,337,15,55,202,37,235460,9
2621,4,79857,26,103438,942,8496,1729,493681,16,1057,504,39,790,3094,133,13,288,60019,39,16348,1
83,33,33411,9,5274,39,133,1009,58,83859,1,1216
19252,32,211,16,4909,13,886,1670,3337,196,4582,1
10,186,35,124964,28,76,1,10,4,9848,26,759158,215,13,449,704
214,297,2957,231,11,23376,5454,26,6439,5963,10739,1,525,99,277,209,5510,14
450,27094,9
258,4,51,377,2668,16,56,63,48,13,779,48,1582,1,221,816,1
2,64,11,125,7085,58,2939,16,1546,83,1199,4830,35,57014,64,11,946,16,2276,9
538,110,5422,1417,520,296,9,50267,32,13,2490,6527,39,108368,9,278
420,45,49,13312,128,515,35,744,12164,56939,320,4171,28797,35,13,11628,3991,63,4,2284,1
74,10665,1,5952,16,8732,15300,10298,695,949,152,24026,2858,949,7016,695,19170,17767,2821
13,1553,63,682,60833,39,39298,38,40714,965,523,352,145,4564,35,739,11628,3991,1
33,128,515,35,329864,26,35,397,32121,554,664,147097,654,1116597,2725,10298,26,894,128,10987
292,17503
16,29,52877,14457,635,9
2,11,690971,28464,121,11,29085,9
596348,9
2,288,235,93,3710,58,13,8966,83,96,4385,35,53,749,9
285468,756804,4,11,6345,4953,10562,4,2707,4,26879,83,2281,35,6178,9
782411,108791,4,1302,4,172,23349,8496,5244,16,10987,8013,1553,39,9
372615,230903,1121567,6743,126997,16,361,11,4861,23313,32712,2313,9
26,10,5780,3022,692,9
4,13,246,127,425,34092,207772,16,922,13,1447,876,39,365054,9
1407,708,634,148,9
164,16296,130,245,3657,99,355
2319,32,92,61,61509,1041,9
361,61,17780,1,3739,46,15,26,61,628,1,15,26,61,628,32,13,30,27279,1
341,8284,658,35,37,9,271,16,111,9,416,5372,685,9
861,130,873,11,861,1251,9,15,276,56,1116,16,56,172,5990,393,526,13,1251,83,873,221,78,547,14,9
46,6768,2627,9,245,341,16,163,26,829,9
2828,9
75,70,690,3661,1
9,53,32,78,37,21,9,330,200,515,21,3792,53,1077,9,221,211,85,16,1025791,389,46,9
128,15,1089,2218,58,9463,4339,14,3312
260,11,182,341,516,16,9,10,420,33,4852,145,2319,9
78,11,4297,6828,11,30852,6828,11,5718,6828,3850,10,128,56,13981
35,1144,33,93,425,37,228,1
2709,247447,164,15,5952,522548,16,3783,1,32231,8851,1,361,861,10089,1
11558,39,17044,1,61,7196,215,30,9541,1
361,468,2567,26,788130,7756,1
3739,46,15,26,61,628,1,32231,130,102,2186,631,1,61,628,215,214,1980,2609,353,58,13,130,1
51,70,32,84493,407,45,403507,73,986,628,32,23574,19252,99,39,22669,1,361,861,7196,1
138117,5058,1644,9,9,13,302,1980,33,520,296,9
133265,332,25993,5450,59885,13494,9
3150,39,12,6578,9985,284071,272,12,32,11,3829,5298,46,558,127,76943,1493,6578,9,1
13,2073,16,249,39628,9
3050
10,196,63,16,87,9701,58,56093,167533,9,2,56093,403622
86,11,2384,19948,29,619,36,21,894,433,6578,1312,116
13412,36,66843,8811,13629,1
1543,628,200,30,145,13412,1,1
8007,14
5058,126,3898,15,130,70,26670,277,6105,7978,14,15,70,700,353,58,277,4739,1087,1
10,2279,257,53,1326,39,10641,1,53,10641,93,3699,14869,9
48,7039,13,44107,48,1400,295,74,13,96,51,13790,37,295,1306,39,13,5751,523394,51,26,32481,249,8509,876,1
996,2621,10,72,398,830,39,80165,10779,2294,830,39,18195,584,1655,1,10,129,16,56,5904,26,152,29,477,320,10,128,922,51
1631,9,13,341,888,48,6413,122,7063,35,13,122,29120,4768,762901,3168,1
623,583,9,11,312,181,10429,15496,9
2621,4,21778,171,11,1580,2699,39,3337,21904,66,1083735,20202,5473,2675,9879,11,1,351,1
2621,61,1064,41550,1666,171,11,1205,66,18087,46,431473,21575,2594,9
2709,1,4,10,478,78,182,4,5637,32,397,55,341,8284,9,708,63,5637,32,13,533,39,11063,9
193,200,4,1400,4,26,32,1,4,295,285,9
11063,260,11,398,3650,214,267,39,27202,26,5637,1,110,124,130,115,4,27202,59,260,11,39767,35,33,4,130,70,211,16,399,37,5637,214,9
708,55,634,1
11,117924,1298,53,26714,1,17,53,41680,4,15,102,163,13,312,21,9,20
181,27041,6247,9
487,11,50440,37,172,15792,16,8851,26,19252,2,628804,5061,10046,184939,11,1793,39,41988,39,795,11864
56,13,2527,152,61,1258
24203,6889,650,35,18468,32741,35,530211
35,122,12,2,122,10652,2277,12,1580,39,13,1580,12,12
51,530,63,33,2,122,10652,2277,12,1580,39,13,1580,12,12
554,145,5546,276,2211,2,201,12
12,2,13,892,12,1573,12,1041,133,13,3183,892,12,4,12,965,1218,12,2091,1,12,12
74,15,129,16,183,330,1165,4,384,282,61,1306,2479,1,120,21196,7072
11743,199469,49102,21199,65725,7491,3080,1,215,248,291211,35,671746,1
13,22176,39,129792,4,107172,329,11215,2456,32,858,311,116549
9620,2677,10,6254,260,38,3089,38,6039,79,79,79,51,183,21,264,295,120
16757,16792,2857,267,1782,16,590,496,25040,393,11,158448,153,11,16792,1
1216,269,1251,4,24806,26163,1
2621,420,13,302,4776,463,6261,26821,37,1362,101707,10395,172,177656,2053,33777,1
47,1369,374,20172,16,13412,681,39,8811,842,2709,361902,23725
8851,32,55,8015,45,381,3746,109,868,16,19252,1,16989,9541,152,89827,38752,32,129897,1
15,130,70,6039,1,190,292,11,1071,16,277836,79,190,2393,249,117,2416,1
53,32449,106029,39,3337,215,30,1318,37,1670,1,109,70,5840,3337,1,13,135,215,243,16,16814,228,1
764,18427,12447,5354,46,13,24762,39,348556,125,39,530211,93252,31457,10046,4,4851,6908,83,4851,1154,377,894,3041
764,136223,231,9437,3894,1301,34454,16,1
22683,11,24641,749,9,764,136223,231,9437,3894,1301,34454,16,1
54637,13,8851,32,11,52432,628,127,239,35,53,3612,700,3313,7756,1,3739,46,228,1
1,61,861,9541,46,29391,158172,35,549356,32,129897,1,43,15,186,130,39,3337,32,861,14
8851,32,1068,32738,985,152,350,140069,7196,26,23574,19252,83,764,35,75,4575,130,73,30,145,4038,46,3850,3850
319,30,24823,1,23725,270097,109439,26,59651,18427,4357,228,1534,2002,1
861,130,63,15,214,102,7759,79,39437,13,1144,1
12,2,130,163,15,124,299,145,2816,285,15,186,15,70,4,5924,16,96,1915,1,12
86,43,51,1075,152,5717,14,209,1636,3469,152,127941,1151314,2,12,10,9083,488,1,35,1144,10,890,6200,4,9126,4,10125,83,35875,12
3,2,102,342965,45,109,38,350,212548,64,190,248,46,424,889460,152,19170,99818,153,35,55295,14
16,4974,15145,49706,4,564,4220,872,4,20279,1
121,335404,39,26978,10050,11454,313,35,140403,1415,1
53,10050,1415,1511,66,18328
3981,69,102392,589,2041,78988,1451,222066,1,30,3434,9
12,2,2966,80,1865,13,11657,550,9,14,9,9,9,12,111,37,33,9,487,33,37,538,9
99,9,11680,9,9,374,85,37,277,744035,9,13,547,24270,9
744035,6293,9,331385,118,5318,4911,9
13,2041,11,1205,1861,1,261018,5318,589,2518,1
6527,6293,9,47641,9,145,16,111,9
3981,78988,60288,69,102392,589,70005,78988,1451,317013,1
4,1049,111,1,120,111418,9,9990,135,9
530,109,2539,341,110,1,16,5037,1,9
305,1,7290,10365,1,110,112914,228,16,239,186,39,9
452432,24102,1,15,128,487
861,77143,19099,315,16,1854,79,78,19252,1,107,32,744,118405,35,13,590,39,3746,1
221,156,202,16,2833
4852,381945,16,1580
43,15,186,954,35,381,2552,128,183,15,208,1,15,276,894,64,7599,16,832,954,1
20361,954,26,1018657,124,11,2419,19409,32,182,4644,1
3050,1471,13,299502,39,49367,26,180434,9
11196,28182,26,15,14,14,371352,14,14,14
922,137611,26809,48,137,3716,32,13,520,946,4,164,10,701,1473
135,8341,35,11,9805,39,11,2086,66,10,264,29,6855,32,2504
761,127,2089,11,73523,2586,4,6533,16,393,526,14,1,782,46,1
9557,32,22209,35,29,878,92291,107,32,20223,11,197573,1717
422,190510,51,115,51,68,21,208,14
12,2,554,1268,708,37,59,96,688,53,102,56,214,99552,49102,12
2138,16,163,48,137,3171,9
61,34435,70,7946,565,9
42,111418,681,1,42,42,177418,681,1,42,42,28006,44933,26,479,1,42
3,12,2,802,2,245,49604,16,273,76576,30,1087,86,12
3,12,2,802,2,668,722,282,85,1,102,632,273,53,634,14,30,12
92,13,246,32,35,1422,1,12
171080,32,243726,9
10,68,45,22397,965,177418,8766,46,920014,4,89978,8766,35,26,199469,66,103372,318580,1045,2092,1,109,377,8598,9
199469,32,243726,1
582728,237196,276,115,45,130,78,3435,228,16,2540,13,108137,99,133,13,628,1,861,7196,1
12965,32,13,628,39,288454,1,109,4509,124,28396,628,79,35,1144,109,70,449,417218,628,1,10,257,228
582728,237196,32,11,5927,1,12965,32,11284,35,58685,130,1,861,12965,1,3739,46,228,127,3435,35,20873,39,228,1
10,1613,48,137,273,35,1906,1,79,164,13,3186,14,10,68,249,584,1
8633,5739,16,832,45,1402,26,8560,70,78,829,1002,9,109,377,29,2828,1428,272,9
127,32,11,2879,133893,39,3337,207415,14,14
13,10331,32,46,12965,79,47516,3657,13,2797,16,19252,1,164,14,553,16,58168,35,13,10331,1
105501,36,159075,46,11,2211,117,516,1,46,13,4540,1
10,13384,3846,832,504,26567,1134,29,1442,193,9,221,55,477,51,214,74,51,20914,163,51,118032,76
12,2,35,13,74329,1471,13,5657,26,13,1286,4,13,5657,245,3389,1,78,695,5300,79,57183,1,120,26846,12
146786,46,1415,148
53,1543,989,274915,2209,15,424,70395,37,660,122,6123,2
325,4848,133,530211,93252,28,273,3714,16986
12965,32,13,628,39,5847,26,24113,1,74,15,6082,8291,37,954,15,128,888,96,125,35,45,276,8146,45,1
292,51,163736,942,3688,199,125,92,51,56,119,58,518,51,51,73,13,6254,13355,10,979,112995,1,14,351,1,137,744,649,16,56,3080
249,14746,5456,9
61,2828,32878,14
61,2828,21939,14
55225,14
10,64,11,50698,39,27202,704,50,29,981,1
12,2,74,397,489,172,7196,58,11,4,56,8358,16,1103,1,12,507,80,257,2626,1
1885,39,6855,403507,1,13,403507,73,1426,1386,26,109,129,13,130,39,3337,276,78,2151,55,45,109,102,76,1773,16,4909,1
16989,34214,32,140069,1,11558,39,130254,83,1,129873,70,11284,35,119351
13,4017,15049,1,285220,1,689
311,76820,1028,13,288,2041,425,291,202,113423,1
305,1,49102,26,9219,128,8370,56,11,48132,9,236116,1
1034,137343,4,453,39315,26,49076,13,33616,46,126,16,497,4,200,56,172,11284,1
92,61,55,1858,79,15,629,379,9
208,11864,1868,16854,8063,16,4300,106669,802538
92,32,13,5043,123680,39,2706,14,6321,1180490,2706,288,235,1,52084,4,121218,4,9235,1
126,463,15,128,3475,58,100456,14,130,70,35,9896,16,87,428,424,1
15,70,1353,428,424,46,58051,48,580,1,64,15,425,424,16,75,39,228,127,64,18735,16,1574,580,14
35,13,4408,39,42363,4,53,11,4653,36176,14
177,2055
93,33,61,1367,16,24861,1493,343784,137698,124,33,3791,16,75,45,15,70,13,4333,39,621725,24861,26985,1
4308,276,1330,126,16,20038,1,147,26,68161,58875,26,6441,372596,47267,78,3659,345412,16,1854,1
6441,1,372596,653,63,11,16989,148,1,13,271,107,32,8008,32,78,12487,1
343,6441,372596,215,1671,13227,39,31923,1,4308,26,68161,58875,32,9555,211,16,1392,12965,1
48,48,11,908,989,229,48,48
674,2579
305,9,574,35,2054,110
8821,25074,61485,62661,13,9,7376,88131,406,14142,10568
173,5318,16808,765082,9,1777,13400,2002,236146
496,17276,2252,53,78095,9368,35,12732,16853,744,13,1737,14,1774,4177,437,931,14,126,14
2709,1,26,8710,1,78550,17,393,225,20,70,491,9
26698,9,147,32,232,29,2828,9
296,33,1925,315,32,744,11,6052,3157,37,165,6222,1
15,64,496,469,2416,79,16,274,31581,6310,14,61,10174,8448,32,296,11698,1
12,2,16207,16,530211,61796,8468,8526,152,13,4220,16,56,1
39,4507,393,13,2419,20830,39,35,13,12235,1502,1580,4490,35,1644,75,13
532,3341
4017,15049,14,30,4,285220,1
29,2828,1906,586,1
10,68,1012,199469,26,89978,1,79,739,6310,70,6039,9,838,191,27202,704,46,29,981,70,1432,1,55,4,59,17249,85,9
290155,10,29785,32,13,449,13942,591001,39,75,13791,4,79,797140,10,433,4,10,629,14268,298139,33,1028,624,1
3,2,13459,9,9,99552,49102,46,13,8954,39,353506
13,367,35,78,11,406,158799,10202
164,32,184939,55,459,14,74,10,93,66,249,908,4,10,239,64,1858,16,265,753154,56,119,9
10,59,11095,148,45,10,143,568,236848,39,199,1,50,39,4325,1062,1
78,6223,12074,133,9196,838,5475,46,13,650,126,51,14
61,2828,38542,14
1186757,46,158089,318580,292,3337,32,8598,9
393,463,119,16,218,367,79,47,32,33,5522,14
7032,35,3196,7032,32,11,27477,5243,45,102,43,75,31021,39,352,2,64175,3904,3825,2089,133,11,24107,4
11605,96036,58,199,1,50,153,9698,1
33,215,248,11,1026101,6142,39,10349,9451,2683,39,10665,1502,528855,10969,10873,335637,528855
178072,122250,35664,217856,152,2683,177437,166612
79,9698,128,245,56,29,6595,35,2134,838,249,122,584,143,21,14584,389,9
1347,32,46,11,1268,2197,285,2134,315,1417,33,232,38268,15,409,11,1205,1215,14
10,102,479,48471,254,53,286,1,285220,1
86,5477,43808,46,1045,152,154902,1
655750,32,739,11,32231,83,18711,417,127,102,1854,631,79,409,833,1318,16,13,109439
68,2209,291,145,11663,285,2319
3,12,2,23962,45,15520,10395,64,6394,40989,16,515,1,110,361,49110,1343,350,176640,153,350,4246,1,12
132104,905348,5497,453,26,393,13,12,53,32,126,5139,2500,1595,44637,1
11,670,39,130,1151,35,26,99,39,29,181,4,79,15,70,96,39,13,214,1397,10,272,182,952,16,3007,576,1
12,381,3840,35,61,181,215,19969,15,35,16,13,417,15,70,148,1,56,2692,37,13,477,746,4,109,102,214,183,15,5060,1,12
12,13,1029,946,164,80,2456,35,277,181,32,267,80,1858,16,56,634,1,12
26,127,23574,19252,186,109,70,420721,35,75,3948,79,109,70,22864,3295,11,2413,5296
2510,238,63,15,2972,11,886,5390,670,4,488,32,211,16,87,295,1,78,1,48
77143,361,53,861,127,32,660,16,139022,13,4649,1,8851,215,110,1671,1
89827,837523,26,2911,35928,2840,140069,26,861,7196,1,109,70,13,628,127,43,78,129,3337,16,352878,1
12,3,12,2,614,782,2,1442,542679,124,11,31814,39,6811,3337,4,172,62611,2478,152,12,12
654,897,523,11,27190,26,999,254,4230,6244,39,12761,4,929,2295,121,6244,39,167333,508480,2,126832,32034
4388
12,10,226,16,15,4,564,4,26,33,128,56,3469,16,15,2,8473,4,26,15,128,470,12,4869,4,26,33,128,56,7929,16,15,1,12,17,2753,20
12,2210,32,13,246,127,27851,35,13,1560,4,26,6769,420,32,13,1560,1,12,17,47914,20,1
10,50544,85,66,13,1667,26,110447,267,10,115,45,13,450,1494,32,15059,61,490,1
6345,4586,31533,1826,1,234,1774,1011913,1493,19831,10665,35,530211,79,30,4804,5525,85,1
6345,4586,31533,1826,1,234,1774,1011913,1493,19831,10665,35,530211,79,30,4804,5525,85,1
221,248,1,29,649295,2416,3307,1,1,453,45,10,129,16,111
532,3,12,2,265,61,181,34503,1199,46,13,35242,39,135,63,14759,46,13,4635,39,11,17660,1,120,219759,146786,12
6345,4586,31533,1774,1011913,35,530211,79,30,4804,5525,85,1
35,53,4,71175,83,23313,21317,32,60781,1
77143,15225,374,1071,3746,32,5270,1570,33,32,267,77143,32,894,1068,1258,39
208,51,73,2621,214,7910,8068,16,84,85,518176,1815,425,152,1
361,140069,46,46,13,10331,15,26,61,628,32,9181,1,374,1
2,83859,51655,542679,51655,158448,51655,104561,51655,48
13,191357,32,1619,4854,820,1,361,6237,9,10746,11,3341,9,381,356,1902,285943,16,11,122,90071,1,26,80,75,70,199,946,1
28,4597,185902,1,147,143,695,16,75,18053,884585,16,115,5477,168,2
12,110,53,32,13,6967,45,80,64,35,282,4,45,74,80,564,631,5924,16,249,128,4,107,22516,291,1,12,17,10,1711,20,1
221,1227,16,87,10511,110,11,455,1,17,13053,4,10,19094,16,530211,35,4,602,4670,35,13,15345,37,10157,641,20
12,4300,35,21,11,2419,533,4,50,330,4,26,33692,11,107968,4246,4615,21,1,12,17,14910,20,1
12,751,4,270,75402,365,44888,40,4,534,75402,8368,365,44888,101007,7686,1019,787,1,12,17,2630,20,1
10220,1221,26733,17,159160,20,39,1,10519,32,13544,16,2493,530211,1
14383,35,859347,4,728605,52026,2973,904
6345,4586,31533,1826,1,1774,17,4354,18841,20,57489,4,1493,19831,10665,35,79,30,4804,38,4354,10665,5525,13,7852,1,164,14
299531,534,694135,75202,40269,1,13693,16,487097,146548,593,62661,34746,568765,1,3313,7756,39,4415,4333,1
92,15,64,43980,39,36,4728,75
55,554,1588,655,215,248,245787,4615,21,765,6425,4306,2937,33,12865,75,55,520,100683,3222,9,6746,74,33,118032,76,272,9
26,30,145,183872,35,13,1670,1
277411,32,110,468,7756,58,1,107,32,72190,48877,2437,1
221,488,79,48877,2437,1,107,32,744,291,3119,1
33,1400,903
451,55,53,19122,38268,70,99,39,350,70089,1,117,768,9130,9,9,9
78,11698,126,15,70,17317,284867,16,277836,277,764,453,106275,1,3739,46,15,1,1
273,126,53,8067,53555,70,23574,1174,469,79,1012,377,35,13,450,135,800,1
80,70,711,39,53,8067,53555,127,214,5262,13,2572,1,375,8104,1
8851,32,13,33531,39,6379,7756,1,109,1302,53,7410,353,1,361,53,3494,58264,1
50751,8793,32,11,52432,26,449,106669,1,80,257,282,1,107,276,56,11500,1477,5990,3187,1
8851,83,3430,215,3906,13,3746,35,13,16838,2197,152,2615,2819,16,764,1,319,8851,32,22930,16,39437,350,12743,1
325,5061,114400,39,18300
26,271738,374251,1,220924,904,16,21420
191,130,377,653,45,55180,31923,32,172,132784,4,6842,37342,46,13536,39,7153,33190,33,1
12,12056,10482,271,24925,13,1560,123,979,894,35,282,123,26,107,2966,987,33,16,1850,1,12,17,14910,20,1
12,10,96846,233,16755,7877,40,4,131004,7877,2672,40,4,5222,11,457,276353,1019,1,12,17,2630,20,1
37,330,32,13,1696,39,75,13,2500,123,1546,37672,58,8801,1,17,14910,20
845,32,3323,46,29,981,14,10,614,92999,13,2735,1,270,4,11397,35,790,9
12,13,1560,32,880,133,13,10306,4,79,107,22516,13,5717,39,13,33426,1,12,17,17580,20,1
12,8801,32,11,457261,39,181,16,282,127,215,33,1,79,13,18739,39,8843,74,98316,1,12,17,17580,20
12,13,78207,39,13,533,7104,16,246,4,79,13,1636,39,13,5321,32,133,13,1560,1,12,17,17580,20
883,48,30,21258,7651,48,148,1,55,9,32,45,11,892,4,152,13,271,14,11043,50383,32,4883,984,1
26,11,398,3237,16,973687,37,311,6595,37,64400,1,13,341,4,704,1593,9
193,4,6163,9,105501,215,248,11,341,6527,9,348,899,549,133,13,1282,130,9
26,277,619,5970,9,3157,29,1
111,4,7951,61,5546,16,13,2373,1,13053,4,1644,9
2709,1,9
143,558,6047,918,9
3312,37,311,13,11127,1696,80,245,952,1
473,1,79,383688,245,45,64400,128,487,1,13053,4,18453,215,1644,11,1009,156,1
6005,653,6828,1531,4,13,450,518
12,462,16,21,4,26,10,128,1636,15,4,26,409,15,341,26,13877,352,4,965,15,43,78,115,1,12,17,47914,20,1
692,15,64,16,20038,3625,61,6467,12710,1
79,663,13,1680,190,163,13,2476,1
16,75,13,12,2794,83,450010,12,39,13,367,1,2,11,3724,20260,32,989,11,2794,1,11,2310,20260,32,989,11,13509,1,12
10652,102,87,6722,15087,123,142722,393,75
29,284,46,6058,4910
3322,96,39,277,27433,32,932,131824,16792
118151,628,4909,1,214,183,137,13412
12,35,598,35617,6702,4,1289,32,232,11,802,39,96,791,1,12,120,18297,65278,1,42,42,357,4,80,115,9,779,9
12,2,2,17364,6898,1045,6742,37,7188,32776,39,2294,41864,39,22048,39,126637,83,709916,64293
126198,4,190,28139,9,3569,58883,4,6345,4586,39,7254,48,137,56,13,122,68460,39,728604,4490,1
12,2210,2471,13,246,127,27851,35,13,1560,4,26,6769,420,32,13,1560,1,12,17,47914,20,1
10,64,1220,39,15,152,3856,39,13,5941,4,79,110,29,918,5688,15,1,9274,10,324048,649,4,26,54052,35,13,12977,26,22634,1,17,768,83,20,1
233657,177012,48,59,11,1246,43050,1,5753,4,200,87,119,9
13,3480,4,728,26,33358,4,70,55,8964,45,10,232,470,13,4412,590,1,14,174754,14,33,1400,450,9
4446,9
62580,26,41912,1,2507,9
110,526,2,6600,1
12,110,53,32,13,6967,45,80,64,35,282,4,45,74,80,564,631,5924,16,249,128,4,107,22516,291,1,12,17,10,1711,20,1
53,32,733,107,32,733,351,1,137,312447,93,1941,35,11,1680,878,131824,16792
2709,51,26036,121,83225,25864,121,6178,35,14,14,2257,10,68,15,9,9,9,26,504,320,156
40912,35,4339,59591,93,1302,152,2709,161981,1
1302,355,1064,152,292,152210,1,147,276,115,13693,18087,32,78,168,4293,1
43,15,186,215,30,650,14,109,959,61,2018,7756,295,1,15,130,215,30,1318,37,496,96,1
55180,31923,9180,13693,130,1,107,32,11,130,39,19809,1,80,462,282,124,1659,39,31923,1
111247,4,29,335,39,2875
2,858,6394,4,136321,6889,148,1,5456,4,520,2419,26,532
200994,51568,32,245,497,139,4574,39,284867,164,15,462,282,92,107,245,1854,1493,19252,462,32719,417,1
92,181,2209,15,11,9759,946,16,999,4,409,181,45,15,64,5540,2939,16,701,1
15,70,11,32231,417,1,53,32,13,4709,4966,39,12965,26,221,9087,1,78,48,41566,48,46,79,48,41566,48,46,15,1
117,768,9,9,63,504,1999,39,21643,9
653,16,12641,32,11,24780,117,271,16,1078,13041
15,115,80,1012,70,526,33,829,55,200,43,78,3249,21,231,16824,35,381,4200,63,225,191,1608,321,1
5990,1369,32,245,58891,1,109,902,350,13812,1,10,225,5990,79,10,63,228,37,350,1
361,700,11,135,215,243,16,723251,1,3537,4673,290,78,478,15,102,43,1469,15,63,1
13,892,12,569,12,8738,145,285,11,5540,1064,4,4,4
12,107,1417,61,8564,4,507,107,32,11,246,1,107,215,13,20623,39,1012,2875,26,2500,4,507,107,32,330,1,12
312204,36937,589,300785,75402,172,287,287,97058,3273,7877,11,242,19864,4,4,4
130,127,523,200643,6310,663,2584,13,14437,39,1087,4,276,5839,739,2464,1
75,33,2379,93,59,2734,16,687,13,5956,133,11,209203,16,11,1757,1,6405,13,6979,341661,272,35,172,5990,3619,1
12,107,931,49016,99,13,27875,4,26,366139,46,13,11145,39,13,860,1,12,17,768,20,1
29,619,14770,48,137,29,4340,4,29,1166,26,29,331,1
20404,126476,93,78,3469,496,22974,37,965,107,32,397501,18427,1
12,110,53,32,13,6967,45,80,64,35,282,4,45,74,80,564,631,5924,16,249,128,4,107,22516,291,1,12,17,10,1711
311,177,478,45,428,32,634,1,33,1218,45,4164,16,273,3625,13,28218,1
858,13,312,1031215,32,119,26,1541,13791,145,1232,26,145,5196,458,870
311,177,478,45,428,32,634,1,33,1218,45,4164,16,273,3625,13,28218,1
2875,26,2500,128,1850,549,4,79,29,1064,128,152,30,1218,1850,549,1,17,2753,20
74,290,78,320,553,189414,123,74,78,4,553,23005,45,713,320,79,58920,32,11,538,250214,37,75,1,83,521
107,32,182,4883,10,348,115,79,10,93,844,126,102,10,436,282,80,73,63,2521,36,2500,3479,206
12,2,18398,12034,134698,16,284,46,18453,35,986,561711,2265,24643
4057,3337,1,160303,93252
12,2,21134,39,210,28,66,208428,58,5990,39,953,10349,40989,1,12
325,2419,51,130,17,12965,20,651,36,687,199,52933,550416
92,128,15,130,12462,350,1898,4168,12383,75,13412,26,17683,26587,83,2012,2248
74772,66,215858,53,344,16,137956,87154,39,127,9164,313,350,2597,35,360891,1
35,29,14441,32,13,1971,254849,1,1069833,32,11,10008,3859,1
1312,10,4402,58,11,7888,15401,46,11271,46,23313,1249,35,12
145,99032,46432,99,1,32870,70,604626,99,39,102
12,2,12561,46,4739,11976,614,56,509,313,58,11,13718,1425,2,97973,159,159,20002,64875,12
107,32,119,58,288,5990,166724,1312
598,33898,9,12,2,518176,7886,2,32,61,22974,2965,4,856042,159,159
12,2,518176,7886,2,32,61,22974,2965,4,856042,159,159
148769,1444,37,32442,455,63143,13,256723,35,1987,4,4,12195,1
8655,70089,35,4,1447,13450,5719,313,1,455,39,1444,63143,16741,3726
1145,11454,2288,393,1083,93,41903,133,4,11,100249,1987
2,1094,17359,11,117,1992,2478,46,5687,137989,35,117545,39,44646,37342
80,5990,64,425,11,9896,39,7903,8289,152,954,4,110,171,37,687,35,9896,215,1671,8795,37,291,1
1009181,10073,5098,381,123,56364,39917,1,987,398,83,1741,53620,312779,199,41339,525
5569,934,30,2301,32,2184,123,18473,37342,1028,199,39,4,46344,2,76603,97007,123,145,42361,6566,1815
10,64,190,248,55,3050,453
35,590,39,183872,12382,39,5435,35,3337,32,24961,26,18473,1,33,2074,375,709975,64,488,16,43,58,46176,1
18427,171,16,183,3502,46,264744,26,984796
14984,13,5990,5751,40290,16,450,788,52602,191,125,4,13,1971,1411,128,56,45,39,259572,1,127,2209,26,127,794,14
177,338,1848,554,177,9490,39,13,125
692,15,595,3293,13,1144,45,3933,352,128,190,111,119,16,126,109,957,16,56,1
75,5319,26,18772,32481,22745,656,1
401458,19190,124,13,30,1,14156,61190,934,35,3337,32,66,33570,58,18453,950,4111,489,11,2294,1447,1690,1
3379,35,22819,2,43991,623,7345,11481,37,641
148,80,73,211,37,11,23292
5990,148,615,630006,82990,32,1781
80,5990,70,520,276,78,374,496,35442,37,8148,37,40430,5840,2583,4234,107,32,1
15,64,23005,37,13,10231,14,3739,46,15,14
55,177,51,123,23476,6746,51,5963,32460,123,1631,11,6223,356,3116,2742,39,68,9,9,9
58,100044,202676,83,4,949,163628,153,51637,1299,1369,5932,297,56,11,410,39,13,1109
46,504,1216,14453,4,10,406,51,598369,199,83,199,14708,1306,2,530,504,14453,6849,8496,1012,83,16368,20,177,2621
2,80,70,5456,1116,8838,51,2621,123,6597,291,1116,18216,39,3890,3337,215,987,11,398,2953
361,9032,656,6098,51,239,1609,130,35603,39,656,123,479
48,13,48,5012,20557,48,10,4907,1,48,7542,39,8655,34454,530211,93252,58,1670,15080,549,9
5456,11,1116,753158,74,51,210,199,35,23845,39,5990,8192,4306,2259,18581,241187,5057,33,2,974,11,687
72491,434,389,252228,739,79145,4515,42371,51,5137,399,210,568,145,455,16,111
79,10,2093,58,15,156,717,3223,32,78,5895,37,2556
15,3694,898231,37,33,315,523,3399,28,107,4370,202,295,285,15
21314,539617,614,3746,35,13,23115,8570,109,128,64,16,1574,37,5450,130,1,27279,1
61,3196,4463,2074,45,15,70,1709,39,46,15,75,1,15,70,9032,5098,141738,48,580,1,80,257,51,75
428,35,61,181,32,11,17929,39,11,879,15,64,425,1,74,15,129,11,1268,5678,4,183,11,1268,879,1
1034,330,4,10,289,284,11,1975,4,78,16,564,37,631,133,15,1,79,3699,16,226,337,15,4,37,75,10,64,1
8851,290,78,129,8404,39,13,1670,1,109,70,1709,39,3041,10665,1,109,70,13,628,39,2609,8619,1
168867,39,13,686276,42877,1005
341,32,10482,65602,9,341,32,10482,65602,9,344,152,344,122,116550,10,163,123,75,10,64,2379,10482,1425,39878,26327
58,5033,39,19415,4,31913,4,6345,3705,4,149896,98739,4,628,62523,36,1580,19252,9087,989,46,1580,16135
58,5033,39,755769,1,31913,4,62523,4,636364,3705,4,149896,98739,36,1580,19252,9087,989,46,1580,16135,4,12145,4
422,9,10,225,5990,1
4833,218,10665,32,295,285,4833,10665,965,93,30606,1900,152,8851,26,110,15,70,700,46,350,8420,1
200,361,2965,1,43,15,186,130,70,3119,1,6039,1,1282,215,550,243,99,1,861,1367,1
1282,39,138640,412401,39,170419,215,243,99,1,86,15,128,129,16,226,110,1,299531,2888,299531,299531,2888,299531,1
24648,61,3211,28607,58,191,21579,1006562,27042,1
1034,330,4,10,289,284,11,1975,4,78,16,564,37,631,133,15,1,79,3699,16,226,337,15,4,37,75,10,64,1
10,959,164,277,1094,4534,70,245,35,3012,1,109,5780,350,231056,520,5935,26,183,469,1258,5739,1
127,1302,2615,2819,1,33,32,8851,13,164,3694,19252,14,8851,32,2275,177974,83,14039,32,1
264744,215,550,22466,35,23115,1,14592,130,1,77143,215,1671,10554,417,39,8851,1
5712,6471,8275,32267,143960,1,764,190,1636,2248,1,299531,10042,11301,143960,1
1369,8067,6263,35,13,3746,83,2074,35,13,73,894,11060,115320
414,4327,32,7410,410,1
74,51,186,6743,422684,18427,240,86,32,61,3432,46,8851,1,43,15,186,109,70,2419,14
28177,19676,35,277,125,16,125,181
10,72,182,4558,163,126,51,83,504,2812,32,1135,1493,51,73,78,4038,57897,20622,4,1273,14
51,26,79182,70,341,55,4,56,38305,35,2672,1,10,552,45,1
78,4558,267,53,628,215,30,912539,1
2356,245,183,1400,4,79,2263,95858,70,245,6075,1,55,4,16749,61,5777,21309,4,416,785,6075,26,8635,1
14170,8851,128,78,1,109,186,109,70,13,4333,39,3337,1,130,70,7750,85,58,8851,88596,1
15,70,468,5433,7756,1,3739,46,228,1,109,129,8404,1,109,129,130,39,3337,8185,2259,1
13,4709,490,39,8851,110,66836,41086,35,13,23115,1,109,70,5840,1,130,614,959,110,33,32,685,135
61,985,35,23115,32,6039,1,8851,32,1493,8404,1,130,32,526,15,1,130,128,4119,15,11,4998,1
1407,15746,7016,85,16,3904,48,23868,48,4,11,122,99123,1,390028,950318,4,13,3010,1534,11755,4,32,13,122,9321,39,1407,13012,1
61,130,26320,26,5233,2263,46,12632,1,33,32,78,12487,1,87,579,37,1,130,128,34984,15,1
15,70,700711,1,61,30774,16792,32,700711,1,361,861,43808,3494,1
61,7196,2074,126,861,15,70,1,3739,46,15,26,61,628,127,32,468,4475,7756,1,861,1
861,8851,32,16712,13,3372,1,1670,128,4119,15,11,4998,1,53,32,989,2018,7756,1,61,32,11,5927,1
86,11,531,80,64,35,1324,4,75,277,14502,26,648208,16,3822,9,86,11,23530,16,5099,428,16,330,35,5717,9
12,4300,35,21,11,2419,533,4,50,330,4,26,33692,11,107968,4246,4615,21,12,17,14910,20
12,265,61,1494,55,4582,453,21,4,45,109,530,163,61,117,2416,4,26,91715,61,2930,965,32,35,2875,1,12,17,79682,20
521,86,469,130,186,153,436,121,15,4,59,3699,701,26,1151,549,4,181,32,156,1568,16,1290,469,130,1290,15,119,1
13,6999,39,13635,12247
59,92,181,7338,16,123900,15,4,5997,32,175,16,1547,15,85,1
2621,4,117,3375,4,60300,45233,867119,1778,608663,69,3325,16,53855,7376,2002,11660,155446,1211,1
4595,32,63,11,4079,39,3339,4,33,38491,58,2170,26,19195,1
330,245,215,363,37,15,4,11,2694,37,381,1210,4,11,1494,37,381,10222,4,11,10766,37,381,28192,26,11,1367,37,381,328
463,79157,619,920,2978,58001,28493,4,31475,11619,1
488,156,1741,16,115,4,26,488,32,156,398,16,7990,1
13,19409,39,3337,64,9180,13,130,1,75,19409,39,64,9180,291698,37,96,619,214,1,6039,1
177,8440,125,16,75,13,5990,9
80,890,1590,1094,130,35,11,42877,5983,35,530211,93252,4,172,85610,10699,26,568,49312,4,79,30,1369,543,1925,16,521,1
13,5990,1369,156,1989,17942,476445,446,4,13,108,1240,1,147,32,11,17386,4
8851,894,9192,79,195,488,765,641,1,126,107,2337,133,53,10665,1,11558,39,17044,1,32231
8851,534,103782,21,589,11016,1,109,445247,2393,117,2416,39,954,1,86,15,195,14
277,1109,11,4376,4,277,1306,11,7886,4,277,148,11,1954,164,989,3041,1
3022,523,352,2436,4,78,1227,1,12
11,341,181,121,2294,352,4,121,414,352,45,102,183,11,398,2953,1
56,5998,37,1741,352,4,398,352,4,26,428,35,1471,4,2873,61,8077,4,78,61,1553,1
13877,13662
10,68,53,5319,151769
208,39,13958,290,78,478,10473,35,2572,908,329,15300,894,243,1,15,70,932,25914,1
208,16,13958,290,78,478,10473,2572,329,2254,894,70,39,932,25914,1
32449,8851,32,110,3731,350,4709,490,1,109,70,417218,26,43,78,1318,130,1
74,30774,16792,5800,764,33,128,56,11,620,125,37,3337,1
31923,7144,32,311,13212,152,13,8851,1,109,129,16,568132,13,1670,1,3739,46,228,1
164,16170,14,264744,215,14121,13,1144,2709,1,195484,1,53,16792,619,215,6144,53,1670,1
10,1858,4306,1836,320
58,139983,10747,19252,4,33,297,56,8900,215250,849724,35,1,153,70,80,211,16,163,411551,849724,124,13,411,1757,1659,14
393,641,1166,1273,8041,2978,58001,28493,4,31475,11619,1
74,330,4852,15,16,33,4,107,128,987,15,695,33,1
1613,11,258,26,147,1786,29,533,110,381,2478,39,29,533,68,1268,51112,1,130,989,33,6732,824,78,2611
86,32,3323,35,78,129323,62366,35,13,1580,35,13,590,39,59812,37,13,8582,39,330
13,274,39,70,8921,79,22486
4009,14927,18347,33987,40,41499,1140,113
3186,74,61,7297,297,12716,61,1588,26,35,13,344,15,297,13164,33,489,61,2730,26,433,33,75,254,389
12,110,9274,4,111,4,26,10,128,56,58,61,1966,26,4119,15,86,15,2966,226,12,17,61919,20
74,48,5990,48,32,11,6379,4,215,1671,13,9163,1
569,2,3289,70,15,397,798,379,14,21,2,692,92,10,15863,29,918,1213,1
2348,5990,688,744,43910,70,449,209,285,24765,739,124,688,12,10,12,26,70,209,6866,124,10173,16,6069,1
598,7751,39,1933,25914,39,8851,1,109,64,890,350,39,53866,7756,3101,1
193,330,9,92,53,8851,831,128,959,13,5987,39,19308,32,5270,11,8067,13764,1
35,53,1680,235,141357,39,192647,32,32174,1
4,36,922,36,284,199,590,2055,109221,3570
133,16,4,568,1268,5012,39,1,29,411,128,56
598,2271,35,13,437,32,75,1076,16,784,58,53,34137,1
102,175,56,11,10252,285,13,96,965,4852,2767,2133,16,632,127,22516,33,14,26992,58,290,59,45,1
15225,374,2954,32,403507,64,392,670,145,15512,53,1670,46,183872,4649,1
39,13,2879,735406,53806,4,127941,187235,795,23654,155253,1,530,249,2308,2081,1
692,15,171,16,2022,1413,4,87,191,1188,4,26,5266,785,39,127,15,70,26,329,15,129,16,56,1
181,32,63,11,15522,1,15,102,1963,33,2305,15,406,4,79,15,214,1963,33,800,1
12,110,9274,4,111,4,26,10,128,56,58,61,1966,26,4119,15,86,15,2966,226,12,17,61919,20
1659,39,1164067,428,26,861,6310,553,16,320,46,4770,1,15,75,70,9181,1
74,12663,73615,4,19927,79182,26,13614,43851,2966,6463,20078,389,240,30,1083,12743,228,1
56,931,4,45,32,13,2073,39,35345,4,56,931,4,45,32,92,3248,70,2367,28,42992
1113,74,2937,109,2813,13275,38548,23072,2133,7166,5764,32,78,59,957,1415,4306,239,2133,110
30,1087,126,2517,29,125,93,4,653,16,15,37,239,59,96,1975,523,428,2404,634,1
428,35,61,181,32,11,17929,39,11,879,15,64,425,1,74,15,129,11,1268,5678,4,183,11,1268,879,1
1034,330,4,10,289,284,11,1975,4,78,16,564,37,631,133,15,1,79,3699,16,226,337,15,4,37,75,10,64,1
1444,2021,35,11,15419,1005,148,1
858,58,11,670,39,844,858,7207,29,15908,1016,2277,16,82797,68,33,124,39,110
393,14984,2725,39,10046,39,18577,33058,45,107,128,5305,13,3155,39,12,9879,18577,2725,1,14
1447,32,334,42,42,42,2426,85,267,15,171,33,16,317,26,240,33,86166,15,59,267,33,102,79,10,68,33,311,11
2,13,8921,3211,39,13,8921,1282
564,143960,74,249,32,894,15008,35,1086,130,1
98642,32,2012,13,1282,4,107,687,249,7609,800,4,563,77143,1858,16,14592,282,554,135,1
10,240,9175,45,2626,35,781,93,35,29,2705,1
861,4,27279,26,32231,8851,195,488,35,1318,39,79,110,146717,53,10665,1
650,16,650,2713
1392,1729,37,11,27241,13842,35,49394,11,731,11793,10665,35,83836,53,135,37,117,60350,1
10,642,37,16,1,9563,32481,2254,35,25092,4,24203,4,9238,122472,1
2279,1,78,121,10213,55056,153,19415,1,105763,80,171,16,60319,7050,4,3227,4,6200,1
75,130,127,827,16,56,807,124,28016,171,16,273,66,313592,3625,6379,4,3625,3211
92,238,5331,489,61,181,4,523,15,11,295,417,26,12609,15,16,902,121,61,1109,4,190,265,111,39,228,1
12,2,4916,5466,16,14432,13679,60251,1,12,10,171,53
12,26,80,115,45,75,352,320,829,37,117,16,228,45,68,330,4,16,228,127,70,13,989,5924,16,249,6167,1,12,17,27861,20
1560,4,15,115,21,145,285,10,115,649,4,15,115,86,32,10008,26,431155,37,29,181,4,200,987,21,695,53,3612,4,4
4500,934,487,53
33,128,56,18672,52106,13,6527
12,110,9274,4,111,4,26,10,128,56,58,61,1966,26,4119,15,86,15,2966,226,1,17,61919,20
16,21,4408,38,22591,4613,2966,56,449,36521,1397,1,24593,38,32813,6855,23558,3672,46,1807,26369,124,80,10731,4408,38,1246
12,13,13434,3619,215,46,13,4408,39,13,530211,93252,12,1442,1,15936,4633,1
12,52724,7014,128,284,135,4,3699,311,19563,39,3337,374,208,16,2493,153,720,4408,35,11,1580,12,230903,303718,1
80,232,143,7631,39,135,64,6641,26,420,37,295,9,9
2252,530,170705,74,78,20451,58,6902,1
35,107172,894,3196,276,56,1941,1493,89417,1
33,32,78,750,76330,1,33,32,214,5522,118884,1,74,550,76330,226,55,4,8570,416,2445,1,130,128,56,2857,1
2362,2362
119,240,4,33,93,1881,11,125,45,2929,3057,549,1,79,110,221,11,3702,45,2929,3057,549,1
1560,80075,128,78,497,52751,46,13,2699,39,469050,4,74,107,1776,16,1621,53,22186,1009,1
13,1029,1210,35,277,1670,32,2331,20669,744,5121,13513,26,82602,8648,16,280599,5472,83,6241,296786
130,43,78,129,5540,1737,25956,4,109,37348,23368,26,5895,25956,1
70,80,78,10473,31280,22167,758938,1,13,130,39,36,1,49,1,3337,83,1399,39,13,1670,35,13,590,39,9867,34888,83,6058,1531,1
27943,1853,32,172176,425,4,79,30,2909,39,27943,32,425,2572,1
15,26,61,628,215,425,53,1670,11087,1,12965,8253,16,19275,1036,11016,1,1054473,11016,12965,8253,1
86,1776,16,13,64705,130,127,38176,6058,14
6237,32,11,17649,20357,4,78,17968,11,1667,4582,378931,1
265,1286,36,2211,4,80,240451,102,1078,228
598,57853,45525,152,13,13434,3619,39,3337,1
127,32,77143,26034,19252,14026,51,102,1547,1553,39,73337,39,64,30,6902,1
172,6884,32,363,121,965,80,75,938,4,11,6142,833,39,51753,4,11,139690,6142
312,5588,32,92,15,163,61,831,1386,78,92,15,70,1386
16,1075,363,4,80,64,16,5522,325,1
37799,46026,6734,284880,39,66566,663,19914,26,5895,32732
86,10,722,153,226,32,1477,89822,83,12817,110,1,55,411,14,86,10,1250,4,163,4,1089,153,3991,10,111,14
861,26,3494,215,9449,75,13812,1,164,15,70,282,1,2109,282,99,53,13412,417,1
16,1075,363,4,80,64,16,5522,325,1
10,257,53,11692,1158,8385
32,27383,83963,1,164,107,32,311,4429,16,384,45,620,580,32,198290,35,8980,1,107,32,11,32449,417
35,40179,39,13,1144,45,228059,39,19000,297,78,642,4,37,350,311,549,133,335,35,3909,39,276803,1
26,80,65595,39,37,383463,322885,26,564,37,496,1326,3196,74,392,9
80,115,126,16,24023,4,86,22433,468,32,127183,26,20827,291,121,178110,26,33,32,110,11,72789,8916,1
8370,1,145,15,553,37,744,4,13,1961,102,78,106115,13,17039,5941,39,130,124,296,124,21529,1
3337,32,11,1670,58,38606,8192,4,656,276,78,260842,489,228,26,553,16,58689,66,903,128,1
13283,75476,46,1989,1924,17,456,1,210,1,1924,20,66,4,4,107172,1
5840,56814,47267,98298,8404,1,33,32,5473,152,8851,26,221,36569,1,109,129,2259,16,4373,1
2621,5013,8985,5318,8975,36108,1036,586261,34620,1555,557,12965,53705,1451
13,3419,7751,39,111583,32,8851,127,102,78,23407,18427,26,1068,381,3313,568132,1670
1885,215,1671,11,4160,7063,393,45,18670,33,93,11,71193,4649,152,11,3933,8470,39,757740,1
8851,534,111583,594805,11016,1,739,7609,290,78,5454,8851,127,71193,53,3612,1
13,713,56,844,33,16,56,11,68050,109,43,128,56,2428,11,355,7751,16,1306,496400,1
574,2184,4,1436,36,69215,53,149845
93,20903,26,249,720,147876,93,78,5549,1
3404,9463,9971,7853,242,4,534,539,10,91,157,4,4,4,9,9,9
78,538,13,3099,39,1494,153,6985
149845,32,7261,1,75,59711,39,5751,4,7629,3814,70793,83,50812,123,26,576,13,12871,53,3099,39,1494,989,149845,1
18581,26,33424,7756,6144,13,1580
128466,480437,5033,194979,37806,46,249,12,24641,7534,12,35,13,18087,17877,1,3013,5013,345220,341,1451
863,3739,46,1369,109,75,73
319,33,32,1849,79,290,183872,478,16,200297,11,8788,4511,26,11607,954,1
15,64,19094,13,3094,1,117,79,56,52912,1,33,215,1671,3502,45,15,70,468,53,58,168339,6637,1
3739,46,12,118576,534,89389,176030,670737,12,1,861,2186,1,11558,39,130254,1,403507,614,284,3196,1493,168,1
15,70,208,2621,1,8851,215,392,75,664,58,53,1670,1,109,64,71193,53,16,3518,35,1426,1
175,32,974,57222,56,23202,35,3337,4306,29953,51,73,35,3337,20038,63,172,5990,51,57222,264,13,23202,1034,30167
30002,4129,744,580,35,3337,9
158602,615,32,8851,21613,615,2812,381,65050,9482,37,48,6058,48,3948,30,145,158602,615
80,232,143,7631,39,135,1980
61,615,407,543419,534,92,428,93,172355,152,10665,1,4263,1262,1
2709,644885,23725,4,161867,4,73,1,151,1,23725,102,78,56,13560,26,276,56,2923,99,133,13,628
110,40430,5033,63,32,112191,19252,127,215,30,5263,1,130,39,83836,389,128,14076,11992,39993,1
17044,39,8851,215,9449,1221,1,109,70,468,347246,7756,1,3313,7756,152,8851,1
13,8851,215,12628,53,135,21778,16,62265,16873,35,13,1670,1
3099,39,2982,4,1436,26,10511,1,1
13,3292,9087,39,19252,297,64,10536,13,83836,4649,35,628,9021,39,18394,3537,7609,1,32,33,628,25493,14
21192,27376,64,248,1068,381997,8900,39,10174,1426,39,5127,1,135,172165,26,117,16641,16,1854,85,1,2172,9,9,9
1210,58,71371,3337,32,172165,83,117,16641,9826,1854,99,1,135,16,462,58816,11,58816,26,1134,61,10275,1
74,2092,70,80734,1477,13,10174,4,43,11920,663,1,7832,4,164,3518,2092,14,14729,1
1089,83836,4,215,3337,6181,2923,489,11,96275,2731,58,30,19065,4,30,235596,4,26,929,19629,350,2092,14
305,143,7631,39,135,9,9
4,80,102,232,43,3311,4
61,2812,290,78,5952,219065,118263,16,436,26,290,78,361,92,107,8427,13,1411,46,187444,1
2609,8619,93,61,628,353,1367,1,3337,32,8801,110,1
1,673,32,211,46,229,9,9,397,559,9
80,143,7631,39,117,5091,36,80,102,43,33,389,1034,240451
32,33,325,135,45,8181,10046,32,78,7817,16,44829,1068,8981,14,55,554,5596,35,3337,3904,10665,1,663,351,1,72,1
15,550,407,35,13732,2518,32,11,18869,240,164,1373,121,13,450,1090,389,26,389,80,70,78,484948,1
267,10,129,16,14076,13,6489,39,13,2521,243,313,16,4770,1,164,276,15,292,33,14,33,1776,800,35,11,194851,1
3978,102642,332,87670,1,13703,8897,1
26653,1
209,615,2812,1,744,381,23239,615,46,9406,3337,9,9
3013,83,194979,215,9180,13,130,83,425,5990,18923,11,35254,2492,39,83836,128,899,13,1580,1
13620,46,3041,5990,7756,14121,59100,1,30,469,615,17824,64,45,10579,9,6744,1
337,15,685559,450965,2621,37,13620,1906,46,22692,615,1,61,13620,1155,46,18427,917,1399,5990,19409,93,172,2086,24643,9
86,32,61,8448,1,16,22167,13,1670,14,14,14,3739,3739,1,70,15,660,16,25382,106669,11653,14
16967,39,191,19252,9087,32,96,39,13,507,39,12743,39,19252,1,161867,32,96,39,228,1,107,607152,37,210,1,72,6718,1
26777,39,53,11389,215,6394,1286,3965,1,110,33,276,56,35316,152,3187,39,13,4408,1,74,78,74316,33,128,758,355,300019
86,13,673,1169,9,9,552,9,9,473,9,9,36,2644,235,37,16393,15360,9,9,9
3826,70,190,1861,92,61,382,70,9645,16216,1
270,75402,41784,4871,365,172,91,297888,333,11,4,41784,93761,1019,589,172,40,297888,140551,91,4,4,4
4,127,28931,22305,8793,1,200,243,4728,7756,37,13,8582,39,1542,3337,66,1229,800,1
26,99403,894,39,228633,3054,1
147,276,894,4727,99,13,8619,63,601668,1757,39,416049,1
158602,615,276,78,10618,764,35,381,37342,1
1369,32,65679,35,739,11,30559,45,33,32,8008,37,11,3933,10213,153,3933,8067,215,890,221,32719,4966,1
22305,8793,4129,39,13,5014,3416,2923,99,16,56,11,33680,9
13,96,127,73615,779,107,32,11,531,39,944,4,13,330,2527,124555,32,245,152,29,1258,1
3337,32,78,11,1741,99123,16,56,219699,152,22305,873,1
397301,269241,4,4845,111068,4,14991,157,6748,308127,1
10,374,320,29,113934,13848
1369,32,78,3169,35,11,11060,30559,4,33,32,363,63,4801,25145,1
42609,45385,35,1369,47516,6431,9896,39,19090,46,1369,16,145,12843,9896,39,1742,615,10511,1
26409,28,14557,254,18739,6907,16,26023,39,5751,1,13,18739,276,56,160104,1
2940,11,5121,32,167767,1493,8067,5033,4,33,5800,249,6674,16,687180,4169,133,45,5121,4,74,107,32,78,6543,1
15,70,13,130,127,585681,3337,1,16989,2186,1,66,1229,295,285,496293,966783,23020,1
32,18427,240,32,894,284867,1671,1
75,34021,128,4655,16,56,5296,124,2731,25554,66876,26,469,4044,1,30,1083,102,361,13,3678,39,13,1670,1
13,19774,7144,39,82480,1447,39,10804,51,1,351,124,13212,152,158602,615,276,17214,1823,39,367,2541,54472,1
12865,16,56,1568,39,317511,39,5508,133,618290,10601,42330,1
17415,7196,121,86,14
389,553,16,4300,37342,1
10,12425,13,907359,39,932,5336,35,20260,7184,11,9902,32,2609,1781,37,1
8851,32,232,78,579,16,758,3313,7756,1,110,558695,279170,32,1353,173951,127,32,13,39,22480,8851,1
31923,32,11,1,107,215,2070,13,4709,10553,39,129956,3077,37,249,720,6637,16,35375,145,1426,1
147,276,284,99,51060,4088,55,45,147,102,163,3195,1
33,32,520,1741,218844,4,33,128,56,202,145,1
53,128,4655,16,56,4640,39,3831,4188,39,194979,37806,1493,249,720,130,1,420,107,128,56,5070,1
157960,3859,1
92,10,163,15,35,42609,4,10,1356,15,70,172,5904,1
397301,269241,117,344,8897,1
126,1116,16,56,5990,92,107,32,27383,53,1670,14,7609,32,19633,78,66,66,75,168243,1
10,63,42290,1393,1,2751,92,175,32,30,1158,153,175,32,50524,1158,1
692,4,33,32,117,45,15,70,78,11813,7651,58,632,1,7832,4,33,894,162710,61,4264,744,77936,1
8851,215,1671,79420,267,350,19275,70,42924,311,15761,1,109,70,5840,1,3739,46,228,1
53,32,11,24964,63,7609,1,99,39,2590,147,32,1353,739,7609,1,147,32,78,4728,3187,1
299,1286,83,2211,833,286,433,229
13,1696,39,13,1924
100656,37806,39,8851,32,172,3494,1,109,70,4038,35,7756,214,1,350,5061,3494,32,14039,1,3739,46,228,1
200,2109,99,53,79420,8851,246,100656,37806,1,107,32,468,7756,46,14156,1,3739,46,282,1
109803,4673,39,15301,4251,135,16,687
36150,504,100656,249,79420,861,6310,22497,128,78,3836,504,628
80,186,267,80,70,425,16,1
221,78,245,92,10,264,532,79,53,866,523,21,264,532,83,55,10
21,1121,229,92,195,51,111,175,126,32,22520,26,301688,66,18453
5433,7756,39,39,8851,83,1442,1,100656,153,257916,60953,350,22669,35,53,3746,1
53,276,78,56,9886,99,124,22981,1,2426,26,33,38657,22483,645,329,894,35,13,1670,124,12164,1087,1
2840,649,35,13,2146,39,311,11,8133,83,37,800,1068,11,2034,4385,3824,83
29,22186,1394
21,39,13,524,74635,5305,45,524,26,1546,800
1181040,25364
92,15,273,63,11,9157,26,102,43,488,121,33,79,701,1
289,111,119,16,518,21,13514,462,21,389
4558,83,177,10,761,102,10,284,33,124,11,117,1793
1072964,5853,1021,83,2318,2860,46,650,78,45,10,521,768,13732,1577
8114,39,13,288,2866,455,343,24015,2627
107172,206061,650,668170,5728,46,311,20188,9226,28,13,746,39,3337,201
86,11,9541,39,2709,146830,571797,1,33,32,5840,2583,27685,1,8851,128,7993,53,1670,1
77143,200,183,1148,53,861,166689,27685,1,200,361,282,107,215,9449,13,3372
21097,9,9,425,33,59,35,135,16,13,4612,2725,29,26733,16,774215,32,15045,411,361,4,774215
858,10,225,229,35,1,193,10,6394,35,13,344,1,33,93,55,3216,1021,1
29,382,73,5170,13,23292,148,1
558,127,70,2567,35,5139,7736,3045,2567,11824,13272,1
87744,102,22483,496,329,1,16828,32,5270,32,7262,22480,10699,43951,107,4169,32,66972,1
2709,1,32,7623,249,720,11664,1,126,582,350,2345,2317,32,2419,7262,22480,17364
10,59,195,1,6111,33,93
11,1621,16,1301,4028,79,191,1612,70,425
11,12374,53276,37,13,1924,63,13,10665,1
10,129,16,10226,29,3531,3445,133,61,6506,21575,4,79,126,1,10,225,375746,133,530211,93252,4,3337
13,5816,4408,39,2934,3714,3337,1
148,92,6374,128,762,1,33,128,478,11,2294,29076,35,29,181,1,46,3128,4
2,25145,211,4801,1
518,866,26,11,14375,17,1782,13,590,20,133,96,39,25496,1
53,4308,93,34857,271,119,35,83,33,93,96,39,13,2478,45,10,1465,99,83
221,48,5311,48
86,215,3337,392,16,1911,1541,14,14,1671,11,77012,4770,16411,10,6746,51,27087,128,190,2093,1,164,55,60547,257,14
13,65170,48,109,48,17,16455,32719,20,32,13,892,39,13,356,1
86,380268,3337,148,32,46,13,14379,39,55835,80,70,2626,13,4673,16,56,32719
86,380268,3337,148,32,46,13,14379,39,55835,80,70,2626,13,4673,16,56,32719
32,11,5658,5571,37,117,130,16,183,6985,121,13,7731,35,13,367,1
32,11,5658,5571,37,117,130,16,183,6985,121,13,7731,35,13,367,1
32,11,5658,5571,37,117,130,16,183,6985,121,13,7731,35,13,367,1
26,200,4272,33,99,1,29,9561,32,47972,765,5375,17,1853,1081,20,164,69269,10078,14,32,33,30783,14,14
32,11,5658,5571,37,117,130,16,183,6985,121,13,7731,35,13,367,1
86,380268,3337,39,148,32,46,13,14379,39,55835,1,80,70,2626,13,4673,16,56,32719
86,380268,3337,39,148,32,46,13,14379,39,55835,1,80,70,2626,13,4673,16,56,32719
32,11,5658,5571,37,117,130,16,183,6985,121,13,7731,35,13,367,1
12,2,2683,177437,166612,2209,392486,16,415432,39,4354,4909,35,530211,93252,17,19070,20,12
2081,22469,92028,1
12,2,4916,5466,16,14432,13679,60251,1,12,110,10,1722,164,10,64,2742,39,13679,60251,1
19274,22692,1369,37,13620,46,1,1384,530211,10349,375,446223,19409,17,132249,36,628,20
2621,4,420,16,163,13620,39,12,28,52724,4649,39,530211,12,28,30014,509,152,8851,254,7590
458,9,9,16532,152,35,26,576,1,2222,46026,143,12482,1,1216,269,16,193733,7756,1
564,2709,1,132249,12,164,195,51,69269,291,152,159944,1924,66,93683,61138,46,6443,14,12,564,282,329,73,83207,39,10665,1,16269,14
102,80,186,39,10473,2153,84412,46,13,5023,39,2153,12864,14,66301,4,84412,102,56,1941,85,10349,13,437,5596
3479,133,8985,1036,36867,277,764,276,894,186,121,16,2031,13,82372,4163,26,5764,7292,26,554,145
145979,24589,9,4909,9,17520,48,25974,9087,48,4,18473,48,19532,9087,48,1,171,2133,9
488,3749,1087,46,61,7590,2510,15,70,13895,1
3699,2109,99,308457,28,244354,26,1369,543,16,183,13693,2153
7938,14,27225,174840,4,1826,4807,356970
29073,1,18427,128,78,85512,15,73870,1
31018,6734,152,733094,4,621025,4,77143,4,372371,4,32,78,33,14,128,87,1482,35,41489,1
568,39906,39,568,3638,114508,1,764,26,6873,43,78,55864,1174,135,26,6744,92,1268,166724,1850,453,39202,1
457604,210,58875,8737,124,172,63769,39,89278,26,68863,2465,1,18100,5148,16,6855,39,13,367
76909,3978,13101,157,6471,550,1527,85,8897,48,4845,7261,688,658294,294,1
126,463,284867,128,21095,4673,2787,14,109,50708,115,655,109,377,78,139,214,628,35,4673,2787,1
26,92,80,70,489,33,59,11,1741,7919,45,175,32,11,4220,3889,1733,360891,4490,1
265,291,56,13,1397,127,226,80,43,78,3293,45,11,1916,4844,381,1590,2734,3699,267
172,1543,45,5466,35,42557,1981,10343,26,88249,1,201,68177
51,273,55,1268,42,42,12278,42,42,10,420,221,78,4564,16,10889,13,4167,110,1
883,688,26,2565,55,1741,58,29,24686,1553,12967
111284,10731,3286,14001,37,16,2114,163793,109494,37,288,6660,4306,232,30,420,39
26846,93,160,32,162,37,19043,1
2541,2972,36,18468,19533
60643,4872,229,9143,5635,1426,28,10046,38,1757
6837,9
34592,32,73715,1
13,1981,88249,14375,2
558695,279170,32,172,3494,26,140069,1,126,3898,107,3579,1493,19941,11976,1,3739,46,282,1,2540,282,99,1
2540,99,53,3494,558695,867267,1,126,3898,107,3579,1493,4220,1
10,1215,16,2276,5990,8063,46,381,5990,57041,1
6849,35,61,4139,26,762,12603,1,175,32,488,46,3416,1,4673,1,11,2718,4673,133,41531,33,1343
746423,32,4463,172,5840,2583,26,19477,39,77143,15,64,73109,148
290,13,2583,8063,35,13,4354,752417,183,238,145,51995,285,558,127,14
6394,26,109,395468,29,1251,590,4,26,894,29,590,1,45670
29,590,37,62419,1,554,1272,1728,86,290,33,478,36,3783,10,374,1268,5987,1
8952,10004,244263,7864,347,1,269,16,13,9722,10395
20685,177,338,22520,30,17276,63,51,14038,231,16,504,16884,36,11417,1,1
1830,1954,20685,406,107,93,229,8023,107,13591,10731,1706,29702,58,75,39,291,92291,504,64068
340,340,340,340,340,340,340,340,340,340,88,15388,863,290,53,1169
56,6595,35,13,2812,1,33,32,4463,11698,45,15,70,78,35,11,1350,16,5952,19252,16,436,1
110,10,225,397,2857,1
13,960597,5990,4220,876,191,9186,16,43,350,320,1,329,64,13,960597,699,14,40727,26,677,83,151,311,13,3004,3963,1
883,11,1251,989,37695,8290,1,33,93,96737,92,10665,39,3337,41877,35,48,137,1,5427,13,1251,37,13,1251,6807,10,225,49114
7832,13,21198,377,20188,152,240,764,104561,16792,1,147,407,13,13060,5724,377,957,16,2021,20151,965,6463,4545,1
12,50,9,29,14892,12,32,739,11,6546,1251,4613,46,9854,38,50577,133,741907,1,5427,16,905466,37,24013,1
812,1447,87082,66,359813,3570,530211,93252,5139,9738,14572,3889,2583
2331,814,695956,4013,722,6058,55,109,70,844797,1,305
398,2041,328,1,75,13,209,1422
644291,35,360891,4352,14888,208751,3099,177,48,48,201
126,16,3373,13,5987,39,13,892,48,1141,48,16,11,28,10412,1285,14
53,1436,177
4463,11,44351,39,717164,4879,1,277,122844,32,13,171,39,13,1194,1
177,1467,125,16,199,1467,1404,39,199,1467
5990,438926,26,62986,37
692,4,20853,6075,32,13,209,1636,123,5127,102,78,56,326195,1
187983,215,28311,350,1134,39,1215,16,199,23077,27697,76,6742,4,39,350,8067,14770,30353,124,296,1
581501,23077,10731,30,19596,4,153,6379,4,199,450,4909,33511,16,2467,127,15725,72280,1,74,199,1006504,237324,73,6543,4,109,27697,76,1858,124,124908
141742,2416,37,4716,48227,2092,2
750,598,7751,39,26992,99645,58,153983,37,2572,117,1,6744,37,256185,9545
20689,36,361,331701
3739,46,228,127,70,7262,23077,46,61,2812,77143,1,109,70,13,1272,13355,80,276,257,26,34984,1
654,190,1220,11,892,1493,1531,6058,58,21741,1
177,14085,1206,9,9,9
7410,3612,5473,152,203619,6263,234
221774,170702,1,1353,181,16,13,79443,1397,1,38
4500,3991,4,87890,54308,1,172,32107,58,5139,1,530211,93252
348,129,16,433,589013,9990
35,3084,5990,71250,1
398,4167,143,13,59355
126,93,61,67617,14,386003
86,13434,3619,39,3337,297,78,43,33,37,530211,4,13,685,3619,39,215,392,33,35,455,1
658,829,39,130,39,739,34993,35,11,19248,7016,32,11,122,97175,37,4802,11653,1
61800,61350,393,487,254
526,651,7409,3337,5547,487,254
74,51,10731,11,1741,8197,46,504,2128,39,1422,8532,4,221,634,51,416,1723,1422,330,39,1422
107,128,199,4649,43951,107,1417,107,2832,551,5655,275,83,107,23259,56,11862,37,1802,17906,2186
196,15,374,117,946,37,167333,508480,248,18149,133,350,24096,16,56,41365,152,15,14,14,14
176640,32,5270,35,20182,4306,35,2705,965,15,6766,9,9,9
9,9,9,27132,33826,365
393,83786,4,33826,365,39572,13,450,5883,9,348,399,27132,33826,365
30,5990,2660,70,559,78,214,96,9,9,9
10,621,12,17310,11821,12,32,78,117,1141,79,240,8094,10874,407,35,12,12
109,377,9786,16,4352,15517,79,53,32,214,8797,1,40025,1298,447,36959,226
30717,27685,35,812,2103
22425
17310,37,11821,37,2181,830,1
35,13,6637,39,5990,12761,80,614,23442,21550,57093,140970,26,301726,33,124,10083,1
221,305,265,228,894,497,13,1753,469,2561,350,32,30,575,39,526,13,10636,79,4209,9449,3337,1
5990,71250
86,300937,32,211,16,4655,4169,152,1068,214,731,26,2609,45,128,78,320,318
164,300937,14,14,14,146830,143598,297,64,248,5305,206639
10,225,894,55,816,37,111418,9641,16,487,53,2041,1
80,1318,13,650,4,41043,13,12931,1
2177,1767,615,34450,4,2510,33,2209,228,39309,153,221,1493,22433,9,9,9
15680,9555,52526,393,3099,288763,36,31365,39,3948
86,121,61,38815,92,39854,11,356,258,121,168,14,73,51
19043,78,2436,695,89347,4,15676,2631,4,38869,4,79,152,14572,4673,83,765138,133,4293,9
660,16,183,2919,1436,39,172,5522,59309,9,9,9
164,14,14,14,215,2731,143,30,469,410,16,10536,121,14,14,14,1353,1188,16,33441,14,14,14
126,102,96,359017,39221,22433,92,107,842,311,11,5033,14,726,2041,11956,102642,173,14,14,14,30,96,102,5305,22433
1442,1,21471,1216,30
12721,39,75,14502,32,81191
393,11,2294,6073,16,1078,18813,46,221,30066,4,24444,5545,75154,800,389,1,311,13,325,2041,4,10,93,109977,85,16,433,33
79,4,188173,9,9,9,10,93,2275,5739,13,271,3337,222643,1,896,109,377,254,6675,8776,16,48896,1,117,4998
1369,25145,156,9513,214,46,16308,1,171,16,6431,4854,25092,46176,26,12746,145,1,22693,130127,25145,35,437,150668,1
10,115,664,58,388444,5154,1,75,39,228,70,55,24593,1,30,4,10,478,79136,229,1,109,3699,115,86,109,226
92,18427,922,2896,33412,33412,2,86,102,10,43,37,248845,39,5990,130,14,14,18427,2,118,102392,25912,3333,1851,202876,8975,9
56,3080,239,92,6063,70,313,1,330,5466,558,127,515,3295,1,96,196,78,115,126,6181,355,746,87,19216,35,45,1
71371,36,106669,25145,993,38,7024,73,30014,16,13,2731,4,163,16729,46,40895,4,24203,6244,3850
16899,66,221,209,1,172,71582,11355,48,19159,48,4169,46,172,2529,1
15157,523,33,398,1
46,11,235,63,53,92,3117,363,12839,15,4854,172,9697,367,833,39,6331
17877,276,56,14464,46,13,3948,39,656,37,75,123,59396,37,75,123,26,39,1603,4,543,37,75,325,1,1399,352,128,84,5454,1
15459,39,28,55,989,5624,70,35,13,1670,1,16,21,4,2510,246,744,83,4966,3961,4879,32,4754,123,18711,1
21111,70,5840,2583,9555,1
692,10,5358,16,56,3479,39,3320,9185,1
59332,16,832,13,615,1,29,15451,34625,64,795,291,37,23654,155253,2081,8539,978015
43,15,186,39315,46,218,128,14,367,4044,152,172,7751,78,152,172,3432,1
2621,4,21241,128,78,10987,496,1210,1,74,15,64,11,295,8818,10,115,15,143,33,1
33,276,56,3739,37,19252,10,38,210,10665,35,37,7134,19948,1
78,211,16,487,15,62523,1,295,384,61,2479,37,73438,1
61509,11500,38,10349,97018,16,5270,7173
361,842,12895,24203,17,36450,20,58,708,80,64,8964,10362
39457,4541,39,1580,13809,2713,66,152,19252,2583,21144,83,14417,16248,111055,5013,1
126,102,3337,148,56,1030,23239,14,576479,32,11,3843,1580
18723,3044,13,1739,16,9316,26,3625,1
1369,110,11,455,32,11,173990,5338
10,115,10,2412,53,1177,10,1142,29,4305,409,21,202
470,11,908,1733,4,329,4507,26,13,4507,128,3495,313,13,1523
164,290,245,509,249,3735,46,249,1966,14
2705,23473,3889
12,8223,2705,1384,181,12,46,2721,46528,1098,1,152,635021,10969,83,314211,99224
12,13943,35,10561,10300,12,397,15761,9,9,9
292,12083,534,17966,7905,51,530,78,2252,79
13,263862,6517,39,12965,26,150481,16,350,24102,39,8851,32,13212,152,311,6075,5477,8655,1815,26,110,751,4,15500,13693,1272
734,148,2673,18990,4091
214,1043,10877,39,3844,33540,133,5990,1249,5624,4,81505,558,133,13,607,5624
19252,58001,176429,199451,53,32,504,176640,1,3694,353,32,46,1,107,128,1151,424
80,397,957,16,13,19848,3311,3323,576,26,35,291,381,749,32,11,3311,7016,1
894,708,63,215,248,2445,25029,58,249,5832
312,1341,1644,750,14076,598,135,4,13,55,989,96,39,13,2879,2050,39,75,135,3640,239,6398,11,1578,11129
3455,180988,176429
2939,164,10,361,12896,2,1,1989,1,1861,1,690,1,15,8601,58,96,892,1,46,218,1,1531
866,1925,16,56,2554,1,1005,33,1326,39,10473,16884,133,11,3341,1
1116,749,37,277,1580,124,296,13,476325,26,176731,19008,15112,1
13,341,2414,3099,2790
11,2413,39,61291,1127,1732,16,8223,2705,66,4,1
53190,2416,37,328,1,325,1781,4284,39,4,6345,456,1,137,39,1
1069,16,56,32187,9
782,148,15,396,73,2641,33,9,9,9,30,1113,13,886,367,1280,51,75
2362
11,6142,4,26,11,98719,9
10,957,16,987,15,5210,123,110,75,10,272,43,32,987,15,313,28,2462
692,15,64,16,13810,13,78733,78,267,33,128,374,117,6097,79,267,39,61,21708,1
80,75,87226,277,720,4681,79,190,6082,277,720,4681,1,56,1326
10,196,63,16,20130,11,4351,1,11,812,8532,96,1,30,8949
3455,180988,361132
21,133,35,13,119,7767,39,277,543,35,1,66969,17,277,23204,20,5510,21,85,26
75,9087,39,367,26,133,3337,84,13,3248,4,621,4,28009,39,764,4,59651,18427,1
554,554,177,9490,39,13,125,465826
83836,19094,16,11992,39993,1
74246,870,4009,25732
75,15,1969,9193,99,175,1742,53,4,337,15,133,75,291,831,4,37,744,291,127,80,70
561029,568,395,3502,635866,2860,201,530211,746
148,10,883,11,1916,18642,35,3376,4163,1,93,1,10,171,16,516,698,16,18642,1
23072,32,30,145,18447,1,452109,320,4,30,1087,126,73486,4,128,190,87,33,1,8360,32,86,11852,1
215,13,8218,59,1302,26,582166,4,276,308015,33,153,93,33,129669,35,21
4143,26,1317,9,13,1062360,26,580012,2521,39,530211,4,19695,8443
11,1949,39,64705,89278,4,15470,245,117,37,2541
894,171,16,43,1,1,80,171,16,1208,1493
59,2504,11,4768,654,46,950,1,420375,101826,39,36996,116807,1,127,814,5435,166639,4735,14
2973,338,5258,16,79100,30774,16792,5013,1,530,23567,2159,282,3586,26,5070,181,1
86,33,1595,16,868,11,4051,39,13,214137,489,13,449,4043,1809,39,13,11552,14,10,552,1417,13,2073
86,5924,16,15,32,13,449,4131,410,45,7815,130,133,468,5435,9118,2584,221,8121,14
3320,39,530211,93252,26499,39,9351,1447,4,109,68,33
425,152,130,39,530211,93252,10665,614,515,277,8404,1451,9
16170,987,119,13,41520,16,13,82250,1,6365,156,171,5472,26,4673,16,317,1
75,532,352,35,5139,70,17,3148,20,7410,9,9,2934,15931,13966,26163,39
33,32,520,1849,16,416,181,1617,37,117,2541,26,2319,35,53,29648,2170,39,395745,123,645,2337
9,41784,158448,1580,11070
41784,158448,1580,11070
1369,4574,32,894,202,13544,16,4974,362550,5596,1,2254,1330,7884,133,526,11765,1
10473,172,225309,37,67654,17,187,20,448199,35,39710,4,14417,14417,271,201
215,4259,13,2052,7274,37,2133,35,39710,152,211,16,27055,1
13,3211,39,2122,2675
256646,93,16,117,26,115173,2621,3169,93,16,433,1052243
11,532,258,35,521610,18468,1250,133,1
24025,1621,16,11,93252,1,191,64301,1
97162,515,249,5189,704,1,107,15672,12938,946,35,1345,26,43,63,249,1737
15672,12938,946,35,1345,97162,1482,33
32,13,1696,1,30,3434,1,1576,99,39,1064
26,13,590,32,1000402,212073
75,1447,1477,13,6390,1
602,11,1740,58,277,11830,2709,1,15240,133,19274,37,397,291,229,2184,9
117,615,37,291,26,277,1670,24102
459,9855,40942
170748,13254,81944,118002,39,1447,201
605,1502,26,2340,13745,128,56,425,1745,17535,124,802,39,56798,39
7832,4,10050,245,7104,16,24203,4,377,4083,16,1574,57872,16,7345
5872,16,212257,4,172,5990,66009,1,367,232,64,117,22497,1,177,37,36,954,619,1
1961,1534,2,37342,160,2462,162,30,30094,37,117,320,1
270,177,37,424,656,3117,1
70,27852,1709,39,26424,86,43,51,186,14,14,14
1579,16,782,33,29,8382,33644,260,33,1,110,33,32,35,29,11716,1908
81716,320,36,5883
10,196,3843,99,46,61,1151,335
13,214,135,14351,28625,272,28,28,8161
96,39,13,10833,39,1704,35,11,908,58,38606,33373,26,62645,32,45,80,87,11,670,39,5232,1379,39,13,44161
7389,14,728,26,87014,1379,7354,26,33358,70,59,10390,779
343,10,2450,4898,26,55835,89410,26,10,28,28
10,509,9476,35,1447,12701,26,1250,29,3186,10486,355,712,1120,17,4663,20
17444
168,26,389,147,1728,86,43,15,129,16,56,92,61,518,1,10,407,10,190,407,10,4,6316,1915,1288,4298,21,35,1
10,1728,168,86,43,15,129,16,56,147,407,11,15952,1,10,93,63,86,109,59,5927,4,155902,58,620,12322,26,2572,171,16,2109,5791
143,3845,4754,10,276,515,558,884,397,87,580,133,228,124,11,1378,79,8986,695,1733,1
356,93,121,16,624,26,75,109,1235,451370,37,238,645,93,3409,389,2565,414,355,79,1,422,109,884,228,1296,1425,1
382,1302,28053,21,965,12839,29,3672,46,1
10,348,64,2365,1999,190,8766,59396,58,53,32,288,356,55,10,295,1,509,381,2086,46,21,1
382,653,121,395,26,10,31853,29,1966,1,109,653,16,21,121,26,10,225,7839,29,918,26,873,348,436,121,395
407,6886,16,29,1542,322304,45,10,64,16,479,96,125,1
5678,1127,5545,325,135,35,1302,6886,315,29,10366,1,1302,2080,2628,455,33
7167,28,29,1542,2,28,28,36082,68,1,126192,10,962,30,185,39,61,46,10,68,455821,10,115,10,425,15,624223,1
52612,1417,92,13,1285,32,51530,1,29,1542,762,5298,35,29,1966,2940,10,1262,26,10,629,1262,110,111,87,82,884
10,163,15,70,211,16,11,670,39,1670,1,10,163,11,744,9207,295,56,175,58,15,26,75
10,163,518,396,35,2018,26,10,63,1321,518,66,6263,35,29,6889,10,87,7462,39,29,382,26,574,58,4371,39,518,831
1049,59,3007,58,13,5724
319,182,80,1385,1116,16,311,172,5990,4,3455,84780,1
3337,148,2,13434,3619,146135,132249,4493,35,530211,93252,1
9555,109,70,1709,39,912,145832
296,296,240,1305,30094,48,6164,48,58,48,5123,14022,39,3714,48,1,177,8010
79,35,3337,78,2436,37,496,96,127,9056,277,580,78,33425,78,2476,39,496,1326
1880,46,2479,37,12663,73615,3518
10,225,78,379,29,886,181,58,11,10913,35,11,566
110,43,10,273,63,11,109,348,87,21,53,135,1,10,225,12053,99,13,3480,39,381,4,31669,26,11,861,11,635
10,348,115,86,16,1582,1,10,225,10,143,9029,34319,1
10,4754,29,2930,4,6316,56,177,46,21,1,79,107,1302,873,6886,1,10,4754,80,957,16,56,829,110,80,70,3479,1
10,1858,16,68,282,2452,79,107,1127,873,185,29,886,240,10,7513,85,369016,2930,1,80,1,12,1915,12
26,125,670,39,531,1127,26,1302,2080,26,11,635,1302,17668,1,10,143,17214,190,1220,39,45,1655,1
855,335,764,2930,87,1510,873,6886,16,21,1473,335,93,78,63,335,1
80,14464,1028,16821
10,425,85,29,651,53,32,78,211,16,1169,10,225,580,48610,1,670,39,580,45,2887,11,299,102,374,21
26,1127,58,53,1,381,185,35,3375,234,281,234,762,1477,12721,39,820,5371,234,2283,356,232,219,10,4,72,172,3194,14
10,225,229,16,8473,515,133,3292,1670,831,1,21359,16,1057,16,1558,2987,28,2829,33,231,1
6647,580,45,86,1915,32,37,26,11,1999,35,96,356,109,2209,1
4388,11541,4,13,3714,39,13,359813,3570,35,530211,93252,4,3337
305,10,225,397,228,2552,389,79,7149,1090,1,1052,1
133,288,125,10,407,12,15,12,16,29,878,1778,26,29,411,1632,878,55,2533,45,3508,35,33413,4135,21,1309,1
10,629,122746,172,10,70,602,11,16284,2677,86,215,13,367,243,16,53,32,11,1113,28,28
13,8001,14510,152,14156,876,13,16541,2054,39,13,10665,1
35,64987,3337,8068,70,425,79,70,78,58827
107172,130,70,606,37,13,4816,1425,39,13,69940,2731
32,299,1477,1447,4,83,2859,6365,70,13027,19078,46,876,515,1
5110,37,130,14510,35,107172,14156,37,350,8058,4,656,26,19078
1447,140065,11160,215,1671,58155,35,14156,14510,17535,39,107172,1
175,32,171,37,5895,7294,36480,16,2261,288324,35,13,14156,14510,17535,1
175,32,171,37,5895,7294,36480,16,2261,288324,35,13,14156,14510,17535,1
277,8635,6202,200,1574,1823,16,107172,14156,894,3479,133,8699,20046
48,74,80,70,7057,53,271,37,5639,350,45763,4,80,2177,43,33,66,75,48
589,92,102,80,433,33,5704,29,1018912,13543,939,3791,16,291,124,3529,2355,17,20
191,35,3337,70,2178,37,48,310233,48,1733,3337,9,10665,1,276,863,186,39,744,375,20583,118274,39,350,5990,52724,9
35,107172,574500,215,248,422438,16,470,221,4770
36060
6056,16135,2621,1,80,64,2913,8192,36,18492,1,553,16,272450,153,17927,13,67060,8192,39,16348
2554,58,277,4872,27155
3606,1,33,9826,4575,4530,51,59,1579,13,70,520,1116,39,51,10898,83,5258,37,504,1306,338185
10,1313,13,48,13554,42794,48,4758,66,201
164,30517,37,14,14,43951,496,96,127,102,899,4,3106,4,2109,1753,4,2669,153,6290,70,660,16,2493
558695,13,946,3337,93,11481,37,641,152,32,11,6873,1,816,19020,39,66
195,6345,530211,93252,5061,10046,4,12056,6211,35,249,94700,35,153,32,33,631,645,14,14,14,14
1631,16,5990,4161,302
86,66,6223,10966
337,15,77143,37,114760,375,109439,36,39,8004
30936,82990,4,5990,2683
744,291,1116,36,6741,22886,1,361,2310,36,407609,1
1526,3710
10665,742783,4,9897,4,2606,806539,22693,1,2586,2,75,2281,39,12280,17,137,20,32,33,2611,14,32,33,2611,14
190648,521,1,1631,24102
12761,6135,16,17530,3066,31283,6047,55,164,78,35,3337,894,450,14,28,201
25560,70,13,114439,39,2530,1,6899,23399,123,2530,4852,176929,26,523,181,19599,1
15250,2705,2379,35,13693,1,200,3514,234,153,605,1
3764,607,2713,82485,46,1,26,24023,18915,82485,46,1,66,3100
58,15,86,4272,39,130,64,80,1671,4,96,1817,5058,249,38,168,3056
2639,11,816,36176,35,13,139,590,39,14392,325823,42824,2156,14447,58,1
124,96,15497,3713,4,614,27929,5867,22980,1,6948,33,99,16,574,3586,1
10,245,1356,33,55,350,93,29,44997,156,1,10,504,434,33,523,21,272,1621,3337
26,147,93,1658,152,29,1258
8921,3195,35,3337,1,19409,4974,673271,1,4,496293,966783,89347,78,114318,4613,1
355,1248,3337,4605,231,1012,13,302,3337,36,2122,55554
2621,51,73,468,117,79,100970,29445,39,1656,70,27378,504,628,1609
2709,150165,256835,2442,5033,4,127,6633,989,46,4802,16411,438534,171225,124,99,720,130,98686,33425
416,744,739,6223,96,26,183,21,177
28,13,3186,32,1660,583
473,2011,4744
299,39,130,128,78,722,6365,74,109,260,16,1132,228,3295,4,56,2620,58,785
13,13877,229,80,243,9
6744,16,13,5990,4220,37,13,2879,56457,1298,4854,13,215,13,14646,1077,39,4220,1
36126,2707,152,2331,127,377,660,16,5753,13,2699,66,11,125,1494,1
907,2442,46,1757,228454,123,2209,13794,39,81923,5693,83,159701,1367,37,33
72789,188522,6178,2888,254217,8975,14,3751,9850,34282,2888,34282,123038,14
208995,9879,2197,3004,14419,37,5764,14085,196019,16,9667,26,4974,4413,5764,14085,244156,35,3714,2675
29,533,1006,99,16,558,7560,13335,127,129967,14464,1493,13,130,127,129,16,43,549,58,2268,181,2034,36608,9
32,7261,124,33,32,13,214,1987,35,13,1580,16,56,14062,152,1188,1447,1924,26,31457,1,341,1
39,83836,70,7884,47435,83,102,490,496,1210,58,477,320,83,3080,3437,1,130,33639,6967,70,1591,1
4298,85,370731,16,4300,10688,46,424,1992,5693,1
1034,8181,80,552,46,61,5300,26,374,1362,1797,16,6178
2362,1,93,1830,1,129,16,56,750,598,417,60366,15,1
74,15,273,29879,66,11,3341,2252,54323,26,881,50235,4,59,63,277,11215,1
238,32,2078,35,13,14305,148,267,238,48904,11,3341,11,463,135,1371,1
46604,10306,1321,15,9,1763,15,46,13,9128,1258,119,35,40453,934,9
53,93,11,2348,5990,25230,58,191,122,10793,7948,12953,35,1
96,39,13,209,462781,58,2183,7791,1,4
1425,14503
2133,26,11653,102,214,987,8404,35,547,1999,1,315,15225,3475,16,433,99,37,558,932,28,16604,1
504,2345,26,19820,32,733,10,68,33,416,46,744,739,117,9400,2159,51,3090,1
10,348,1262,1,546884,6886,211,46,35,29,962,2893,1,10,171,16,20667,363,10,348,289,479,698,1
11,24759,4640,4854,2541,521,37,13,891162,1,13,4500,831,2337,145,739,1
21603,1,1468,1
3909,26985,35,39710,8643,37,5840,160334,56,377290,152,1353,833,424,1425,16,5840,160563,276,56,2368
10,1621,41108,4,143571,4,8980,3850,26,4137,5110,26,8223,1,183872,894,1218,13027,6556,133,75
29,1617,170050,814,13027,6556,133,9234,39,1268,220654,128,64,5060,7144,1
4220,614,9738,313,13,236216,39,246509,123,135,16,1298,5935,26,496269,1,1213,33348,26,76,3672
191,8067,72603,827,2133,35,739,37,168339,39,739,628,39710,4649,32,750,5895,6671
1221,39,8619,148830,7039,30,6167,496,145,123,10665,614,111,393,236216,39,122249
674,520,355,254,13,2641,39,4220,137419,35,37754,330,2159,175,425375,35,2133,26,6902,16,619,37,3954,39,3018
2471,21477,80,70,2692,16,5990,4083,1
10256,32,156,1741,172,3700,37,61,99005,1,243,16,530211,329,61,4731,1087,128,33554,1
5990,130,70,4968,16,10164,26,24765,5613,8827,168378
172,918,24643,37,291
25534,37,83157,628
11,4999,60653,938,102,56,9875,26,3584,58,918,3881,784,1
208,79,650,39,1174,13272,276,245,17000,33,1
302,37,397,195,37,7238
5645,13,48068,58,30,879,1
295,1603,39,3196,1,265,13,6866,87,5374,1,558,127,70,51995,128,78,163,375,1
27132,32,11,520,6546,9054,1,33,276,56,957,1493,375,6866,1,53,128,894,31546,277,130,1
20361,3337,37,198825,667105,19926,1,41086,547,1,51,2093,58,2181,45,37754,93,5990
63,15,64,3469,3942,37,2355,1,130,70,30,145,8843,63,61,11192,4017,1
53,3101,11226,46,15
53,985,2,4852,295,120762,1580,36,14441,1,273,1732,37
8067,9087,73,65679,63,2859,214,8818,32,4220,4909,35,3337,1,4673,16,13412,5033,56,4020,37,2731,1
81941,940330,1,2413,6766,39,513439,1,21097,21097
2603,58,249,20242,47787,989,46,204944,447,1,66,39993,452689,123,39776,46
86,32,211,46,66,2122,73438,14,74,30852,70,78,2184,66,236,73438,1,80,10,43,78,129,767543,1,2184,30852,2184,59714,1
677,83,151,7942,232,40668
6263,70,1068,39,32478,75,254,3337,4,83,5718,3090,70,6982,12195,39,350,371538,3090,35,236,73438
86,3579,148,4,954,84,393,1504,1,337
48,27685,215,1671,221,2828,1916,48,2,764,18427,34733,6178,66,73489,16813
3337,215,96,449,53756,1757,10136,2709,102,436,631,965,102,416,282,35,315497,107,1
6039
107,32,78,3050,79,9513,35366,1,249,2590,32,107,8838,16,399,37,249,26064,107,621,55,2978,393,83836,1
33,32,19415,127,4852,18427,63690,35,381,4649,1,239,3376,59838,63,1
130,70,2857,267,109,348,63,2567,7756,1,128,8851,272,1330,11,4998,14
33,19252,45,1858,325,1164067,13,78193,13711,1
75,8067,6263,276,41273,133,18202,16,13,78193,13711,35,13,6637,39,13,2731,1
19252,276,1318,16133,39,12,30,5752,139853,12,1
35,13,6637,39,13,2731,8067,6263,276,41273,133,4649,39,13,78193,13711,1
6178,215,1671,40875,39,27685,1,33,32,894,11,45456,1580,1,876,145,285,78193,26985,1
77143,4,15,276,894,361,53,11903,1,53,32,6099,25178,26,1861,1
130,84,16617,39,472921,26,1104,1,33,32,5658,1,3606,1
10,143,325,1071,16,1057,15,66,104561,16792,1690,35,1
133,92,2709,889066,6463,82842,39,764,14,361,20361,764,37,428,8484,153,84748
53,32,1664,86,13,1369,276,12746,1,78193,7951,93,392,37,3792,18328,8004,54092,187
14038,231,16,51
11,24615,1797,16,6297,44896,152,2709,1,542347,100043
37,3337,370869,276,21,15007,78,24582,46737,1,296,407,2709,1
35,13,1494,39,122,80413,11,520,19914,1411
164,13,1221,44420,16,51,214,14,107,894,407,488,124,398,124,53,7951,568177,453,1,361,446
29,325,6312,5596,463,1596,17,62,50,62,20,16,36,22149,16,33,93,610,36,565
10773,114321,291,22049,50773,124,6078,76579
6413,1952,32,16,183,367,2268,424,1,37,83963,28,311,117,276,190,425,11,51220,37,355,4,16,361,355,32
78,75,12761,259476,79,109,3898,78,16,1411,350,161253,4,27934,256693,35,13,22586,1
110,135,85,37,75,33373,16,1708,46,13,23757,1,1343,43,1493,153,479,1,11,3502,1961,133
83963,70,232,6038,39,653,138169,56108,1,135,16,226,16,228,45,10213,32,78,2011,16,56,71371,76
42,83,63,51,64,3469,181,16,6178,135,26,389,4,35,4,4,26,35,1,4220,1644,19409,5780,33,1,203,231,1
24495,149845,4545,2982,58,3039,17,20,1,269,4,224952,4,37,744,53,149845
5264,15,177,338,2621,21556,16659,530,330,2159,15,58,463,26,3586,181,1
16623,13,6855,16813,35,1,744,122,382,58,55,554,24924,133,3814,13,40727,1,80,70,13,672,1397,1
130,9,200,56,3080,6772,1,29,2266,70,37,4500,4,78,37,8788,16455,1,30,417,153,120411,2123,1
32,317,1,2886,130,1,2886,1898,1,126,43,80,6849,13,11407,14,35,40727,3337,713
74,10,377,13,417,4,127,297,64,13,7724,16,687,13,36176,39
10,420,29,128,894,10236,5684,1
10,115,126,82602,3155,2416,66,291,4,55,11,12878,171,46,5990,82602,3155,3307,1,40904,55,554,130,39,3337,73,894,14730
10,7318,16,2093,1,99878,215,4020,52018,1,3041,14091,276,56,18300,1,107,4933,6637,35,437,30424,153352
82602,276,56,140678,133,9113,39,1086,60735,127,716,33,16,121345,130,25974,4493,1,13
87,576,13,1987,7457,32,1227,16,1151,576,1,13,11463,70,7884,283674,1
3099,39,1494,26,9651,39,7534,39,117,254,3859,2639,16646,1,5264,177,149845,16,96,26,75,1
1631,16,5990,302,37,2490,561711,367,1949,1,6503,215,6743,13,353,2151,5060,7831
149845,32,75,121,2133,36,39593,30,16,6985,406,15,75,11,520,63442,177,149845,1
53,73438,12,28553,12,93,2787,16,183,1,11,4833,10046,215,30,4673,16,1854,1104
30,1113,74,547,1,109,102,43,631,16,392541,535,1
124,35,2340,4,17877,276,56,14464,35,12689,26,2197,1299,4770,37,75,16641,16,161574,547
152,4696,99,249,5956,16,78,3293,13,5678,39,2033,15551,8536,4,32,45,3145,46,13,2373,14
781,11531,39,3746,29868,21,1343,1,55,989,781,3746,59,333527,1,78,202,284,549
56635,22490,10554,663,51251,4,28625,24693,1068,352,37,5545,295,17536
238,407,12,25050,342107,196,500,4872,2695,17023,66,225,12,35,13,6310
343,9211,16917,39,15890,37,33057,1,785296,96,45,156,991,164,190,248,1773,16,63,168,45,202,7249,779
87,254,58,53,688,2751,13,288,524,549699,8821,337,15,37,739,11,117,688
11793,226,117,123,7832,42814,38641,119247,37,4500,831,1,13312,23558,64,8358,295,1
107,2209,291,13,5300,16,938,11,26123,3337,123,1215,282,37,455,16,1722,3337,39,277,1588,1
2419,14224,29,885,9855,26,36453,1,473,30,9216,4365,9,530211,93252
53,20722,523,21,273,63,11,1268,417,1
858,10,143,53,108791,164420,369,3455,1451,59651,18427,4845,7376,78094,72,16880,240375
2621,4861,331701,26,367757,32,171260,35,1188,4083,3619,39,78316,1,6202,34040,37,48612,26,5472
13,30066,35,305548,56,989,81886,3196
21596,46,8526,614,56,173198,26,957,214,35,46421,20196
15301,1
11,56281,1298,1,78,6982,281,29301,35,677,83,151,123,6982,1306,39,11,4534,39,281,2254,1,361,33,11491
337,15,24102,1
1631,77143,258414
81716,908,16,619780,36,3889
53078,5709,83,341,79,164,18723,122,5709,39,26,14,70,109,29335,16,786439,14,163,1
858,18427,830,487,1,4757,1036,2002,28625,169420,1
18427,5013,437,1667,67449
4,35,53,1815,4,15,276,64,407,14470,45,215,160,221,162,720,14847,1659,1,7104,16,33,123,221,290,1
536912
30,6006,1,448,5605,1,3039,17,20,1,2621,19291,1,530211
86,11,22366,3583,16,10731,51,1012,35,277,1580,225,11,2294,2294,830,39,1651,1,17847,530211,26,43,1621,389,1
