10,64,8732,5540,20869,6063,10,64,10164,1,892,79,10,115,127,51,16075,11,3104,1
398390,2258
284,504,2258,26,20282,33,85,504,321,9,504,17968,257,63,11,2859,1415,4,3739,46,15,9
13693,32,186046,124,934,35,1306,4,4799,7938,530,320,1086,641,79,78,520,463,1
269,11,670,2621,9,13,209,1954,272,5756,152,406844,9,6432,9,269
798,39,27943,1,1,276,56,509,1534,7918
416,54628,4177,302,3337
2,10,22546,11,26123,13860,9691,7457,26369,83,8404,39,8617,5956,39,24196,21111
393,53,4,10,420,45,128,183,145,11909,35,4953,285,107,215,392,37,13,288,1698,153,55,1
3508,151769,26,1261,831,3337
553,29,1425,46,11,122,14875,102315,831,3337
17593,28,109,102,124,3390,6431,5441,2183,38,13860
419519,566352,1535,2321,831,3337
1,602,2579,26,1494,2091,102315,831,3337
1,2713,58,382,37,11,2029,39,2258,102315,831,3337
7865,16,40892,1,883,681,133,1394,90794,973,35,13,3375,12,86166,382783,12,3850,1,1313,13,2193,1
2654,10655,4639,2929,29,2579,102315,831,3337
824,11,341,271,9,722,6063,831,3337
2,11,1151,16,11,35393,1535,2321,85937,831,3337
3291,4,43,51,115,965,18257,93,33,14,14,14,117,3375,4129,10731,2579,1188
24812,2146,4,24812,2146,411,135,5839,13,1
12,126,3898,109,2171,89347,1493,14,80,4754,228,11,4998,4,12,1094,246,58,34453,3007,1
182,520,24812,1393,674,3313,1
352,15,102,872,37,9124,1,22853,26,1248
18642,768,35,78451,1089,28,18642,768,35,160,6063,38,38,22829,3054,38,33820,3054,38,35131,3054,162,13751,28,4
15,595,5099,61,10115,2417,58,15,3045,1,2348,934,2915
17496,64,9175,11,1617,271,16,3508,6336,45,42821,8610,13,12644,369,38,187
824,78,547,16,13,4500,246,1,109,70,2787,37,5281,4,19078,83,414,21462,83,117,11463,38,14604,727721
28477,87,11,908,3870,12911,51,128,78,56,120819,30,26727,214,46998,10744,35,13,314608
11,4088,39,10655,4639,12046,3337
2319,32,1531,191,6111,656
2,490,534,5636,58,2007,11710,48393,12046,3337
1,4,965,93,311,62077,66,3214,1
13966,6866,42654,98447,66,2583,1251,2092,2,13,122,5990,5058
143,84000,312,9,55,13552,47475,70,11087,9
4644,3765,9,11681,9351,35,31425,39,69810,108328,9
459,83,903,26433,16709,4,11,6688,7938,156
33,93,3502,75,2603,4,34314,12,31800,48,48,274,93,17199,66,13,1369,1,24961,8851,26,191,90794,1858,16,7938,33,1
156,554,733,98896,13775,26,15854,16,553,35,1893,1,15,171,16,229,254,26,254,389,16,3101,3211,73438
13,693746,206476,9788,9,43,15,186,4049,128,758,191,10233,46,33,16,14392,5990,164215,14
28177,9157,64104,60,74312,4163,7292,60,25316,72725
117,832,504,5832,46,92789,83,46,83786,83,110,311,10173,19326,6481,13,27111,39,1603,1980,2603,447,816
602,11,9476,2829,831,3337
1,1494,1573,26,7791,102315,831,3337
122549,44267,26,240,1057,16,4791,434,4,196,56,209,1141,1,831,3337
209,10362,35,13,7692,26,72,9,1032,70,172,32218,46,13,2193,1,68,29,137,19268,9355
122,16346,17,13976,20,20903,2348,4717,17,13976,20,1,1012,6058,1531,51,26343,18813,14
152,78,5433,2123,16,7617,29,651,26,1083,1,831,3337
520,9802,26,2445,11,4791,417,4,26,10,999,11,670,92,352,3291,21,1
337,330,10,43,78,24554,9476,9
273,7938,974,3657,16,18257,49,7364,66025,833,7533,1110,737599,1036,54531
9157,25316,176429,229805,83,2130,39,598,25316,46151,6211,56797,6131,4493,35,2122,73438,14
29,6486,32,145,6111,1226,395,64,33,124,16219,9,9
15081,10314,45,32533,102,53932,37,11,620,8466,20557,58,3651,88349,1,317,8235
996,615,135,86,32,80085,87794,172,2725,462,39,4,24196,133,11,1757,39,24196,14,56,4953,19252
10,186,449,831,264,53,271,576,1669,26978,1
9118,4382,35,4297,68658,75,29,181,4,10,2393,13,106669,7938,311,3469,16,172,1298,39,1
289,832,2533,524,58,221,36,64,11,3702,35,13,29450,16,11,9,9,9
10,59,367595,13,1906,329,34578,16262,4844,10,406,107,1041,119,7405,79,45,478,37,979532
101103,10,59,289,226,15,70,35,218,16,1593,61,321,79,80,55,15,64,11,11716,39,135,4,416,9032,33,1
578827,23430,17,380505,17660,20,425,124,214,35,215289,23430,2206,4,892901,2018
4263,12,870,37,40453,16516,4173,12
4263,12,870,37,40453,16516,4173,12,37,110
319,4,15,115,11,670,9118,311,11,347,319,28,58,11,2054,39,19379,17,62033,20
357,547,45,22085,32,78,2367,58,5014,15540,35,249,1966,4,107,51854,92,107,1127,35,18453,4
142778,827,16,9470,3894,43951,389,107,128,87,393,4078,55,34263,46,10004
10,15381,15,520,1086,39,61,1326,576,1,10,163,831,39,24357,9,9,9
903,83,6688,16709,35,61,26433,5023,1
13444,35,13,1966,17,83,35,78451,4,2122,73438,20
5990,39947,56,5669,121,19252,38,15520,38,148754,83,203619,8067,628,6734,152,22441,37253,16,1763,3532,35,42250,1447
343,9,9,626,381,892,39,43505,36912,124,33,93,802,39,1981,30324,10331,35,3292,24953
38,36,2337,66,8843,9,25748
1034,37048,80,1574,37,61,2263,2858,4373,78,8707,38,36
92,1064,2492,4,4,918,1854,92,918,2492,4,4,533,8738,92,533,8648,4,4,488,8738,109,509,12235,35,13,1873
92,1064,2492,4,4,918,1854,92,918,2492,4,4,533,8738,92,533,8648,4,4,488,8738,109,509,12235,35,13,1873
92,1064,2492,4,4,918,1854,92,918,2492,4,4,533,8738,92,533,8648,4,4,488,8738,109,509,12235,35,13,1873
53,32,13,4456,15540,15523,272
53,32,13,4456,15540,15523,272
53,32,13,4456,15540,15523,272
12,2,568630,332,8253,30927,5281,1433,1063018,25912,7591,454164,8582,6621,68190,589,162935,9850,2541,8484,946,13101,1433,12
242174,4814,2915
10,530,59,56,11,414,15676,127,12622,99,26,13444,393,11,654,1,79,4,10,406,4615,45,135,29,1494,17666,504,533,239,37,11,654
16348,532885,278,24358,22,102392,278
51,23960,6249,2896,1608,6730,4,10874,51,115,5477,15805,14,74,51,10731,3525,51,629527,10731,716,55,554,681,9,422,1608,218,5005,6939
117,798,37,110,4735,38,5718,393,350,487,35,40912,35,2053,2170,32,492999,489,11,12210,13,4246,14
74,15,552,35,12,18303,32,13,11452,39,181,12,240,337,39557,147075,4,124,221,5466,17383,96,311,24796,9
93,107,91523,39,11,8067,628,58001,3705,153,2888,59137,151,87670,22853,3177,436,614,226,726
12,15,115,173,4,45,2029,812,15854,4,15,27087,70,903,63,12,3177,15301,1
1,2579,83,532,5005,33,14,3,9,74,15,2093
35,78451,827,16,1443,344,2258,46,22819,1949,26,3375,2258,46,82031,1949,506493,705912,26,1706
13687,59212,1,846978,4194,297040,128715,2579
33,1925,11,123194,302115,27111,39,11,861,2812,1
74,1289,10545,78,16,183,11,438,1062,1379,39,75,39,53,842,12136,61,408,5546,231
5456,10,182,716,1541,2057,19564,29,2258,1949,4,13775,1
71,60,43425,30,98614,30,161413,30,5402,30,24250,60,60,60
12,12,32,11,6261,957,16,5280,558,127,70,10521,58,1064,4,739,124,12,15,102,3832,11,6784,79,15,21383,3532,12
12152,70,4,53,32,126,109,226,177,338,35,133
2721,3119,14,431544,5967,1433,16,4,588226,4,5712,181097,4106,1451,102014,1433
220,18640,7938,13494,71986,221,13,209
340,9,3490,50,22853,7760
199,64,11,1535,1027,42
4955,22853,42505,4,1110,4,739695,22853,9,118273,2950,14
4955,22853,42505,4,1110,4,739695,22853,9,118273,2950,14
4955,22853,42505,4,4,739695,22853,118273,2950,14
4955,22853,42505,4,4,739695,22853,118273,2950,14
4955,22853,42505,4,4,739695,22853,118273,2950,14
4955,22853,42505,4,4,739695,22853,118273,2950,14
13,1542,39,13,2183,14,2183,1
2183,393,19098,28,2183
2183,397,60121,28,2183,1
86,1776,92,11,2183,1595,11,4633,14,2183,1
2183,35,11,2283,235,28,26116,2183,1
13,2930,39,13,2183,14,106051,1
4955,42505,4,4,739695,397865,22853,2950,16,14
4955,22853,42505,4,4,739695,22853,2950,16,14
75,100280,377,11454,4,2831,90295,5340,7160,152,3430,83,83777,33058,18427,6032,8677,29309,2178,13687
53,1348,235,4953,93,733,4,4306,238,114557,361,13,20623,4,29445,4,45,80,129,163,168,1
282443,245523,4,10604,66,21000,11,122,8067,628,1,128,56,11,398,18869,9
124,3954,39,1898,74,6058,1265,32,13206,795,156798,3531,199,450,9541,1,5571,5614,38002,53675
59,455,16,111,128,56,175,16,11452,85,61,181
38639,1135370,4639,3445
6181,315,215,2923,1493,31455,11779,3850,664,58,130,6058,1846,4822,7050,203,33
1,4,1,43425,30,98614,30,161413,30,5402,30,24250,60,60,60
71,71,71,43425,30,98614,30,161413,30,5402,30,24250,60,60,60
6097,17,13483,20,740698,1,740698,32,581913,26,2790,39,1535,2321,26,53,32,13,209,6097
882579,62879,13,78451,86766,39,13,404830,47466,1,79,979,21,4,53,32,13,10403,10,102,722,381
2768,4981,9944,11,25824,74,15,406,1,10,186,75,417,35,45704,70,55131,9
10,883,13,3154,4953,1,13,35228,70,245,559,1,109,377,51703,85,152,235,39,26023,1
43425,30,98614,30,161413,30,5402,30,24250,60,60,60
4,4,4,43425,30,98614,30,161413,30,5402,30,24250,60,60,60
24504,234,4091,4836,234,688,234,3319,219,634,219,181,208,110,9,9
43425,30,98614,30,161413,30,5402,30,24250,60,60,60
11,26618,904,16,277,15451,8181,10046,2709,4,59651,18427,16,218744,28,46,13,125,39,22492,28,28,26687,1
4,1,38,38,38,43425,30,98614,30,161413,30,5402,30,24250,60,60,60
117336,708,565,606,66,5967
43556,3736,4048,85,32,957,37,12817,78,37,2355,124,74,568,42087,2707,1290,39,13,3981,74,15,3537,10,128,3537,9
1255,527366,1,325,135,4,9194,9351,5490,5714
6652,2183,83,23241,48138,9,904,16,3337,1669,9
1,1012,73,63014,79,11,1268,35343,39,3532,23442,45,9,9
148884,39,21643,342078,35,277,3826,51,73,55,42792,35,496,965,271,23706,10834,115,126,16928,9,9
30,10,43,12152,79,10,195,31173,29,903,13679,337,51,201964
30,221,78,18657,221,56848,201964
1585,468,11,576934,17294,1298,58,13,79,651,51,5988,35,1822,39,33,51,128,5057,45,27042,894
92,4890,5800,115597,11452,33,85,58,13,27094,39,9,18394,38
1925,145,39,11,1317,1208,37,11,42968,39,5281,110,447,64,210,965,1317,135680,13,648096,4083,9,9
599671,10562,33267,622424,215,4946,11,10604,45,24265,934,26,2122,36394,70,35,5037,37,13,16220
86,172,341176,26,9049,3181,515,79,12721,260,13,181,147,9641,284,11,6439
26,32,59,690,121,1,107,4822,22085,4,9309,22085,26,2295,22085,11615
117,65838,15854
393,602,15854,148,74,10,487,53,903,4532,240,33,128,56,13,8703,125,39,29,181,1
698,13693,128,64,11,122,27042,46,221,8067,71912,63,12965,35,3211,28,87543,17,13483,130,628,20,1,530,463,317,13,13483,1
21361,39,1246,23576,10184,102,374,11,2579,181,16,13,6202,58,58936,1425,5013,3053,33
119,35,78451,37,568,455,26,240,13,401676,19278,17,48675,6873,543,35,78451,4,2122,73438,20
359,295,274,29,3289
7261,16617,39,2365,26,341,434,11615
12,27433,58,11,7119,26,19104,1064,46,221,4694,24575,35,45233,4,20228,4739,2590,12
1369,276,78,872,11,12642,85,939,39,246,29821,26,10596,39,139445,1,20724,38,12528,32,17968,2248
173,111,3289,5013,52933,314849,116912,1
565,6600,6436
393,13,7534,9351,5490,5714
716,15458,14435,92,350,32,139712,4,22000,317045,965,215,5091,39,29135
14435,2510,2714,1671,1325,393,325,2078
13403,58,15458,14435
1,2579,83,532,5005,33,14,3,9,74,15,2093
78,214,9157,21111,4,6211,46,4373,35,124,296,79,1757,12,346597,12,1307
8548,32,13,8703,30085,285,3289,779,9,9
10,68,53,2193,6432
59,92291,109,171,11669,350,255334,92,175,496,888,1227,55809
2117,1174,125,152,13,26344,15,47615,79,152,13,18484,45,15,10746,1
11,2579,344,79,78,11,2579,181,1
10,186,107,276,87,11,6179,37,53,96,125,37,275872
2523,32,296,1076,1,53,356,11,122,302,1343,153,35,211,16,497,781,1,942,16,3211,16709,35,781,1
1,10,183,10744,25748,58,188293,55,175,32,1307,716,39,1447
7128,6016,2338,2492,1,10,8353,11,816,1
87,113521,363,16,722,26,17440,381,5501,4984,4,6721,576,63,11,6317,46,11,5879,3597,1,4843,135,63,488,1
353,1,1,2041,1,8555,52140,1,9235,124,24358,1
74,10,93,6527,1938,37,11,125,4,10,128,171,45,6179,1
12,615,10511,416,13,1083,39,881,4977,17,93127,20,35,13,19379,1494,35,13,420,16,1265,46,685,2858,12,83,87,580,37,3140,615
243,1621,9,128,4405,15,4791,26,512105
10,196,193,30,3159,1,78,6527,3159,1,1570,56,6527,19823,285,6527,3159,1
319,225,602,2321,24975,22829,110
319,9,674,21747,26,2579,110
128,190,902,53,6078,75,29,181,92,10,14464,663,602,11,731,37726
3289,903,70,61,1617,26433,5023,1
266987,70,26002,58,11,634,26526,39,1655,66
13,96,48912,37223,4,13,469,19366,284063,1,13,325,11,19392,4,13,288,11,154494,1,122975,4,5796,1,4500,1999,1
11,150143,14392,35,765,288,641,1,1
9157,1210,35,24196,288641,235623,39,5990,38,19252,4,9157,1210,530,56,22369
22425,341,62942,83,87232,39,249,14433,814,2,6058,5508,32,83,371538,1
296,107,128,5105,66,53,77546,59,265,33,111
11,1741,3729,35,181,102,687,61,181,133,22873,16,12682,4,55,186,746,453,468,11,12513
17754,10052,39,1535,10349,252766,1894,72280,4,1541,662786,872,291,11,63746,135,1112804,4802
29,15543,1829,9
13,2086,11627,198876,9,13,17632,3470,37056,9
10,129,16,3211,15,389,63,11,2073,153,11,466,1
22585,12830,899,215,1302,1,110,3922,128,49213,33,99,37,11,3211,39,7534,1
22585,12830,70,229,16,487,1,109,70,579,16,49213,33,99,35,496,3612,9
109,87,10665,100456,37,5402,46843,79,1574,21111,4,299,5402,7102,70,16600,152,19409,1
1394,1614,128,245,56,13,2812,16,987,85,13,2579,1614
221,11,4255,17719,3520,9
33,614,64,18533,254,299
53,32,172,2086,3333,9
13,20279,14,26,6652,14
43652,22520,841897,5318,2193,157,1095415,9,841897,46,4934
841897,46,4934,58,2193,26,23078,634,8777,9,9
80,70,4953,39,3337
55829,743083,93377,22853,93377,24775,427183,173,124781,17197,595607,65,592122,167728,9522,16,9
73,280941,73,1535,51086,173052,1036,547021,10422,1,14,1948,65,73,164320,173,14
858,3112,12105,133,13,7692,260,13,3981,226,13,970789,1016,3169,13902,30268,6791,25340,12,5508,12
699,26,58,53,10,186,1071,39,2490,124,296,109,232,171,4939,133,3981
6633,10,63626,11,18370,39,92195,181,7787,22876,66,1,109,70,232,35,350,3419,3879,1
109,171,4939,133,3981,1
24444,171,4939,35,3981,9,9,9,80,102
3337,876,145,4939,16,487,133,3981,6163,3337,9,9
191,130,232,7319,39,11,8426,1093,85,396,171,39,3981
765,15,70,40718,5959,16794,80,70,397,16,163,739,583,11982,4166,37,26
15,115,86,109,70,45939,4,64,11716,833,39,135,26,55,2940,109,163,191,52774,22085,4,109,516,35801,282,1
2621,629,210,51,35,33376,918
27931,14351,5105,9,872,37,153,145,152,43270,36,26,487
302,3337,651,83,35908,92,15,5604,117,3981,6744,96,355,1578,1043,254,240,3970,37,100249,83,416,70005,325,254,1
4801,4801,2567,9612,111,119,335,46,11,11277,316,19901,46,11,4255,7297
17681,10,43,79,78,554,9,10,5358,9542,3168
193,182,14,10,425,15,701,14,9,610,9,5712,687,46001,37790,14,9,15,115,10,225,11,5849,56669,245,35,183,21
15530,86809,28,183,21,2665,1471,1669,26978,26,14676,10890,9,17,211,16,2665,13,6345,79,20
12,2,37,75,558,127,436,185,121,111418,83701,78,700,296,267,177418,35,13,8737,111,17525,11,8897,12
449,24961,9,33,2074,130,552,35,2428,215730,1,153,496,71371,38,106669,7938,254,53,4649,1
37,6111,98896,300228,35,28,80,10928,53,2
9157,25316,11063,6211,35,236226,393,78,311,1773,16,64162,13402,55,685,9691,153,1933,1012,2138
10164,32,182792,58,20869,3211,534,353,153,353,534,3211,9
2117,1174,125,152,13,26344,15,47615,79,152,13,18484,45,15,10746,1
79,110,14849,2197,85,20520,533,15619,1,1
14090,302,3337,20130,13,12782,181365,39,4613,154008,26,183,558,3981,2873,9
16928,13,26370
193,739894,9,9,15,102,110,19010,111,119,16,61,11982,878,9,9,11,565,33630,1041,16,172,624,9
532,83,6688,150052,26433,5023,4,414,13694,7938,156,1
2117,1174,125,152,13,26344,15,47615,79,152,13,18484,45,15,10746,1,28,5242,1402,69858
22853,1,363981,4,1
3981,88
13,35,7486,4739,39,172,14930,13249,128,361,13,3881,3981,133,311,12447,152,302,3337
86,121,6742,46,3540,6566,1815,14,598,8164,12798,16,6962,2466,152,83777
31854,699,4,1,109,171,11,117,33630,133,3337,232,171,4939,133,3981
12,2,12,12,19946,878,40384,32104,340,4,3337,568765,151,57534,15854,75202,93640,2326,33905,5108,61800,4
31854,699,4,109,171,4939,133,3981,3650,26877,32,2694,16,496,398,5037
31854,699,4,109,232,171,4939,133,3981,375,396,171,16,3475,700,296
5648,9,3337,35,3981,9
124,15,115,32,124,583,124,42785,4,55,716,249,516692,3248,16,875,13,98251,9
699,393,11,78198,6065,1,175,93,30,171,37,45,1753,1,1,109,232,171,4939,133,3981,1
164,32,739,11,10855,35,75,13039,9,5101,282,110,9,9
2,64,6065,4939,35,13,288,3981,1,317,2
2193
699,393,14551,133,59,3981,1,1595,249
2684,4402,2,12,15,70,29,5210,10,171,15,15,70,13,96,12,12,29,1636,32,15,12,37,63630,10604,2,127,70,15,14,1636,2
10,2177,1482,496,5971,4,2123,83,674,58,496,79,78,101671,48,287,156,2282,48,287,313,35,13,7927,39,29,24250
1467,3986,135151,135,18014
64924,2579,2335,8525,28,201
1925,32,520,177,58,3954,39,35,21898,4,11681,9351,9,13620,4,14492,25207,170
26,4,670,145,1,133,249,12,7676,12,10,20438,15,297,183,11,341,12,12,99,39,70036
1048626,629,552,164,13591,51,111,16,11,409,63,3044,26,5952,785,16,56,48317,14,2309,285,11,3532,4163,1
1,17,579465,20,112039,4,26,1740,121,4323,254,1455,66,1415,26,1535,830
12,2,11,65892,58001,12798,598,124,8526,5719,99,35,13,18087,1,19409,153,35434,14,12
211,37,12546,26,2258,628
87,13,4309,16,15,3307,9,265,13,3986,87,2973,9
86,121,13,3211,39,93127,66,3319,66,13693,1,164,87744,4,2426,4,12122,4,4,317642,4,756560,83,110,93127,35,24196,14
35,1205,39,11,3035,110,1,1012,13,175585,699,58,214,4939,46,13,5069,1,109,232,171,4939,133,3981,1
329,35,13,673,32,29,20338,14,17,1,100,1,20
11,1262,56,8016,152,598,1262,1,124,33,29847,85,96,393,598,4,352,59,87,145,26,145,8645,1
1,109,232,171,4939,133,3981,1
175,93,30,171,16,899,37,45,4,699,1,1,109,171,4939,133,3981,1
82451,10,171,61,903,26433,5023,145,558,31803,291,1
56,1617,79,273,23286,56,3831,79,273,4791,56,26088,79,273,583,56,11,45081,79,273,3104
76,4791,83,583,63,1447,4,55,51,102,36526,4714,35,181,76,477,83,2816,63,5392,4,55,30,102,497,58,504,5041
220,20115
758,282,107,17,30774,20,530,76,13891,79,215,381,208,16,1261,3289
610,399,16,433,53,623,23286,1298,39,18195,83,16835,23536,32,13,32218,46,13,2193,9,9,9,20,20
80,64,18570,2903,83,894,13,30422,64353,1,350,395,70,5412,58,594294,83,2915,607,4,83,13,1863,32,96,39,257070
214,869,379,4,11,344,1949,39,2258,4,389,35,44452,1
66378,11,841788,730931,1,841788,153,7703,1881,32,11,252159,6097,35,15931,3337,1,9351,5490,5714
934,7457,4,9351,5490,4,78451
1,126,215,13,1369,17,2751,46006,20,297,8016,13,1893,28,28797,575242,14
359641,6336,66,1826,38,4260,16,39,1,1116,39,13,10665,1,110,4,200,374,228,768,4540
5136,1,53,32,13,410,824,10,12642,520,296,10,420,191,125,29,1216,96,128,3211,33,1
35,3981
20,3981
31854,699,4,1,109,232,171,4939,133,3981,1
6521,21428,3064
2988,1972,7544,2006,22,1173340,1564,234854,15011,215,4946,11,10604,45,13,171265
35,3981
10,196,63,16,462,2556,4,267,171998,807,282,24310,172,9535,4,153,660,16,42654,13,98447
1340,4474,47779,272593
66,48675,6873,543,35,78451,4,2122,73438
193,4,246,9,109,6394,2486,14,3,6307,56138,654897,215,18300,7050,133,13,8102,66,2486,5319
80,43,78,64,496,1210,53078,10577,156,79,6058,5508,32,614,4,183,538,61,12,71371,12,382,3293,45
10,225,579,58,29,24043,177,338,80165,8793
6899,32,13,213200,45,2209,2530,221,16709,1
269,2067,37,13,6432,12301,4,226,30,16,228,418355,497635
20279,6336,9157
3651,12322,15,145,285,496,469,8532
5264,11,520,177,338,16,29,1034,531,83,96,39,13,532,13382,1,61,125,3289,4,4582,46,4,1261,9,9
10,63,5136,692,1,58,13,22494,28490,5435,10,102,84,11,13745,9713
1057,16,3569,23245,28,436,436,17,6027,146,30637,3642,20,152,46
110,10,102,416,433,46,1480,615,654,744,39753,46,10869,58,2047,3879,46,28490,5435,1
15,115,172,4532,92,13,4532,7166,26,13683,2481,9086,1
4802,16703,744,12975,156,559,16,2833,14
13,75,122,14930,22494,28490,5435,215,19969,29,1655,39,1704,37,13,295,58,381,3879,46,33,9
11,16022,344,32,13,43244,1954,39,6483,1350,15,128,190,64,11,2579,344,393,11,379,1
53,2631,4,56,6940,180549,26,68462,133,29,1203,13,11258,39,103740,1
602,11,2478,39,9507,90086,2457,35,61,4167,26,51802,93,190,11776,1
13,16617,39,117,9990,4,36484,83,101479,128,487,3337
24196,9157,21111,1029,4163,32,1,45103,9786,218744,16,56,322454,46,221,720
48,137,8675,16,55803,9157,35395,1514,68344,83,14156,32,946,37,73438,25316,1523,1
12975,316,120695,1
3789,63,53,1,12,8548,10,128,6165,11,1829,37,51,45,128,64,504,777,13775,63,12,1894,16077,13775,590
357,873,12,10,225,110,10,225,4349,518,343,12,79,1642,51,73,245,11,2579,1094,4106,37,291,9
198401,32,13860,7050
29,2067,9666,126,10,8016,13,11781,78198,1,6075,11945,32,13,39057,3879,46,29,9355
255,357,79,496,117,16077,656,45,32,35,1106,51,115,45,295,10,102,226,11,1086,79,78,538
24765,116567,32,86,10,190,1103,99,46,1290,3879,39,2209,21,4694
6432,9,9
110,744,11,4564,9713,32,30,145,4564,58,2047,46,3879,46,28490,5435
53,32,24251,9,9,3289,9,9,9,59,782,33,800
2579,344
80,284,3986,153,203343,53719,1542,55,880,124,3986,32,14730,1,126,297,80,722,1542,38,9867,14,33070,1
9157,5920,98172,5623,35,73438,145,9157,25316,46151,6211,4,20843,12304,16,113514,10046,10314,5920,78,13,507,1
21,16,3333,1851,6202,797525,46,859
411,23706,16928,276,9526,291225,137698
58,20575,2258,9
488799,17,43883,20,198401,26,2183,85785,28,11,7584,1573,66,216399,2200,4,17,96,39,13,1086
1829,12642,35,2806,58,29,1,2047,3879,4,14930,1426
53915,2858,35,9157,2428,21111,124,296,124,6889,9604,35,99723
26248,46,13,4694,14,295,497,140628,175,1
16,75,722,36,8162,2858,39,3532,1,51,128,87,504,1,1708,119,4362,36,265,762,145
12,2,4173,39,40453,16516,9,9,9,12,733,4173
13073,2183,4,1154141,25410,4,362533,1154141,4,6336,4,4,4,139599,14,14
96,10652,66,98896,17822,4,93,46827,957,16,19481,87744,35,14
110,10,23465,46,29,5136,152,397,496,9713,46,29,7194,1
61198,472,546,36108,1433
4939,39,13,325,3981,39,13,180560,9
526,29,533,128,111,46,3003,14351,5105
551,942,16,4740,96,39,558,10997,17908,46,5069,9
10,2011,6432,9
11,36500,15088,1016,99680,243,13,32351
32878,9691,32,18642,63935,1,58,20188,56797,11619,18642,4083,164002,2858,1,2311,497
23022,171,4939,35,3981,1,102,3337,75,99,23022,14,14,14
123387,59,2929,514268,13,168582,1113,107,102,894,43,45,133,13,11982,878
11089,13,125,92,4062,26,1881,377,59,6097,1
32,175,496,615,16,87,608,31911,37,13020,66,3337,14,200,265,291,115,1
12,13,3211,965,523,21,177,26,13572,2215,229,60,60
3981,765,288,2866,93,762,9,21097,824,11,670
858,1041,85,1,13,215,1941,3981,16,243,1,156,1983,9
11,8242,254,55,880,1,4939,231,13,325,3981,1
75,8016,85,9,9,30,23194,16,56,1941,9,9,674,932,9,9
10,102,110,433,16928,2218,124,698,124,109,243,99,453,109,87,13206,1
606458,1290,3981,11129,4,276,2973,350,1729,58,720,3981,6471,6158,151887,361707
86,11,799717,590,37,11,25766
28980,516,6503,39,172,14930,22494,13249,128,515,302,3337,2539,145,8197,3981,35,13,180560
699,393,11,4392,33630,4939,231,3981,1,1,145,31854,16,111
1721,10,196,55,68,33,16,56,6178,79,6178,64,13,3981,16,1078,4049
23022,74244,1,63,1468,1,2193,1151,489,13,32351,1,28374,302,3337,1,12309,4049,1
1763,13,122,26,5025,40453,16516,12969,9
1763,13,122,26,5025,40453,16516,12969,9
11681,191,11452,26,6637,489,13,2041,4,159075,10545,16,87,138546
20637,215,3532,2086,14507,9526,35,13,3111,1,13,1503,70,145,3502,1
1467,2193,2,206,79,164,109,30,64,3064
80,64,11,533,45,794,992,58,4219,26,202,145,1,79,232,4,80,1494,85,13,8999,7906,1,221,75,55,1617,46,11608,1,55,84046,9
35,78451,1,243,19941,58,28652,1,33,17828,30402,58,16909,9764,4,79,53,8829,28336,9091,128,2639,1924,1155,33
13711,488362,699,1,109,171,4939,133,3981
51,4907,13,664,125,221,13,38427,39,13,1009
6122,39,5967,4493,148,29972,121,5526
238,32,5170,11,1268,1578,3981,353
53,137698,26,61800,16617,215,248,46,1415,148,9
199809,13711,389,4,1,109,232,171,4939,16,487,133,3981,1
5576,9,98896,14875,9
31136,26116
1721,61364,14,14,305,8023,8485,101077
130,73,397,26879,2668,13390,7467,46,334,1,76,83,240,175,73,1272,127,73,232,47972,424,239,393,4357,3333,1851,24459
148,344,92,17685,6331,98614,16,46,52060,4,883,228,1531,325,285,83,1399,1,153,14
362163,39,191416,83,13,74956,127,93,800,5969,2812,39,17,1304,4728,20,4836,215,13206,6058,124,296
1470,32,8485,61364,58,50423,7997,9
16,56,35,19379,1494,4,109,195,14,462395,25922,4,525,13,286
131,336861,177,257627,1093032,1,10,1613,1531,6111,336861,46,257627,12,28,87785
145,9157,21111,425,6211,148,4,40633,3902,16,35,11,435,12,139584,12
10,232,626,221,23654,3211
10665,171,93,16,34040,66,172,973,2523,16,8732,38,23576,12975,4,55,45,4,21111,171,78,16
558,17908,70,55,1653,246,15,70,1531,228,610,9,9
81281,442483,7072,4293
3532,2211,7072,4293
13483,119481,63219,4,1502,2018
2594,183,33,312,3337,35376,3333,1851,2
9157,21111,6211,2477,16,10184,39,158855,17,14797,46,348228,20,1514,3256,378646
75,38912,4125,396,9,5152,61,218,1737,26,859,1737,381,749,2579,7173
11,1151,35,13,1690,37,8516
170540,190,1728,37,151769,2,18453,2819,74893,511163,12,32,33,78,6297,798,45,170540,93,7864,14
1,28,1,28,14,28,3333,1851
13,151769,8164,182,195,11452,85,13,3154,120240,151769
29,5946,37,5136,425,21,9944,53,2193,37,29,1166
56,4558,74,151769,12820,25600,393,53,77923,25495,9,9
11,2579,4532,1,59,11,1086,2806,795,37,16,516,56,175,46,135,16,487,1
69591,41692,1025756,5196,170540,190,1728,37,198401,151769,4,10,12642,33,85,2,511163,12
384190,10,883,35,615,2263,1,9157,21111,70,70,78,397,5895,371597,38,5614,46,350,12476,1,10,420,10665,4,128,273,393,1
1034,194979,37806,11425,231,3112,33441,87,3112,320,10,478,5475,195,51,14,14
10,552,35,1531,12669,656,26,4300,15708,3850,37,29,2254,58,3586,31052
1858,6331,37,13,135,66,1422,36722
6211,17968,35,381,9879,4,21111,12622,9157,46,78451,5533
10,225,15557,121,3959,27042,4,59,20438,49697,27042,29,619,26842
124,1043,29,11013,558,127,19261,4417,4909,37,31911,24662,16,152,1,13620,4361,46,1
10,692,3508,1,10,63,16,3583,29,569,152,5136,168,2828,14875,800,35,11,654,1
4,61,1823,4854,9157,736259,32,13708,1,80,276,1900,3840,1,14987,13,99,46,350,507,1
164,1836,109,374,12894,151769,16,170540,1,64,2281,59,152,1321,33
1153,10,1593,66,53,10,190,87,287,5549,4,78,239,29,10604
5014,11099,28,13,3491,18833
16928
11716,1908,410,2,6986,1893,46,474754,3570,35,215289,58,3346,6373,1
1765,317,1,13,42039,1350,39,27111,26,52954,1436,89,190459,1,499008,1
317,313,16,10058,111,99,175,26,43,363,37190,12098
4009,22853,5864,2263,49,615,164881,197306,9
61607,49,615,15144,197306,65388,22853,9
3490,5318,1555,4911,173,3289,9
32,5990,2790,39,32,13895,39,468,631,83,428,1,10,196,78,76,4558,74,107,48,9309,48,580,124,1757
1,13,33323,4,139847,58,583,26,2579,20860,4,4745,13,12177,42448,16,350,9471,1
12,2,322410,75,4,1772,85,969,4306,674,2579,110,12,20836,9,606,25988,9
79,1642,134,51,70,245,11,2579,1094,4106,37,75,9,9,80,68,51,11,670,9,9
51,102,462,228,530,76,30,19500,341,16617,455267,13681
36592,15911,26,249,31911,10943,302
28,22,7176,4939,35,3981
83777,12806,50,6107,814,6058,32,13,6762,39,15426,37,2259,3826,79,10,115,221,268966,1034,6107,2621
33,32,35,61,3638,39,4264,45,61,8877,32,19969,1
220,110,10,72,63017,45,15,73,11,102041,9,51,538,115,126,16,7938,1064,16,51,73,11411,9
15997,26,2289,32,13,733,16617,15,128,1286,33,124,2574,156
152930,49,5318,522395,5318,73,310372,9,86956,22853
13,11,11,628,389,35,7791,1,31923,215,30,3084,124,11,5033,389,927863,70,12953,35,11,1580,39,51418,1
170,1,1,33826,63184,378,17306,2193,685341,1433,8548,1036,370473,287138,1433,26,312341,32,175,245
23706,16928,120,9124,16928,120,10149
87,254,133,13,866,9,2644,9,61,490,245,523,21,177,3289,9
15854,9,9,29,2860,32,658,530,10,87,11,406,133,15,14,14,14
827,31865,16,325,1671,11,100638,26,20500,13,11710,240,107,128,13343,282,6098,107,1417,31865,589,5532,169167,534,4626,1433,1
12,2,78,59,3702,11432,13206,66,13,2583,11747,1,1049310,70,894,231,13812,14
55,202,6336,1,113515
80,195,296,4,29,32,874,4,305,32,151,1,277,9219,83,17360,128,43,295,2,569,83,1024,128,56,12,690,12,83,872,21,191,57567,128,56,12,12
35,93011,4,75,2183,4,38899,26,13943,70,3996,844,28,164,43,72402,64,75,13,575,14
13,520,892,6178,32,55,33,49604,4300,11,31803,1174,36,500226,126,102,90109,76,55,85782,6896
6892,455,663,17523,1,3968,9,211,16,64,11,1086,46263,58,29,1166,4,1
9772,15265,60288,3177,1,80165,93263,151,60325,7376,2579,11209,2888,12390,8975,102014,1433,1
6719,49,9179,215,31911,4,79,13,9179,215,78,750,143,13,1880,1,1750,3323,14
1348,60001,191531,297040,128715,2579,1113114,1348,73,49,82901,75187,2267,6746,199,946,9,9,9
34214,15854
269,36,177,64,243,35,2054,1,778620,35,4,11,2258,16216,4,74895,1362,2258,236,38,99,5402
9157,431755,39,46151,6211,4,128,992876,431755,1546,4,12,2503,1036,12,153,226,14
1829,96280,2200,4,9445,39,3532,10744,83,6336,5777,37,580,45,16,35,83,100587,240532
13483,1535,2321,66,335,9,17,8491,35,78451,4,2122,73438,4,2122,73438,20
3039,4939,46,3379,608,31911,59915,58,13,3379,494732,6071
9157,21111,83,350,619,6281,1924,35,4,1493,4493,9157,10184,83,6211
194833,413201,4,170238,39,35,73438,4,6742,152,13687,152,11982,63,31283,4,520,2554
1526,30986,17197,2261,22853,841922
1566,6111,9,9
933,16516,14204,58,19298,2321,4,18354,4,69967,26,1535,2321,1,10,292,472,1
5522,4413,278761,11044,499,11598,69,412401,142490,589,18533,11044,69,11598,81167,1777,1002327,369
318626,11851,614,56,26842,9,55,93,372620,19863,83,3683,268778,377,894,520,50290
87,579,16,11452,85,61,990,58,18394,2721,1
110,127,13,203,32,53,469,1535,2462,9
32,55,9542,1,124,73715,124,33,794,9
13,4088,46,13,215,11,13969,31669,965,2209,13,73715,448,11,2913,26,7224,273,1,10834,11,4861,23174,9
5756,209,1394,27111,2092,37,9,9
75,2491,30409,1,381,288,96,39,291,1,148,35,11,5074,215289,6889,989,4,10
530,56,99,13,151769,35,282,614,64,260,36,329623,15500,1,9,9
125,453,1312,3235,107,1068,49268,58,331,66,83,148,48,137,327
1348,1041,58,11,2579,264,4,169887,39,579,16,320,4,78,2580,88
337,15,22853,50,607359,9,22853,9,643482,39014,9
3211,83,9047,37,53,450,35,288,6660,1543,1,36,128,8185,55,4177,13,411,156,335
2,11,17251,14275,4,11,12242,5338,26,11,729,16
10,186,54533,73,26367,35,350,36484,92,509,1477,5849,9,9,398,3073,5069,5849,530,13444,228,313
299,39,75,13,6336,35,13,367,32,38176,35,6206,1,201
33,93,1005,98583,39,8895,35,381,9867,38,11277,3260,1531,13283,37,199,886,181,4
11,634,1029,1603,2,7254,6336,2183,12172
287,602,2183,1166,243,26,1392,21
858,260,93,2875,9,1468,890,35,50134,1535,2321,272,260,9
435,32,229,9,1261,424,13341,58,23492,83,424,4822,66,61,777,7918,9
10,225,1969,53,688,389,26,389,9,234,7238,54730,11716,58,299,231
9908,7938,2,3337,2209,4049,11,40392,39,13,367,1949,12247,124,13,2897,96,215,143,11289,152,110,1
1059,11,8010,133,1,107775,37,5105,1,4776,13,325,2705,35,1
5173,37,11,21356,1578,5105,82949,6194,4392,9990,152
35,13,20930,1,13989,2,8967,123,3890,1
1092,215,407,33,296,28,2162,48380,7016,1,11,532,1206,234,7238,11716,26
4939,37,416,54628,26,416,211,1
46,3981,1
338,2193,1
34540,36,3075,2953,1471,36,108921,7013,59,589743,18813,9,9
60496,918,10,257,7629,31165,9,9,79,389,631,37,4595
17,361097,8525,35,78451,4,2122,73438,20
68,13,21641,3603,1,109,128,16,13,2476
1697,39,13,356,2,61198,1036,28099,38,20059,89389,100587,21,164709,802744,504,13494
277,831,497,156,296,58,3981,4,79,277,1045,538,43,497,296,58,39432,9,9,9,28374,185566,744128
5266,291,13,939,39,13597,26,71922,1983,79,10933,1,11,16284,1
15854,26,1157249,64,248,39845,1,78451,4,248,4392,1
393,53078,6058,425,361707,94540,35,281,4879,39,130439
12965,215,1671,11,1480,13709,10018,9,9,12965,3280,974,6714,118895,9,9
208,1,424,13341,1363,1174,1343,16,153,133,496,39,13,7918,9,15,894,87,11,424,1443
11742,35260,32,46,524,78,99,39,3981
11,2579,344,3702
10,8016,11,524,152,29,5148,4,168,1134,215744,695,29,533,26,10,1671,168,464717,5644,1
1251,7692,1036,3700,13494,19635,4,4,224790,222320,69,14062,4,4,78,214,9351,5490
19252,89307,1483,83,653,16,13,42250,9157,21111,35,761824,148
414,18739,4,4,4,9351,5490,534,4709,590,589,13494,116292
41467,5318,487079,13494,4474,98896,13989,281,160,2122,73438,5069,162,69,2399,36641,1
10,68,16219,1,75,13583,1,79,363,121,1535,2321,45,523,21,177,1,10,225,17971,16,221,42565,1
11558,39,1271,50773,80,75,6746,655,37806,102,214,43,13514,26,7938,249,182,40701,13834
49268,86261
9,9,53,32,623,491,1,17685,282,3986,1522,53,866,523,29,918,3888,1,126,903,53,32,1,68,68,68
17,1846,38776,20
13,209,674,32,16,56,29751,152,168,124867,2080,1,5129,1415,147,32,1,13,1113,1
1617,1227,16,183,803796,9713
598,59355,9,9568,17249,85,152,116697,1,70005,35,3981,1,811276,20246,4,18813,393,254
108921,34331,746,9,9
29,32,10321,4363,267,107,190,56,35,19379,1494,271,107,145,9513,46,353
58,1,2919,16262,83,122174,22,14289,28,4058
172,75,99,15915,46,5508,46,16749,4,1317,4,13860,4,10913,4,20406,4,71922,4,14051,496,2859,181,3850,70,2379,453,5508,46,9867,208589
2117,1174,125,152,13,26344,15,47615,79,152,13,18484,45,15,10746,1
13597
3075,32,3075,6652,32,6652,74,51,21,10,128,2109,51,35,42,28,42,28,42,28,42,28,42,28,42,28,42,42,456,51,187,187,49,73,42,42,28,42,28,42,28,42,28,42,28,42,28,42
207546,1218,16,2093,261335,10,761,1,788,32,13,1325,271,16,38220,26,109562,53,6985
1534,13,4200,38427,39
33,10,260,4655,11,59014,39,944,45,15543,5023,320,51,53734,33,9,9
13,125,3020,58,49268,66,4,35,282328,903,14875,26,11,614,553,9,9
588,2399,288,21,316288,45123,276678,588,579415,534,2518,82,292550,3177,51,210,10,225,2445,355,66,181392,375,78,29,1949,39,2258
55754,26,1179,2966,3211,13,24232,39,7534,14
1636,28,28,28,2193
4,399,37,1348,235,4953,1
473,4,260,53,6122,35,934,3445,153,35,9351,5490,215289,1,33,93,12,30,6310,12,200,8652,9,9,9
1924,16,7371,11608,26,1617,16,5058,2,9368,26,9368,389,79,1307,26,1307,26
392542,27111,685,615,1369,78451,29
29806,130,17320,202,83729,1,82280,39,2510,109,1853,37,2579,11369,35,3964,1698,32,114960,37,228,1
1,311,4953,36,13428,32,1916,63,51,128,1330,36,17847,352,46,271,16,4327,14383,221,78,33385,7001,9
11,1,20,1467,2193
11,1,20,1467,2193
11,1,20,1467,2193
11,1,20,1467,2193
11,1,20,1467,2193
11,1,20,1467,2193
11,1,20,1467,2193
11,1,20,1467,2193,38,38,38
11,1,20,1467,2193
11,1,20,1467,2193
11,1,20,1467,2193
11,1,20,1467,2193,1,1
11,1,20,1467,2193
11,1,20,1467,2193,123,20,20,20
1,20,2258
1,20,2258
1,20,2258
1,20,2258
11,1,20,1467,2193
11,1,20,1467,2193
11,1,20,1467,2193
11,1,20,1467,2193
1,20,2258
1,20,2258
240,10,63017,228,15,70,468,13,1029,768,39,38597,6336,83,47779,1,37,291,1,663,15,80,297,78,32,439928
11,1,20,1467,2193
11,1,20,1467,2193
11,1,20,1467,2193
11,1,20,1467,2193
11,1,20,1467,2193
11,1,20,1467,2193
11,1,20,1467,2193
11,1,20,1467,2193
1781,8443,4,598,9157,25316,46151,6211,37,78,397,2858,393,1068,1826,1,9621,37,200203
8260,254385,4,684638,22853,49,540067,4,684638,22853,86215,702993,49,684638,22853
1,2258
53,13483,12495,153,32,25939,110,1,21462,15,143,16,574,58,21,246,1,1158,795,29,1258,1
88,3333,7349
124,504,406,3333
55,51,10731,122,590,133,291,3333
16977,43652,7997,41347,13494
43652,402969,589,115526,3333,1851,16014,12668
598,9157,25316,4844,4,46151,6211,290,2467,21204,37,228,14
6281,1873,14,168975,39,3289,829,58,11,27094,39,284567,28,746,11,125,2966,43,13,4204,9,626,574,93334
6111,66
12987,30,11669,75,36,516,12987,38007,51,795,9,9
335,56321,37,10997,23306,2,188293,6336,26,19910,1447,1
344,182,1385,117,92,51,70,99,39,13,1989,934,26,102,1468,832,5519,2080,654,36646,11,1949,39,2258,1
32,22494,1477,27391,32468,234,27391,32468,17,20,55670,26,608,1,31911,17,494732,6071,20
699,11,2294,3237,37,1,109,232,171,4939,133,3981
7922,2465,1925,16,76,13,1229,1849,4649,37,15,1,37,13,1109,1698,214,33441,11401,26,1229,39,3196
10,102,896,317,46,141613,48,559,23529,1
141613,48,559,23529,9
110,1765,920,39,249,1068,49268,2603,58,249,331,66,3337,11474,1,55,1989,33425,9
79,9897,4,109,8016,51,38,137,14,8178,45,109,70,11,102391,26,13,11076,70,245,576,14
13483,7385,35,13,65871
10655,35560,12152
2462,643412,48,48,89160,37,209,4869,99,4451
59,883,1788,6768,4354,16928,1,610,1
25199,84888,373291,149619,310372,2002,2002,22853
4939,39,13,254,171,4939,133,3981,1,91483,489,13,2819
1,109,171,4939,133,3981,53,254,876,16,56,11,398,96,74,129,16,487,13,2041
4939,13544,133,3981,171,16,87,11,985,46,110
6424,254,37,20556,1527,549,214,4939,171,4939,133,3981
113719,9568,2294,3237,16,228,109,171,4939,133,3981
145,3981,26,80,128,115,1,42,5988,42,42,15316,42,42,5988,42
4939,39,13,254,171,4939,133,3981,1,91483,489,13,2819
171,4939,39,3981,1,133,229,191,4392,4727,133,13,94301,297,515,16,3663,13,3024,2523,1
4939,39,13,254,1,171,4939,133,3981,489,13,2819
115,10874,16,264,14,1,21846,177,37,79465,29,4239,79,182,674,816,1321,1416,472,389,292,13,11756
110,193474,39,19711,5678,4,221,211,16,56,11,24975,46
674,37,720127,121,11,4451,199,17824,79,59113,4169,606,66,1709,490
13,3165,2183,32015,66,33155,35,7524
3532,2211,26,3532,17294,66,33155,35,7524
1110,1808,688,7482,209,791,1,98896,164881,73,1036,22853
13,5484,34842,12210,2209,13,11,1617,7404
20610,52881,5023,26526,829,16,3904,11,6546,7533,45,894,8035,172,6056,15837,1
8035,1447,2021,26,39482,8298,12620,46,13,5870,3416,1
11,357403,2731,7832,79370,33,530,56,128,8185,11,123,12682,26,903,19926,32,802,654,1704,829,1
12,2,10577,4451,3970,18087,4,63143,3843,92314,12,4451,14
1,109,232,171,4939,133,133,3981,1,708,63,211,16,56,172,5025,5037,133,229
147,32,29,174118,1,242174,4814,2915
18427,5454,4,91096,2314,12561,4,106669,16709,16,381,16092,410,4,381997,70395,16,53,11,762,768
51,490,554,4387,35,61,181,38,79,3959,1087,38,10,115,34453,32,331653,79,190,23504,38,51,1542,39,367,1
319,265,13,3280,257,26,265,13,6714,20052,9
744,12172,32,295,285,744,68,278
13,12,209,27111,12,35,29,25956,15,478,14,70,15,311,477262,14,10,232,1336,11440,16,29,6517
23313,128,190,687,221,8532,239,74,15,416,45,2034,35,3986,37,11552,1
15,73,63,13,5210,55,2973,4,4,15,70,63,5402,4,4,55,70,63,360524,824,13,946,164,10,68,15,9,9,9
15,73,63,13,5210,55,2973,4,4,15,70,63,5402,4,4,55,70,63,360524,824,13,946,164,10,68,15,9,9,9
15,73,63,13,5210,55,2973,4,4,15,70,63,5402,4,4,55,70,63,360524,824,13,946,164,10,68,15,9,9,9
26,894,92,277,7678,1757,2295,392074,102,1298,124,44707,39,13,3187,1,5866,15,70,6599,1
164,3694,28442,931,28,196,1369,153,153,11099,46,33,14
29,2828,13,6938,7027,93806,14204,7731,39,6938,4,19298,2321,26
64,11,341,435,3116,1,1261,61,344,2258,38,2007,4,218,4,2435,4,320,83,1469,15,43
117,344,3289,9,64,172,733,125,3116,9,209,39,1248,37,75,61,2416,9,68,15,6239,29,3421,9
284,521,26,87,295,31504,9
6058,13206,1121,2594,5508,2146,4,8656,10298
1467,11518,1881,4639,1,1072,1668,1523
2941,26,3075,1,1072,1668,1523
183,51,9542,38,2694,677,44452,2665,922154,14,94009,11,181,5282,37,521,51,38,51,606,26088,38,284,1399,117,3597
12,2,79,86,11,271,16,111,2,2705,16102,4,552111,26,14698,5281,1
242174,4814,2915
126,102,632,6566,11,356,518,12574,1273,14,53,32,55,40025,9,3981,276,56,1465,231,36534
56,19979,26,17526,4,2338,26,31803,33,75,1
83,73,199,214,4749,123,127,14194,199,3211,39,1031115,35,53,1028,110,83,265,163,102,109,416,4646,2345,1028,35,411,2197,1,9
534,4173,103772,600790,1433,2579,1433
80,276,183,277,533,3824,35,40179,39,75,4,267,80,129,16,317,83,109562,13,13,181,58,1
2431,147,128,78,56,1773,16,487,254,13,2314,15112,152,102179,191,89103,733129,16,7617,85,13,6241,1
148,10,12642,12172,649,26,10,27610,13,31052,156,79,33,93,16077,4,10,182,1613,33,1
46767,32119,4,4,26831,85,152,4977,1999,26,57183,4,4,32,13,3726,45,449,34265,523,37,2530
46767,32119,4,4,26831,85,152,4977,1999,26,57183,4,4,32,13,3726,45,449,34265,523,37,2530
127,215,159549,16,1411,13,571748,39,70530,341,5329,35,3337,14,109,64,55,554,380107,16,20052,66,29384,1
1535,35673,92,35673,92,111565,55,4,4,348,992,496,127,346242,51,9,9
4626,110464,83415,13,9157,80579
6005,51,626,12911,4,6828,43,10,626,649,1049,243,83,1250,21,123,7617,649,35,15
674,13,2579,1188
22853,9
32,329,14,35,427463,3710,4,25412,11734,4,12,96,58,30,11037,4,96,127,2597,35,720,335,4,78,11,4,26,9309
129,16,987,655,160303,39,1286,9351,16,504,28080,14,713,515,51,1,658,53,2721,2
12,15,70,29,20338,12,60,60,60,12,10,68,15,12
110,1041,6865,6211,12817,133,9157,21111,4,6047,10046,892602,11063,6075,58,249,1757
55,45,13,2314,102,87,16,13,12721,39,61,23306,16,515,15,99
86809,59,425,21,2665,1471,1669,99477,26,1669,26978,1
9,9,10,6422,53,9,9,53,524,32,172,3710,5760,16617,224985,431755,26,194449,9,9
555963,2,17,20,13,10271,3906,11,670,39,555963,16,13,2491,2193,66,13,338,628,1
11,520,41592,3211,35,61,1617,26433,5023,1
1422,6063,70,13,1547,39,13,670,14963,26,70,265965,152,117,9919,1,1330,145
10,922,21111,1174,125,66,29,17387,35,6483,9157,25316,4,3818,13,1933,2858,9186,124,13
343,9,86,11,7938,9,83777,2269,37,87744,45414,9,2431,110,109,128,3293,87744,45414,35,469,11245,124,296,1
48604,4,62855,4,138827,4,3283,4,12721,4,2911,4,6652,4,619705,4,20432,4,9568,4,915145,1
2193,8436,455,1,269,37,13,341,628,1
75,39,51,73,606,55,2579,1,126,102,379,4869,51
213324,26,3651,28,1012,614,64,248,12,76330,12,1
11,30852,629,722,6058,13,125,51,10053,6058,51,6463,11,682,30852,124,1617,124,496,410
15,102,13444,26,13,509730,530,56,24495,35,61,681,4,239,110,1
12,2,396,15,289,163,13,122,12969,39,40453,16516,37751,14,12
2091,37,8516
51702,8318,695,4285,4,2416,46,3641,1121,1,1802,3379,2790,39,51702,4,46,608,31911,1,4,13020
74,2162,48380,7016,1,55,397,11,19713,1
218,32,42820,4868,110,4,329778,26880,38,857340,13412,4,11982,313,37,30,946,4,2178,3480,4
1706,33,215,1,107,614,111,16,389,83,284,34137,389,765,249,10314,39,1208,1493,19275,1925,33441,1
411631,4,4,198401,58165,4,6336
687,13,23929,26,27111,39,177,1288,125,4541,965,32,11,25749,96,1
273,66,13,885,8525
86,11,4372,55,554,16617,9,9,357,62618,378,240,50,407962,796,9,9,9,610
15854,9,9,9,29,2860,128,516,133,328,171,61,1215,4,4,8077,4,26,406
6432,656,32,75,10,171,7254,27042,110,4,83,488,645
2007,26,4309,3269,1120,28,9827,107385,9156,78451,3100
12041,32,13,12721,507,39,20357,39,13,130,9
64,248,151331,165334,46,2705,5402,2873,1,13,312,1155,39,350,10004,128,56,249,2197,1
17,682641,20,26,133,8954,7617,85,628
4338,4338,4338,28,16617,32,13,209,272,13,5760,16617
28553,10,894,260,35,61,590,953933,27225,9,9,26,221,708,16077,10,129,11,16434,2594
5979,65838,58,191,2579
63,18586,20556,32,11,1216,4106,127,290,8520,63,18586,20556,614,12462,35,13,19823,1032
8851,135174,576,31865,32,22781,152,13,33398,39,1807,106209,1,74,107,78139,13,11710,713,603728,554,145,1
920,53,1,191808,1,30409,11,4178,75288,72417,1,4757,7063,2,4160,1
43951,5139,425,3651,124,3651,6791,47,80,989,3651,124,3651
3455,14417,11936,9897,841922,6058,5508,2122,73438,4359,332682
6058,5508,8916,35,2122,73438
6432,388221
904,258,9,5189,11,9099
1659,39,570919,80,128,64,7050
520,4392,26433,5023,58,11,903,6688,16709,1
53,4372,32,18640,75,9445,73,175,9,9,86,11,16617,9,9
6312,3872,1732,40172,30466,215,4946,11,10604,45,107,297,38145,58,249,9950,1120
5695,696053,28553,161525,40397,14875,3739,46,15
110,45,32,86,10,462,172,447342,6111,2478,39,615,9
126,70,32127,32010,26,86,38002,13,1580,39,221,38917,4,133908,26,7897,14
193,179982,330,9,45,93,6039,9,107,59,2089,11,26618,489,48,137,1966,9,17151,9,9,610,9
28,896,43951,83777,1580,10665,128,87,11,2294,44711,39,580,22693,35,13,4408,3077
74,10,487,172,729,29,9651,128,56,374,2261,16,886,726,39,944,35,29450,6098,596384,63133
74,10,487,172,729,29,9651,128,56,374,2261,16,886,726,39,944,35,29450,6098,596384,63133
74,10,487,172,729,29,9651,128,56,374,2261,16,886,726,39,944,35,29450,6098,596384,63133
74,10,487,172,729,29,9651,128,56,374,2261,16,886,726,39,944,35,29450,6098,596384,63133
74,10,487,172,729,29,9651,128,56,374,2261,16,886,726,39,944,35,29450,6098,596384,63133
74,10,487,172,729,29,9651,128,56,374,2261,16,886,726,39,944,35,29450,6098,596384,63133
974,13,11,6122,39,5967,4493,32,674,11087
30852,11389,985,40453,685,3619,19247,5508,46,6058,145,55,37,4475,32539,9
221,135,37,1094,4,429262,4,119674,4,26,3566,3566,16,243,35,19379,1494,39,420883,367,1
110,109,171,1016,11,398,2457,11099,228
28144,20135,5770,14341,13,2007,2206
26,128,56,71578,152,31047,7200,66,13,3100
72980,228011,46,3981,1,119674,46,1
29942,38,49386,2,5878,59048,17,20,4,577,808608,210,76,17,76,20,8539,2,123,17,20
164,70,30106,989,3651,26,78,1745,153,2227,14
2259,17953,158392,249,374848,9,1384,61,1166,31504,9,80,115,33,9
29,3702,58,3902,13709
55,33,32,9,9,11,24975,39,11,64997,9,9,80,64,143,96,26863,39,11,2041,66,277,83689,9,1817,399,37,33,9
1059,121,191,46998,10744,37,32351,193,51,1331,33,9,9
106275,190,12305,11,1071,35,53,367,1949,1,175162,3181,1,54533,7617,228,26,1006,16,32351,16,497,3337,1
12210,9464,14,14
51,1911,75,13,68,43951,51,73,58,291,695,5607,83,9542,1,51,245,1797,291,78,124,11,1394,79,124,11,531,1
2367,39,172,6521,1542,4,35562,2930,11,20516,16757,1280
607359,1258,14875,49,37781
319,11,7027,551,21180,172,18657,9,78451,3337
110,214,375059,9764,37,281,278366,83,30,44646,12172,4429,75,695,13,1670
1012,39,15,1132,785,1,96,1617,410,32,232,46,13,11716,1908,9,9,88
393,4,4,110,6211,39,9157,21111,4263
124567,28016,6016,35,215289,3100,4,3322,70775,35083,4,4,55758,83,20279,1
12,13,3211,523,21,177,26,42263,12,28,63,44685,83,298025,1,2215,229,60,60
598,520,5613,286,152,433,33,26,109562,33
15,115,21,55,296,42,8341,11,16950,37745,17294,42
27111,83,13382,28,61417,1186749
27111,83,13382,28,61417,1186749
27111,83,13382,28,61417,1186749
1413,8980,51,374,1007017,580,26,894,407,51,64,496,145,450,125,43427,46,51,374,580,16,4635,26,49268,14
88380,12136,908,78451
10987,53,2170,463,56287,37,21,28,86,1127,325,28,13,6249,153,13,16749,14
164,290,22745,656,3211,295,285,3586,656,14
164,290,9099,245,888,6652,1258,313,14
329,290,6370,3899,57071,243,133,14
92,10545,16,7162,11,4532,4,13,13683,2481,9086,239,453,13,4532,2040,1
59355,37,194833,176550,1,28477,699,70005,313,1,1,109,232,171,4939,133,3981
6058,1531,215,1671,11,398,37342,35,3337,1,1531,8774,35,618336,16,31173,35,5623,5297,4,79,78,6058,1
83963,1413,78451,56,4558,16,115,45,48,122,4163,48,3770,75,31021,39,7050,26,74686,4529,35,3845,18772,4,554,1094,83963,722
4009,22853,131130,424074,872918
163,4,74,10,470,632,35,19379,272,4,316,64,16,7034,37,11594,17,2507,20
122153,135,9,9,5488,9,5488,9
153302,26842,1
153302,12798
16767,210,50697,153302,18595
33826,242931,1369,499,5402,1451,797240
153302,18595
153302,26842
518692,61,2705,5402,35,13,325,125,26,215318,33,35,13,411,455,163,60,60,60
4,1,38,518692,61,2705,5402,35,13,325,125,26,215318,33,35,13,411,455,163,60,60,60
2117,1174,125,152,13,26344,15,47615,79,152,13,18484,45,15,10746,1
35,29,4888,53,32,13,13483,3341,215289,4,3337
518692,61,2705,5402,35,13,325,125,26,215318,33,35,13,411,455,163,60,60,60
11452,7885,9,9,9,164709,38529,9,9,9
80165,4370,127,32,2930,39,17360,4,99,39,965,568,70,6475,4647,4,6660,2170,1,107,128,64,9351,36,13073,273
518692,61,2705,5402,35,13,325,125,26,215318,33,35,13,411,455,163,60,60,60
518692,61,2705,5402,35,13,325,125,26,215318,33,35,13,411,455,60,60,60
518692,61,2705,5402,35,13,325,125,26,215318,33,35,13,411,455,163,60,60,60
518692,61,2705,5402,35,13,325,125,26,215318,33,35,13,411,455,163,60,60,60
518692,61,2705,5402,35,13,325,125,26,215318,33,35,13,411,455,163,60,60,60
518692,61,2705,5402,35,13,325,125,26,215318,33,35,13,411,455,163,60,60,60
518692,61,2705,5402,35,13,325,125,26,215318,33,35,13,411,455,163,60,60,60
518692,61,2705,5402,35,13,325,125,26,215318,33,35,13,411,455,163,60,60,60
518692,61,2705,5402,35,13,325,125,26,215318,33,35,13,411,125,163,60,60,60
518692,61,2705,5402,35,13,325,125,26,215318,33,35,13,411,455,163,60,60,60
518692,61,2705,5402,35,13,325,125,26,215318,33,35,13,411,455,163,60,60,60
10,64,1220,13483,32,1696,39,24232,79,870,16,115,121,53
32,53,13,590,39,496,13483,1443,14
128,33,56,13,1971,272,13483,10,64,807,4,55,870,16,115,121,33
232,4389,86,1582,26,2361,39,13483,4,13483,215,248,245,29,2828,6097
610,134,9,9,6471,733,2238,16617,41347,16977,1221,55,547,9,9,9
175,32,11,520,9542,1221,1471,6967,26,254,6967
152,744,13,13683,2481,3150,124,1077,130,39,277,1670,2089,11,3831,11712,16,13,2812,1068,228,8769
1,86489,26,23286,83,3,614
367,1949,1145,624,110,12143,135,16,226,416,54628,26,433
80165,128,1057,16,2579,67331,133,4206,1,2621,183,11,11209,965,107,6135
86,11,1318,260,3469,16,1404,416,54628,26,374,1318,16,1240
416,54628,26,84,26,497,4532
6331,21806,13,185,10,63,1,42,42,42
518692,61,2705,5402,35,13,325,125,26,215318,33,35,13,411,455,163,60,60,60
518692,61,2705,5402,35,13,325,125,26,215318,33,35,13,411,455,163,60,60,60
518692,61,2705,5402,35,13,325,125,26,215318,33,35,13,411,455,163,60,60,60
518692,61,2705,5402,35,13,325,125,26,215318,33,35,13,411,455,163,60,60,60
518692,61,2705,5402,35,13,325,125,26,215318,33,35,13,411,455,163,60,60,60
518692,61,2705,5402,35,13,325,125,26,215318,33,35,13,411,455,163,60,60,60
518692,61,2705,5402,35,13,325,125,26,215318,33,35,13,411,455,163,60,60,60
518692,61,2705,5402,35,13,325,125,26,215318,33,35,13,411,455,163,60,60,60
518692,61,2705,5402,35,13,325,125,26,215318,33,35,13,411,455,163,60,60,60
48,7376,7629,22853,4,201934,41521,48,4,29,2790,39,35,18453
46047,24718,35,13,8514,42133,182393,70,19969,63,12939,8118,1,201
4,4,4,518692,61,2705,5402,35,13,325,125,26,215318,33,35,13,411,455,163,60,60,60
518692,61,2705,5402,35,13,325,125,26,215318,33,35,13,411,455,1,4,1,4,163,60,60,60
153302,26842
108409,56,579,37,13,19823,26,2742,39,10942
51,115,10,952,16,3211,827195,35,79,1288,25984,32,33,520,117,35,3211,14,14
1392,13,6111,4532,497
1392,13,6111,4532,497,26,487,6239,39,5025,14878
1392,13,6111,4532,497,26,487,6239,39,5025,14878
191,352,35,181,509,11,82172,3814,61,533,26,7938,33,355,1,330,2159,291,75,1,163,3
53,276,56,13,45426,13483,272,9,9,399,16,183,33,11,6111,68,9
1218,397,11,1205,39,25426,58,32600,26,397,11,2021,39,13483,9
23536,862247,278715,62957,534,151769,152444,13494,862247,41467,14142,188381,2594
904,2193,16,14
1,16909,26,9235
37,21,33,32,267,13,209,13483,1443,35,13,367,1
37,21,13,267,10,102,64,11,13483,1443,4893,4,4714,9
10,64,11,4791,5012,37,125303,4,59,289,115,86,32,53
93,1665,53,32173,224985,431755,79,121426,1036,44249,2337,14,14,1,22829,1550
6111,4532,658,85,487,5025,14878
92,107,93,764,107,93,56108,3791,124,6811,125,107,407,21882,26,520,1849,352,152,1353,10604,214,1
123869,1417,127,32,19135,17,20,32,1733,933,79,1413,1745,12,90362,12,407134,938104
79857,942,37,51,2621,504,1064,39,7371,128,76,32218,46,13,2193,78,902,13,4601,13039,34566,85,9,9
10,68,70500,1,10,68,13,723535,6985,109,183,124,109,111,152,1,16240,15089,4,13,22883,39,3434
1416,32,37,11608,1045,1,540,1045,111,1652,1,3978,19295
58,739,11,185164,418338,46,4137,35,11,110920,48,7791,48
739,11,185164,418338,46,4137,35,11,110920,48,7791,48
3811,6566,39,641,518,74509,1995,66,4,24196,219,2641,39,11133,74509,16262,36535,152,1415,35,66,489181
1255,352744,352744,52030,285786,142914,26981,237196,13,9042,16,2540,13
109,2639,226,28,13,2954,35,2908,32,117,1,21,32,211,16,284,13,12721,1,265,13,181,56,583,110,1,12,2998,12,1
372371,17,20,32,13,209,703,27111,3337,215,13168,28,78,873,45,43951,11,12,785055,12,153,12,132571,12
109,228938,75,29,53,93,798,16,442304,13,12721,1,269,1560,9,10,93,46,199,15552,26,13,1
14,14,130,576,21,329,48,5969,3116,35,181,48,654,10,348,239,115,13,30952,48,8410,48,16,29,25766,1
10,425,11,1949,39,2007,29445,37,51,175,32,30,5402,4,4,4,79,1642,4,4,4,13,15778,32,903,214,37,51,9
10,425,11,1949,39,2007,29445,37,51,175,32,30,5402,4,4,4,79,1642,4,4,4,13,15778,32,903,214,37,51,9
80,284,3986,39,9867,124,172,30094,39,277,3986,1,55,86,2953,1471,1542,83,9867,1,26,6058,4,6769,14
9069,32,13,797,46,13,9099,39,181,4,4,33,15185,16709,2929,33,987,3843,83,523,33,4171,14203,48194
9069,32,13,797,46,13,9099,39,181,4,4,33,15185,16709,2929,33,987,3843,83,523,33,4171,14203,48194
9069,32,13,797,46,13,9099,39,181,4,4,33,15185,16709,2929,33,987,3843,83,523,33,4171,14203,48194
13865,21054,26,9351,36,48,13073,41813,1,2308,656,16,624,11,3649,724,1,17,284671
8965,238,58,53,13683,2481
148168,1179,369,11048,1179,173,3805,1431,1036,4953,437,1179,429270,1433,9
11,2259,1206,2091,128583,28,34503,34331,35,177548
2,312,21325,43,78,115,16,12462,11,1271,4451,9,9
6705,17,13464,4,22764,4,27111,20,124,6578
12,2,3,179265,39012,590,18300,133,14122,8525,4,66426,119,16,23022,1,12
4051,215,21852,45,5402,35673,35,1447,4,4,55,2594,2768,198,187,1151,35,13,1444,4,4,8570,10,530,1103,11,903,941626,63,51,9,9,9
4051,215,21852,45,5402,35673,35,1447,4,4,55,2594,2768,198,187,1151,35,13,1444,4,4,8570,10,530,1103,11,903,941626,63,51,9,9,9
1255,352744,352744,52030,285786,142914,26981,237196,13,9042,16,2540,13
558,127,226,80,22795,3981,16,228,1,7784,1534,934,393,1032,32,30,32,295,285,288,660180,135
7727,16829,33,85,1261,68,15,9170
180,681459,4,4,837120,4009,938,258,9,9,284,22853
325,509,13,95504,1534,7918,1
8289,32,295,285,5402,63667,2248
10,264,119387,16,1482,45,10,260,13860,3010,85785,148,26,33,93,214,11,414,1185,9
11,3532,2086,125,78451,685,3619
288,356,13206,9157,46843,4,53,356,78,425,53276,16,8732,133,21111,4,4493,10184,11060
10,1127,35,63,11,16102,1578
5259,63,16102
29,2860,32,1576,15854,1305,406,21
78,3323,2621,33,93,11,1861,1206,30,19823,2041
7134,226,8525,22467,30
67468,657727,226,13683,2481,37,28
2197,35,3333,1851,10863
337,330,28,110,15,128,64,214,35,1826,1,107,26,196,64,248,11,16071,16617
1125393,2937,72,42448,16,16,163,504,491,11909,36,733,103000,36,51,73,274280,55,3497,36,199,2321,388770
32,63,656,9351,1861,36,133795,9,9,361,53,682,1999,1305
547,1,16709,3663,75,5012,39,277,533,4,66,1229,1
29,325,272,21107,2669,58,66,3214,84547
164,14,14,1570,12721,37,144466,328
32,319046,55,64068,11,11064,16,56,128421,124,105527,14,164,78,558,25092,1045,127,73,11454,2288,37,77492,252133,14
449,2828,63349,12,12580,1578,12
329,70,13,295,455,14,6058,5508,4,319046,12463,13206,610
1084182,259103,866,307942,22853,9,9,9,9,9
54079,49394,1045,11864,16,17293,19252,14,93,45,78,3041,3362,153,33,32,19142,58,83777,14
35011,39,60216,116474,4,409,16828,74,15,64,3981
124,13,449,241787,260,407,2,19252,260,38364,10913,47034,28,153,363,16,45,7144
83408,4,6315,4,20007,4,437247,9154,49,5318,59212,44369,65,259103,61328,100021,1036,259103,22853,9,9,9
16709,532,9
520,6688,16709,45,53810,16,291,1
55,93127,807,35,39503,58,16,56,36342,973,16,183,75,6336,424,133,12977,38,437514
186,5990,35345,28,26116,3075,9099,215,248,201559,798,1,215,8476,39
186,5990,35345,28,26116,3075,9099,215,248,201559,798,1,215,8476,39
145,285,86489,1428,51,26,110201,377,568,74176,39,3169,4106,829,174763,292,51,1012,68,51,75,11,670
63,14,14,10604,200,9,9,9
186,28544,1531,6058,4575,45,48,137,77961,35,61,8192
30742,38
288,17,27499,20,17,20,39,13,1009,9193,68
194833,176550,489,13,2819,1,171,4939,133,3981,1,171,16,1215,1
4939,39,13,254,1,171,4939,133,3981,1
3842,988,58,2183
107910,52729,11,16617,39,9346,26,9645,1809,35,249,282,46,2
5281,9099,26,3075,83932,152,359565,964449
11,3983,765,14,121601,6058,64068,6058,157382,328069
14577,16,64,6534,3100,8525,17,518176,457604,60104,58875,3959,3100,17,113246,20,20
31854,699,4,1,1012,13,175585,700,296,1,109,232,171,4939,133,3981,1
1664,314849,7482,22853,872,7482,810855,54531,35
23492,111,18481,285,22853
23492,111,18481,285,7220,39,819648,35,623,10403,2002
7584,9779,520,177,124,350,30,109660,352711,4,172597,2331,58,2193,16712
164,838791,30167,276,1215,13,6058,5508
11,4392,11552,152,1,231,3981,1,39,13,367,1949,1,1
699,393,14551,11,11552,1,1,109,232,171,4939,133,3981,1
1,26,700,78198,148,1,109,232,171,4939,133,3981,1
699,37,11,296,425,1,1,55,109,232,171,4939,133,3981,1
16,7617,85,53,353,66,51147,276,497,124,950,124,13,14930,22494,28980,516,6503
91096,291,3269,68694,4,84651,2183,6016,26,8468,32119,9,16,3034,4,9
17,1714,20,256795,1,45678,1
719202,534,4966,4755,56439,8975,46237,27575,151,57534
1121,871,3289,14,200,284,521,9,55,4026,121,15,75,13,135,9,264611,362,9
1010,37,110,3289,9,128,274,15,328,9,451,14,1028,240,284,521,9,643482,9,398,2350,9,68,380172,9,1,4325,333,139,9
6101,22853,499,27805,1433
37,6714,1,575,9764,78480,355,26,1227,46,13,10929,156,1,4814,78451
53,22853,3389,35,181,9,1729,313,4,13,209,22853,272,4,93,325,1858,26,1941,35,215289,152,13
7846,5023,411,435,182,14,14,14,10,128,56,66,29,335,35,7846,5023,46,156,9,420,16,1763,51,35,5176,3196
2306,73,2258,33155
5967,17660
10,2093,12,2,1336,85,1493,53,3187,35,93011,4726,45103,28,641,7277,47885,6058,28,641,7277,12
10,29733,45,10762,17294,93,29,543,6873,1,10,4875,282,133,11,5336,66,96,1069,1,10,64,5025,1588,1
4558,7431,32,295,285,6178,1493,3337,133,92,10,68,13,11982,39,13993
79,395,70,20566,168,4,1916,4,196,516,2579
55,152,168,9541,6058,32,106669,26,3532,32,71371,1
341,12382,152,1493,1,35,11,6058,1531,6807,1
716,43980,39,6249,173234,13,812,802,26,11,414,1205,39,263356,2321,9,2209,11,398,9667,16,61,2714,10857
117,16,115,45,246,9,564,29,2130,16,7067,66218,46,168,490,9,2445,4475,1495
3870,228,58,11,1205,39,10892,18513
135,16,872,191,12455,9,610,9,397,16,115,565,335,425,56321,9,8952,9
10,59,3442,507,45,10855,10855,10855,974,504,6026,73,55,36357,16,163
18744,175,377,7140,10855,3508,156,969,4,3906,2911,38,1558,59,1086,1698,453,11756,4,7908,548009,64,248
222978,30774,4,4357,15,13,10199,3077,1,5568,36500,110585,2128,33,93,26,15,425,21,20500,13,2007,1,334,15,1
58,2500,183,11,477,20117,35,6249,123482,9,7067,33,26,33,128,515,16,87,7462,39,322081,9
411,32,86,14,3075,35,407019,14
107,276,56,4745,1534,13,7918,1
284,16709,133,3256,4200,83,5127,15,128,56,177,698,1
325,3604,26,23022,1980,11,24975,4,110,2988,1972,26,2298,4653,16,1098144,1,375,1741,11057,43,2799,11,4451,1
272,765,13,6058,5508,4,30671,32,700,295,1
53078,9867,34888,32,96,410,28,79,16,183,20090,39,6058,153,6058,6376,7188,32,4644,1
11417,663,16967,32,11,2712,663,4694
11417,663,16967,32,11,2712,663,4694
11417,663,16967,32,11,2712,663,4694
121426,5318,333,9,9,5695,95485,121426,215012,129664,45977,9,9,3044,1010,13,271,4,4,245591,8383,17197,9,9
3333,4028
70,24520,1,350,4040,70,55,4791,1,68,228,1,1215,228,1,987,11,6522,16,350,918,1
13,367942,104049,13635,1,53,4,1680,1871,13635,32,445984,4,58,81037,4694,26,11
186,3337,276,183,191,4044,35,13,411,13,94301,16,416,228,2579,37,13,1249,624
105501,4,159075,4,83701,4,300937,4,78550,4,107234,4,744035,4,235588,4,484488,4,307268,4,307268,917,94301,2579
24303,1619,313,13,1924,36,3736,10913,576,504,13834,36,7017,15,231,13,4770,51,516,17780,12,6566,12,36,868,576,16,470,504,393414
15854,9,9,9,74,2436,163,33,800,9,9,11,17531,37,15,1305,265,21,115,33,14,14,14,942,9,9
296,78,6600,586,11480,7914
319,6515,79,109,377,397,3080,4608,1,10,186,109,94068,26,1313,191,7140,10855,28269,156,969,1
319,2093,1,11,10913,102,78,11425,221,79227,16,5501,9
3289,9,9,59,163,33,800,9,9,11,17531,37,15,1305,265,21,115,33,14,14,942
12721,59355,17924,232,175
26038,700,49619,3116,39,1323,4,463,3981,4,30,14436,92,80,2379,11,614,87,607,153
10,102,959,660180,4652,291,16,497,20090,700,463,3981,16,49619,32,59,78,12487
232,175,70,12721,4,1558,4,232,27440,4,79,214,59
10,225,11,30852,4,750,722,6058,4,79,164,42163,110,92,9867,34888,32,13206,35,469,5596,4,6898,5718,11793,677,83,151
8001,49016,4694,35,83777,1908,39,243398,8536
7482,50,173,2695,12721,14352,5318,7482,305,10,1215,23022,145,109,70,277,11395,86,226,14,14
433,53,286,4,11,2644,489,36720,152,280057,46,9193
345840,57467,2911,2,15615,34572,127,894,63600,66497,35,9351,764200
520,473,4009,259103,389469,352091,22853,10,225,520,5739,6124,45828,41266,332,209,11743,47261,173
855,16,872,191,17452,35,4163,33,13144
855,16,872,191,17452,35,4163,33,13144
29,428,3289,9,9,68,15,9
86,122,7938,246,658,85,14
63644,1865,35,46015,1,521,16,58303,14
7209,534,8619,68190,154888,685,2518,520,4564,37,72280,16,13902,11,1480,13709,110
9908,7938,2,15,70,11,1317
7628,10,651,1321,11,5508,46,312756,4,4,4,4,4,13258,4,5967,26,60901,17,32878,20
451,124,33,2923,99,18359,26,358928,190,13790,6058,4,109,957,16,7039,4,965,128,3475,16,56,4362
195,15,115,61,984774,32,18481,285,11,7220,39,462781,66,13,1422,36722,9,1261,277,122,7292
31923,6101,1179,288116,6101,588,288116,506464,21,17667,13101,6101,18884,69,41521,13101,5402,14
1882,3760,5849,17,489,624,20,26,6331,28269,46,17,31972,39,280853,254,14097,16,2151,20,11849,55754,254,299
13,8508,15915,39,13,15713,858,20048,6097,9
33,32,295,16,5508,7188,46843,39,25719,16,23022,381,125,4,453,5508,46,9867,7050,1
193,330,4,6058,32,13206,35,13693,156,14,86,225,10,211,16,43,14
6058,8531,16483
93,14055,11,2417,26,107,4745,13,3445,2579,1733,13,2417
1005,13,3445,2579,26,107,93,844,39,744,11,10626,99,39,33
107,3870,13,3445,2579,26,205444,11,18247,55,45,13,15713,143
35,33339,3879,66,17,38,189613,66,94087,6331,79,78,3625,38,38,58,32719,6595
319,1,1012,6058,26,16928,17,23706,20,311,13206,829,32,41601,1,79,13,36176,35,32
532,26433,13410,1,10,225,59,5170,13,26433,16709,1
319,225,117,1034,50754,211,46,526,1348,235,4953,733
86593,26,249,258,1302,22387,11,7457,2579,9
86593,93,1989,22387,249,7457,2579,1,92,11,258,67798,282,26,1728,37,11,7457,2579,1
232,107,93,2857,66,282,37,2269,37,11,7457,2579
86593,4164,45,7457,2579,93,145,1849,1
79,13,1144,45,147,1728,37,11,7457,2579,425,4575,2309,9
26,21310,22387,249,7457,2579,1
15530,32,53,6058,5508,14,74,10,87,489,11,18453,1502,4,126,128,10,317,14,14,14
13,240,4745,13,3445,2579,35,249,728364,26,226,2998
952,16,5305,13,5392,46,249,395,531,2672,16,3445,2579
107,20903,13,15713,35,11,4188,26,1644,13,3445,2579
107,42559,13,15713,26,1005,11,3870,99,4,107,11,5311,26,4745,13,3445,2579,1733
854,1,15,64,69040,55265,1,193,319,26,11,424,26713,39,12172,58,45,1
66,335,10,7513,85,1531,6058,4,33,93,46,29,71912,381,1206,1,110,7582,21,126,32,29,8192,496,1307,117,285,45,39,1651,1
3502,83,36500,1961,16,75,19077,27376,1092009
654,7440,93,1989,494157,11,1367,4,86593,4164,107,260,16,687,13,7683,39,7457,2579,1
1750,61,2828,15854,26,9764,14,243,1482,13,920,58,291,1
7440,389,5545,16,470,7457,2579,9
79,86593,270097,13,7457,2579,540,296,1
53078,6058,35,93011,32,33420,664,1,325,4,3597,32,2615,879,4,1296,6058,93,245,11,802,39,13,3597,39,1068189,72789
19339,4451,32,4342,14
290826,17,331,39,7231,1251,11556,47466,20,143356,198887,28538,85,221,2669
459,3829,497,35,66,4,26,35,3840,16,4451,11,122,23846,685,254,26,16,25113,13996,123,49286,175,9,14
86593,1356,30,96,297,470,13,1665,7457,2579,1
24765,93,393,3445,2579,16,1793,145,1614
3445,2579,93,7817,152,10952,16,5137,11,13410,58,168,393,249,346069,1199,2530
13,6069,6142,39,3445,2579,215,16929
27806,93,870,16,43,11,688,58,3445,2579
13,3445,2579,855,16,122250,26,1728,282,48,422,48
13,688,726381,46,7457,2579,1671,11,48132
13,258,93,4920,1,79,147,1304,13,1144,45,107,93,22387,11,7457,2579,1
13,258,93,10749,1,147,8497,249,14804,1,26,829,109,7929,16904,39,7457,2579,1
55,3208,109,6095,350,181,829,393,45,125,1,5170,7457,2579,66,1174,749,39,181,1
109,13206,6058,14,193,182,14,203,228,265,21,379,1
599427,16168,6058,6122,8732,26733,411
80,128,5189,11,9099,16,11,409,63,23706,16928,26,240,359017,5751,16,1318,1045,9,9,9,739,50616
580798,295,16,1132,26,722,168,1659,39,191,60121,965,27929,168,124,296,124,191,1180,1480,5281,14
26,10,72,894,133,78451,11,98896,26,115,722,6058,16,59,409,3295,6811
33,32,9991,4,26,3322,11277,34888,13206,4,214,9867,13,6058,130,722,32,133,11277
554,83963,894,24554,4,59,12894,13206,35,6178,14
33,32,13206,35,469,5596,156,4,6898,35,5718,48317,677,83,722,6058,4,614,56,76330,133,469,5596
64068,3532,238416,2211,10982,17,223157,35,78451,4,2122,73438,20
78,172,60828,6058,24032,4,214,29,1296,135,79,6058,8531,11494,4830
1778,384,21,9867,34888,32,13206,35,5596,35,277,1670,126,43,130,722,6058,175,14,32,33,76330,14
93011,21,6058,13101,484594,9850,802589,13101,505213,6058,335777,12671,12894,69,87683,75,221,3320,7050,87683,1
18744,6379,26,656,276,56,4745,3519,267,10,225,11,30852,10,1671,355,74,10,722,6058
11412,12554,4,28726,1077,39,6058,80579,64,18919,16,25748,1,276,616105,32878,7292,1
175,93,11,367,3881,9738,37,13,1665,3445,2579
8193,8193,2727,172853,5967,72895,3688,1,3924,33370,817,790722,8193,9
24207,8821,6058,8551,4,177055,1433,5712,258509,1,53,274,523,124,202,1999,124,13,5508,46,6058,1,3222
6379,32,296,3791,16,13,886,367,1,107,32,11,208,11864,108008,1
30,145,6058,35,93011,159,1249,8619,615,2,6744
4671,45,70,1353,12965,26,31923,11,61780,3946,53,32,13,312,946,1068,758,5270,5402
127,215,27706,16,320,58,5402,102,320,4,554,52618,39,45,83,554,7751,127,215,4670,4,142744,228
15517,73,95762,1379,15,1145,7057,21,16,424,12172,148,15,350723,1
558,828590,1493,6058,5508,115,520,414,121,13,312,191,33,14770,130,63,26,55324,49102
238,681,121,38178,83,85,8746,11,7078,58,350,6467,40726,1,10,115,381,1221,39,2819,957,1493,282,152,533,1
10,55,68,13,4791,349478,138983,39,13,1444,1,55,48295,1,10,225,1969,53,565,19248,1,33,32,55,14218,1
25291,1546,32,172,48774,4953,107,10131,5098,20623,14,127,32,107,16,564,6762,39,156431,39,83777,14,265,1606,16,317618,83,81658
12,6566,881,42,42,42,1240,9,9,9,12,13,77499,876,16,5508,45,3705,79,240,389,1087045,34677,5508,13,153,13,4186,153,13,6058,153,13
77354,524807,2609,6058,21758,15708,35,1075374,116292,1863,70,55,16077,1
1664,1154,8253,5318,39480,26978,788184,173
2631,21846,4,269,16,13,6307
7290,2594,348,5508,2183,645,80,16,722,47779,151769,4,47779,424185,328069
13,597,1302,1416,389,4,75,369,952,16,43,93,17440,249,9707
406,922154,269,333,14875,9
13,130,368637,1,844,11,122,2367,8653,46,5802,1,109,12621,282,11,3445,2579,124,13830,1
597,51814,45,249,1542,128,11931,249,2073,4,45,5547,75,249,3445,2579,1
13,920,29531,2579,2844,39,13,344
11,2130,2442,168,51370,4340,26,3818,282,12,654,15,70,99,4,872,191,3986,12,1,107,190,9490,335,1
764,260,47779,1829,23115,60113,1826,1,329,70,75,35,215289,107,102,64,6424,6051,4615,1826,14
496,933,7050,13860,4,21428,4,3850,75,530,8162,61,71440,2197,4,965,32,8633,954142,12688,4,79,1311,4,29,3885
1580,10184,299786,9867,57231,33,16,140867,32,11608,15,4,46325,39,6058,32,78,13206,4
186,46325,39,6058,32,39,25719,32,13206
11,3586,9623,6652,83,5967,6016,37,1829,148,1,68,17685,13,532,4013
3289,9,338,82,9,1261,13,125,9,64,11,5340,148,9,68,15,7678,9,416,3824,9
337,51,5369,191,73,744,53,11,106669,4649,6098,191,15773,377,11454,1,10,478,6163,11,6566,32,145,1507
111,16,673,32,607,726,7050,348,226,355,2186,86,51,396,70,722,305
22853,133481,23860,4955,436355,51466,13756,333,462676,4009,261786,5864,23860,17,578,20
164,14,14,14,564,6058,5644,4,6058,8531,66,33570,9,9,9
117,26433,5023,58,4,4791,6688,2054,1
164,14,14,14,564,6058,5644,4,6058,8531,66,33570,9,9,9
10,124,172,12965,15433,16133,16,75,12965,9087,16,56,1972,37,277,1670,26,4263,61,4694,35,75,254,1670,11491
9157,2858,8290,79,73438,4493,1068,30,521,39,5441,21111,12476,1,10923,4558
1925,55,6111,59,393,13,1,26,13,8443,1
31404,31404
824,6111,28,2998,814,9
21,21,824,6111,62,100,62
10,1728,11,75475,4,12,102,15,10928,631,37,355,3291,3260,14,12,12,538,1,12,8601,91520,4,12,553,1531,191,99,39,1081,21939,1,12
654,206891,17,39,20,32,1477,72158,28,7736,13,18484,39,431705,16659,164141,35
61,68,523,21,13444,35,29
30852,26,28369,15773,377,894,11454
127,13,203,290,186,107,32,14,14,2626,3981,3783,26,215,30,16776,39,21664,119,9,9
12,2,11,53494,5967,12
1894,16,61,1480,656,1,33,5466,78790,2705,5402,83,60208,71440,9366
175,32,55,202,6985,5508,46,191,96,384,21,74,7050,26,12894,70,2821,35,306871,14,10
700,49619,3116,39,1323,4,47016,523,1999,1493,11,9387,1258,35,11,3831,549,45,1218,463,3981,4,463,3981
325,3532,17294,922,83,240,2607,26291,2074,6689,122,628,17,72,20
5517,9368,12555,14,14,14,14,9,9,9,153,2728,9,108791,15854,4,103057
520,4392,26433,5023,58,11,520,4791,37474,1
414,195,107,115,4,45,249,531,93,35,1144,13,417,127,6682,249,2271,39,7457,2579,9
107,240,11095,45,249,531,93,13,96,127,12621,16,416,249,2271,39,7457,2579,2184,9
55,128,86593,470,249,531,26,87,119,249,2271,39,7457,2579,14
55,110,86593,260,13,12513,39,3765,249,1665,531,26,111221,13,2271,39,7457,2579,9
6058,13206,35,93011,9,9,9,26,240,2709,18427,10314,107,26,249,628,26,13,10665,1,32,682,106669,9,9,9,4111,13,1670,489,11,1697,1
86593,8954,231,46,11,6142,16,470,13,1665,7457,2579,9
55,107,10545,16,470,13,7457,2579,75,46,249,720,9
15,64,11,341,3211,2621,4494
6475,1215,5508,122234,46,6058,152,12003,10665,1,1086,155132,5596,53,3187,4,2178,75,5596,16,237796,8964,11701,53078,6058,1
61605,521,83,13381,32,520,1849,802,39,277,8192,83,9604,1,75,5596,614,27929,2413,5508,46,6058,1
632,2367,35,42820,102,190,3211,63,6652,1
117,235,3289,177,24057
288,79,78,13,1908,10,68,51,2462,145,285,29,181,15,115,15,70,29,330,10777,1880,17306,22853,4955,15517,44192
2114,11,6111,63349,214,16,624,33,58,11,12682,9299,14,824,13,8217,674,15,87,92,15,433,543,39,4540
177,15517,15854,297040,24057,123247,94831,17306,1036,49,164949,14,14,14,174585,123247,44192
177,15517,151,1630,15517,164949,14,240,5318,614,866,1482,33142,218,49,2026,406,22853,678858
12,201239,1817,56,425,663,2010,13,6249,12,17,73015,20
164,10,4405,29,884,4953,3986,201
11,2579,1638,37,524987
117,26433,5023,4,6688,16709,1
5708,13,39327,127975,8485,6336,58,620,41813,26,13,1258,14875,93,53,903,26,16909
5108,4,128,15,1399,1086,39,13,182632,35,411,568,13039,14,153,128,15,416,13,450,2490,16617,14
858,33,25273,3337,156,1,744,11,3664,37,2579,831650,1
1086,3991,232,183,11,18468,215289,3491,21054,70036,7791,28,45,156,58,2579
563,554,358928,377,4160,59819,4,260,11,6111,1573,66
9157,7292,2122,73438,5983,46,28177,22591
15,30970,13902,45,96,334,13,48252,39,45,524,12,28553,28553,12,39,3986,36,3289
92,369571,22324,3283,1029,28073,369571,219,3843,933,8532,18513,17
22853,35,11,19685,1949,46,1690,2018,4,78451,1,78,355,37,1
12,722,214,2579,83,111111,9764,35,11,2397,651,4,55,33,102,2151,61,1083,4,651,4,83,2308,1,12,771539,39,243049,1
644,420,18971,602,11,655692,10349,7617,85,628
5362,76,816,644,55,14399,28538,85,9,9,37960,32,11,122,125,122,70,70405,10,6746,18971,42738,57222,1574,231
31854,699,4,1,55,109,232,171,4939,133,3981,1,26,171,16,497,296,110,1
61198,2050,1433,4,2986,3502,1433,16977,1394,229,1433,9
699,4,4363,13711,1,1,109,232,171,4939,16,487,133,3981,1
10,63,1012,40375,83,81844,4,79,6405,1272,63,228,12642,2579,83,55,109,73,12642,2288,1,53,14444,15225,361,1
3320,7050,32,2913,35,16033,3320,38,41045,83,32,305,2053,726,8338,92,25748,38,24232,762,13,10087
631,45,32,12642,152,238,645,26,12621,32,2875,9
177,15517,16,75,29,382,4,530,13,1423,39,7466,4263,13,11864,39,4507,4,68,83,2319,35,61,181,83,61,177,15517,1
29,1373,110,215,11,2579,122,273,1,137,3116,1
30,1210,26,824,86,10,93,1765,121,1,191,35,13,949,2954,1353,11,13694,4649,39,10714,5472,11,106669,7938
699,1,355,1753,152,282,66,53,2523,1,876,4939,16,487,133,3981
4939,133,3981,1,3272,1
5108,4,128,15,1399,1086,39,61,2660,35,13,411,568,13039,14,153,4,128,15,416,13,2490,16617,77246,14
68,14,14,14,1706,78,29,1949,39,2258,9,9,232,171,16,186,389,46,13,450,9,9,117,235,382
15,708,634,35,3651,629,284,231,29,104247,133,53,866,20
15517,58,33820,20117,4,11,532,33,32,58,19527,18513,153,19527,1447,153,33820,20117
31136,3532,7132,1
92,35,42654,46
29,1096,2873,12304,92,10,274,1,10,284,13,10604,1
1049,6327,15522,1,5546,4,1651,1,39172,4,944,1
10,64,190,807,739,11,2259,308858,1,3502,30,3981,78,33,11,367,1949,2041,153,631,645,9,9,3739,137697,9,9,9
2450,11,6424,688,4,35,24765,4,260,191,16077,19677,83,883,191,12,3010,12,46,11,8102
3604,43,64,13,32752,16,56,11,117,33942,1258,124,109,6353,148,4,2695,12721,32,172,565,2050
1,389033,22418,489,11,18303,39,20267,151769,66,172,151769,3099
110,53,1595,13,2193,2,6178,4,26,58780,4429,268741,19248,37,17877,35
59,96,1423,16,111,1,3289,67476,39,7175,19008,490,13,33615,10050,9
10,3434,74,496,39,29,3362,14707,93,4361,6722,13,113246,3100,6373,1,109,70,63,11,4371,39,133471,2183,1
32,78,110,172,628,133,79,33,215,16207,221,12721,75,254
80,64,8016,341,115769,765,13,135,293615,213278,855,16,677,83,151,28,11,160563,10665,1,35,677,83,151,110,1
175,70,214,11,1086,3991,795,35,13,367,329,109,7039,40168,1465,7026,17,78,328053
18272,15458,3030,26,8468,14801,211,16,624,120937,39,18484,37,656,1
8338,2,1741,26,191657,1075,124,4586,264729,523,623,2913,58051,12210,99,145
2026,4955,943881,1036,390028,662745,121426,84888,1059823,164881,4009,22853,131130,121426,86215,613038,134
41225,16219,194205,4,9678,747325,4,19298,2321,4,41042,4,1467,15619,26,18354
894,3532,17294,9,9,9782,1110,5524,166465,1013685,1110,154336,2176,4,73
9897,389,2269,1570,224985,28553,3044,44213,1110,259103,13410,22853,1,200,200,1
32,5427,16,26,105204,12
12721,4852,85,249,1,19102,127685,37,3604,35,11,367,1949,1
53,8338,32,117,37,75,8178,277,1670,32,11,6331,9604,1
177,338,66505,68117,1,338,5105,1078856,1451
12,13662,12,5372,37,3289,9,9
143,11,12,34331,5105,12,46,249,338
396,626,16,1894,2609,351,37,13,48,112487,48
1425,12242,32,16,875,172,48795,168634,39,8401,4,133,13,14510,4,11,13709,1447,276,56,145
12,2,6647,37729,2552,152,4816,35,3878,53,13683,2481,60,1,71,12,342,278
26,43760,713,16928,277,6228,1
2183,10744,14377,4,1029,16,61417,1076,1036,40864,67007,59868,3506,1
532,5023,58,11,157142,7938,4,232,10,530,78,56,91541,16,45,39643,4,329,10,938,11,4017,16
53,32,182,30918,5023,4,58,414,6688,16709,156
13,23250,64,39305,85,37,22872,4,3755,37,32,13,135,37,13,4,400991,4,291003,16,284,7457,2523
13,19823,2931,39,13,1009,2040,4,2298,4,5537,4,3466,4,934,4,5205,4,2014,4,11490,658,85,35,11,79472
296,4,8016,19369,10164,58,13,450,3672,124,169262,66,3337,1
35,31854,917,44448,1,6178,64,1980,99,8197,3981,35,13,180560,1,9985,152,496,302,36484,35,33942,2162
26,2621,66,5990,685,543,4,125997,37,2258,922,9
12,2,1848,28,1848,831,70,61190,16,31803,85,11,3612,99,39,7042,59,37,8854,1,12
3878,32,22601,85,63,11,10913,9,708,63,33,128,56,13,1971,3878,39,13,1423,9
12,2,46,153,10913,26,33027,153,7404,13513,39,181,29,4308,35,4696,3341,148,2,12
28352,6768
193,38518,28672,9,221,245,11,26842,16,75759,66,15,9
10,93,245,830,39,1514,249,123548,124,2683,4,79,126,102,107,1671,81281,14,129,110
5818,66,9351,5490,5714,1
12,2275,5311,22853,12,75,130,9,9
164,43,10,3211,8051,67735,35,61,681,1226,14
87254,2787,355,396,26,24487,396543,3981,9
15,183,13,2055,27315,1436,63,11,3491,14875
343,9,53,1595,13,2193,26,13,69265
1,48,137,274,46,213278,166612,32,78,214,35,355,3211,79,2074,1477,13,285600,39,234242,86,11,355,5830,107,32,1
39857,29012,109616,109616,1614,123247,28553,643233,398,3416,49,22853,7415,131153,6433,1470
61198,69
176550,215,1980,10042,3981,285,119674
462,12,4791,421003,12,74,15,128,79,13,64,214,46,13693,26,70,30,382,39,3337,1
194833,176550,4,107,425,78,99,35,3981,58,83,3964,6098,39,282,2181,87,33,16,2413,39
75,29,181,10,7434,1531,3532,4,240,10,39845,13,3211,37,33,26,110,389,10,225,78,4429,16,722,33,1002,1,181,32,55,121,7404
10,626,13,590,39,53,14875,4,79,33,260,428,26,33,93,6432,9
589,11296,4,221,9318,3986,903,133,73438,1,59,51,1,10,420,51,128,63,33
3183,7026
902,5508,9,19252,10665,1,20610,100456,9867,7050,112366,1323,1
48046,43294,5708,1
319,10,68,16,2628,26,240,722,7617
10,317,663,11,7617
1049,64,2742,39,7617
374,21,191,5210,9,374,21,191,28538,9,1
374,21,191,5210,9,374,21,191,28538,9,1
374,21,191,5210,9,374,21,191,28538,9
374,21,191,5210,9,374,21,191,28538,9
374,21,11,7617,9
9,1049,1208,37,11,7617,9
126,196,10,384,51,396,45,10,68,13,28538,55,202,9
55,870,37,64810,7617
10,225,75,33,16,553,64810,7617
70,15,75,579,37,64810,7617
64810,7617,1049,7617,16,56,9
221,23654,9,64810,7617
221,6111,64810,7617
902,16,64,64810,7617
733,64810,7617,152
317,663,64810,7617
2628,628,66,64810,7617
28538,628,66,64810,7617
420,15,16075,21,124,96,39,61,6931,64810,7617
9,2628,4446,7617,628,66,64810,7617
269,11,670,396,9,64810,7617
53,276,21,425,277,2583,656,64810,7617
221,23654,221,64810,7617
20622,5013,6471,12965,64810,7617,14
6101,15819,545267,64810,7617
337,15,111896,20622,64810,7617
64810,7617,14
904,16,15819,35,29,421558,64810,7617
1049,722,191,64810,7617
20622,5013,6471,287189,22476,64810,7617,553,15463,14
2456,35,68,58,53,7617
53,32,55,5488,4,29,9,9,9
1049,183,11,7617,8979,26,265,13,367,115
10,225,579,16,758,29,258,37,53,7617,9
147,1280,28538,63,147,32,672,37,151769
147,1280,9678,797
29,531,68,9678,797
80,1012,70,6054,55,80,68,28538,9
1049,2628,16,183,28538
15,289,64,191,28538,58,21,14
10,68,797,4263,254,28538
1049,7617,16,183,277,382,4405,350,10997,9
83,8436,27584,788212,4,8192,6331,58,2238,229,9,16,75,1
1,29,569,4754,21,16,183,2007,58,9351,26,183,582,10839,66,335
83,8436,27584,788212,4,214,908,38007,8192,6331,7576,22186,2238,9
1010,1010,7654,39,272,6099,9542,9,231,16,39102,53,116863,9
1969,33,9,64810,7617
10,29785,6058,276,76,13206,3574,65719,3337
32,13,31510,39,13,892,7451,219,2091
11,7617,396,4,406,15,11,177,15517,9
177,15517,16,315,9,9,9,1261,53,125,58,2742,39,2238,4,15854,83,2319,17,100,20,17,42,62,62,42,20,9,9,9
82,2413,10855,1,5924,282,395,276,78,239,2022,99,39,13,2413,3516
16709,39,11,532,68,5023,35,11,14375,1
19261,13,1012,35,36,79,132766,13,3981,16,43,33,3295
86,32,55,117,26,122,489,53,37,965,109,1786,3187,26,78,22670,4953,17375,83,7638,133,3337
164,10,63,15,1660,1575,202,4,15,56277,13899,58,21,406,145,39,13,1953,46,29,981,377,19379,15
215,425,949,3909,37,12219,11,2478,39,2193,110,9
8016,26,93667,3700,1477,210,210,703,8385,4
109,3721,16,47588,564,529388,37,13,7457,2579,1
109,952,350,7457,2579,119,152,7051,153,80773,1
47516,4,529388,1527,85,13,7457,2579,26,1127,16,11,17024,35320,58,228,1,86593,143,86,107,952,9
340,340,61,3981,70,48,187,80,128,2540,175
4624,7466,4,1447,25993,4,16077,9764,26,532,382,70,13,32752,39,634,15517,1,177,83,2184,15517,16,75,1
1302,207549,12235,1514,13,59969,44686,35,13
35,15517,9132,32,16,1574,17,2238,18513,66,13,2747,39,227445,80075,1,265,45,39284,2238,83,13,5139,23893,3832,7466,277,651
198401,280941,223040,2183,4,10744,4
220,9,80,64,13,450,3211,35,1
13860
66,13,624,39,13,125,28538,85,26,13,122,96,6194,5362,1642,348,56,816
10,129,16,13688,3651,8532,46,124,147,32,272,37585,26,3824
11,532,125,16,722,28538,64810,7617
22423,26,2490,64810,7617
15517,332,2400,64810,7617
64810,7617,15517,1433,9
80,68,27098,55,80,111,722,28538,64810,7617
128,409,51,396,29,13361,9,59,183,21,327018,64810,7617
1049,7617,64810,7617
7617,33,347,7617,33,9,64810,7617
1135,66,2725,46,13,125,39,15517,64810,7617
11,532,125,16,7617,9,64810,7617
1969,29,28538,125,64810,7617
26,1049,111,26,7617,64810,7617
319,221,397,295,664679,26,284804,64810,7617
160323,207034,32267,64810,7617
319,10,225,32924,579,20622,5013,64810,7617
388492,814,134,1049,1286,9,80,226,1049,7617,64810,7617
2628,332,769838,7617,288116,64810,7617
82156,1034421,1049,64810,7617
734815,6101,7617,278979,64810,7617
1049,7617,396,9,64810,7617
40656,277,1966,55,30402,64810,7617
21,156,64810,7617
80,102,2628,26,240,28538,64810,7617
5173,183,291,35,19926,4412,64810,7617
26,6111,35,1966,64810,7617
21,156,12748,22520,64810,7617
64810,7617,534
29,4255,258,267,147,32,58,21,35,75,29,5607,36,9542,746
532,64810,28538
13,4507,39,13,34195,39,335,79,13,90024,463,399,35,13,61938,3100,9,13028
5987,12,22873,70,12682,1,12
357,1049,274,121,64810,28538,9
319,631,37,64810,28538,9
63,28538,13,1733,917114,33136
1049,2628,16,183,191,7617,9
10665,1,1992,2252,128,12476,11,398,12,4977,28,6249,12
24140,39,39,30,52890,4,2193,32,35,199,2031,39,628,26,96,1417,127
28,10665,15112,46705,38,497718,35,1425,38,7140,10855,5883,38,221,172,4649,45,24803,13981,38,53,32,2773,9545
153,57218,1210,2,10,68,16,433,13,1045,700,66,23754,13,3035,32,10,416,526,13,664,3981,1
164,64,15,78,22670,4953,17375,16,5990,20623,26,7638,133,3337,63,20667,1
269,11,670,134,278715,20524,21,24250,3986,323519
26,11,1086,177,6249,8525,1028,80,479,1
11,10913,190,4044,221,79227,965,32,16,5501,1
886,125,3463,58,7315,9,2400,21,16977,219633,499,9,337,15,55,202,3289,37,425,29,125,55,1216,9
4939,46,608,31911,58,5191,744,16284,64301,782,13,3053
16617,39,24441,133,16,26,84335,993,1882,12820,17,3116,39,624,72,11429,9827,85,66,299
589,4,13,1,14507,35,523,29385,1503,11,26842,1
4852,16,277,26842,11,520,685,39134,3111
215,623,10362,26,209,2858,4,33,128,78,11454,11,5311,35,61,6195
13,4088,26,5484,16617,523,23286,750,62370
45434,10875,39,8913,39,17,4451,66,83,20,4,13299,13301,37,6431,489,9,14
109,226,4,109,128,56,35,7791
2528,9,453,3057,127,4,10,952,96,4135,14924,8746
319,547,1,78,11,731,6985,32,311,425,26,1251,32,1698,549,1,30,10604,39,1,6896
9678
16909,2183,593503
2567,151398,35,2414,6652,7997
21428,19967,35,5281,2539,1
13865,68679
1215,807,66,26,16,58168,3081,37,4451,39,254,58,38420,38180,9
6331,94087,35,4615,1173959,88517,25665,123,497,66,38,38,123,5270,6595,489,26,993,489,9
12,2,10,129,18651,16,16928,400,88,12,21,156
13,3211,713,47516,3657,8921,9
20726,153,110985,6249,2211,14
903,1612,39,4349,85,58,15854,28,3379,87647,28
520,903,26433,1221,4,9837,35,6688,16709,1
61,15557,116964,70,245,904,37,459,16709,1
21,2597,35,128,264,2294,2579,1393,1127,29,807,84,26
56,1502,38,312707,38,32,1477,13777,19823,79,83777,32,6075
1394,2200,58,5253,3422,26,75,15,102,722,19447,33,93,305,33,93,341,26,106882,1613,13,3422,1,177,338,9
32,1882,9542,26,215,209,75,2029,10391
110,96,145,946,37,16,2276,16,28,15708
74,238,260,13,19810,16,183,739,34016,4,13,4493,276,409,191,3981,26,113038,282,9
74,11,417,215,13,65147,16,33190,6566,4,80,276,10089,509,282,1534,7918,1
1045,70,565,1,109,64,11,4791,533,965,2972,37,315,25107,1
4451,58
722,172,3651,453,1135,99,78,214,290,33,416,15,93334,4,4,79,33,894,54702,61,13999,133,397,2185
1,193,11,121531,111896,985,1,45,1385,63,14721,46,29,13078,1,1,11,63442,5298,58,11,356126,8899
32,175,11,4432,8298,14
130,186,156,685,39,3295,16,361,53,221,295,16,11669,45,417,10349,28080,9,9,9
2183,6432,9,9
79,4,86,196,15,64,15192,1,330674,18087,26,111,37,2579,28906,14
420,56,28301,11,2909,38,67673,37,357792,124,32,1068,16,9157,49706
13,1199,39,1415,26,1535,152,60873,110,46,2
19252,215,9449,13,179774,26,14009,254,46,11,71912,16,17359,35
2567,153,373972,28,1871,98543,46,13,12721,39,13,5321,26,226450,133,2965,46,13,795,1258,2,1
38,38,13073,17,46484,20,32,11,4500,133,5990,1,221,559,35,244678,1
64,11,674,53,866,699,17649,78,86,13,27111,407,153,195,79,126,147,708,1
11,6134,260,3843,5649,83,1,124,1728,168,16,7333,6331,35,2973,163282,1,33,6743,168,5137,1,269,9
81281,12136,26,198401,187834,58,5281,58,1042020,23725,10982,17,44192,20
15854,9,9,29,2860,32,658,530,10,87,11,903,406,133,15,14,14,14
1698,377,55,1307,37,11,86489,1428,634
145,285,86489,6458,565,3169,4106
110201,272431,829,70,1415,26,1535,86489,829,5959,228,829,104658
245,624,13,125,58,11,3080,621,123,30,1087,126,477,352,377,328,32,11,2579,5571,183,33,295
245,624,13,125,58,11,3080,621,123,30,1087,126,477,352,377,328,32,11,2579,5571,16,183,33,295
83786,2269,130,16,433,53,12463,965,32,5508,35,496,3904,1,83786,164,15,26624,4663,131,12603,4953,17375,16,433
83786,51401,16,409,12463,152,4663,4,965,93,78,13852,16,12603,4953,17375
22829,15540,567196,200577
16146,1361,202,375,455,9,626,2527,10,128,245,68,1361,128,3007,16,1361,5607,36,9542,9,128,1215,1361,41661,5436,9
1560,39,13,7765,9,9,9,78,739,11
6432,4654,16,4737
35,155132,19984,75,1426,35,1585,14,3525,13591,76,538,9713,6899,254,5270,25747,1306
1,4,127,4946,35,66,16,553,13,3099,8102,4,5525,85,11,210392,39,99416,51226,151769,1
15854,9,9,29,2860,32,658,530,10,87,11,903,406,133,15,14,14,14
504,701,32,59,9,9,1660,4,4,225557,6202,51,3289,9,9,1305,416,53,701,245,35,504,490
15854,9,9,29,2860,32,658,530,10,87,11,903,406,133,15,14,14,14
903,26433,5023,4,11,414,6688,16709,66,13,469,624,1
