11,4500,16340,4177,4,15257,32
209,5258,37,20242,16,1330,10184,39,14923,10665,4,22691
218,128,1076,85,317,1215,4,56,145,9802,39,3619,12091,2,4251,201
11796,19669,28,11,5527,37,14572,35427,9
420,145,1215,37,45930,8404,1
33,1006,5340,19669,39542,719214,3959,3100,17,20
119,16,11,83,36,19278,11796,19669,13,1393,32,733
103022,3100,11796,19669,3100
177,9193,125,11796,19669,4,401676
10,3148,43,1503,39,656,4,79,20338,5783,9,9,432086
660,99,67535,148,37,1573,66,29,908,1,28836,16909
45930,48,3100,39542,719214,3959
221,135,37,191,3183,8192,4,27042,26,449,1849,48,13,3183,3339,48,4494
116659,14,12535,2646,4,401676,26
126,463,32,13,6142,133,11796,19669,16,15946,28946,14
209,531,11796,19669,4,401676
949,3904,37474,37,4807,227336,1,33,196,56,520,4564,37,4013,35,11628,17535,1,2621,1305,273,489,13,1087
24043,75,576
8005,9,9
82,109,64,11,6047,1134
965,96,32,504,2828,14
57252,274372,1433,239645,44458,5712,679760,22,44458,5712,202189,22
11,16964,58,8218,141474
20803,8854
425,58,68
692,5849,523,15,2151,3713
13,1763,39,13,125,28,34824,28,401676,2646,34824,1863
96,791,5547,29,258
111418,83701,4135,124,13,6527,37,13,13039,1493,10442
32,33,547,147,5575,24358,141602,1,38007,10349,147,143,228,1,147,614,76,11,5098,677884,14,14,14
110,10,182,264,32,576,1,3879,46,1,28836,16909
80,43,2742,39,4131,3399,79,16072,33,26,26930,33,32,13,1971,410
6181,181,1925,161144,4,428,66,208,908,1
122,5338,650,1
10,143,29,9081,35,13,1447,4,321,35,13,11498,1,78,11,1642,35,13,367,4,11,1021,2414,35,29,1425,1,181,32,117,148,4,181,32,117,148,1
2621,10,264,10665,38,21529,128,10931,739,908,153,10236,1029,10331,39,3025,1
831,66,320,1,42738,1,28836,16909
17531
92,32,13,4231,1543,37,3175,32,311,18325,14,4774,39,4231,17996,70,942,35,13,4694,9,9
29,355,2940,63,111418,32,36484,92,2445,63,4984,744,4939,26,178,55,202,3007,16,13,11765,36,240,794,99
178,245,63,2940,316,523,117,4939,285,178,63,11,5894,2086,46,33
157,546,53,524,32,2445,2457,46,29,651,36,13,5168,1980,35,53,524,32,5550,4968
58,301688,1522,55,491
46,259,2529,66,15025,24139,204710,37,13313,16,7288,32,13212,1,126,121,13313,16,13313,4,7288,16,7288,26,7288,16,13313,14
554,145,177,9490,39,13,125,111418,64,11,356,3116,330,2159,51,2742,39,68
260,55,202,39,39480,47466,393,55,554,455,31404
10,3822,375,13583,39,3346,417
1220,13,122,524,39,434,152,47802,121700,1483,53,524,35,53,1021,36,2397,1393,32,733
319,296,392,29,597,145,113423,285,272,3337,1644,26,11,812,5463
46,96,39,29,2828,34439,35,13,367,9,432086,2646
533,2565,5110,37,6737,35552,26,249,619,530,249,2308,1399,35,2133
10,23407,375,75,26587,1473,1,178,59,7750,85,39,75,375
191,588893,59,407,11796,19669,32,35,14417,37456,1,296,13,1697,32,78,2504,4,107,32,11,7287,11783,66,133612
26,92,107,33824,107,708,156,491
5791
116835,99,16,860,973,35,13,344,4839,99,350,2378,34824,1863
15,111,597,86,11,2609,11552,1116,39,15
610,105501,15,2368,350,9990,1
53,32,1326,39,11,96,246,409,105501,32,51335,13,94301
269804,93,11,899,5338,37,3337
27843,328,36,178,932
3337,260,190,26,128,272,163,598,8181,10046,55,202,3845,63,51,51,73,13,246,39,13,749,37,291,1
257,92,10,902,16,3537,1283,26,2078,175,63,172,3494,942,37,11,1797
177,338,16,13,376851,39,5990,10164,302,440313,159075
1483,16,257833,138640,2445,4968,16,53,524,733,1134
554,145,177,9490,39,13,125,16,29,2828,5904,64,11,5340,36,11,565,356,3116
838,80,102,13633,13,56631,9336,17,561,20
182,586,4,178,305,58,375,8093,1,10,6767,288,1086,641,80,126072,156,973,83,190,143,1109,13,2029,1,178,305,311,2053,39,13,1924
1470,9149,39,177012,1,222193,1,2086,258,1,129038,1,98437,1,2794,812,1
399,1,1445,70,602,69810,235,14,459,1,19058,235,4,21232,236634,235,3323,586,14,178,711,39,2269,1
127,3563,129,1436,3155,26,10744,13860,66,11,353,14
66,37590,58118,17,4091,197,3255,20
110,11,398,13842,37,111418,83701,833,3022,35,282,45,284,75,13842,124,11,6527,29,209,5258,58,282
5108,260,11,520,2644,4406,35,1155,128,292,249,211146,35,33323,79,73243,107,32,30412,35,469,130292
316,163,74,13,635,127,33999,66,53,5319,128,265,21,2047,99,58,282,148,1,289,1330,249,2561
2971,86,11,590,3469,152,282,55,293,1,137,199756,3494
2362,9
558,4080,92,15,102,232,3211,13,2414,133,1
296,61800,133,1155,10164,414,1205,4558,79,80,1318,249,4264
75,121,45,7456
554,554,145,177,9490,39,13,125,16,13,291974,1696,180434,330,2159,51
361,6237,153,29648,553,16,687,352,2751,25914,26,10275
3660,232,11,1177,4645,1
33,5005,45,202,16,564,110,29151,4,32,33,14
238,143,18059,381080,16,84,287,1,75,10,129,32,16,3993,377,19652,4,265,21,3416,33,240,3660,424,16,2703,21,1
10,186,107,2329,10,12621,16,7249,60326,26,22758,26125,586,1
2,10,143,139867,9300,16,84,21,26,110,80,656702,243,110,29151,4,348,265,21,56,3409
34681,30,4,10,59,63,126,33,11494,79,29,569,245,1527,21,33,92,10,260,11,1021,153,7491
85,973,37,124,203,83,46160,5558,35,9,46160,70,172,3082,16,1556,83,1443,559,3986,83,3289,586
559,1467,83,11,1753,39,31774,6389,713,56,11,410,586,1
2177,239,163,13,353,1343,1243,14694,316,111,99
10,63,29,2258,33562,586
116,30,221,59,1664,86,33,32,1,559,3986,58,11,168975,39,3289,1,117,37,92,15,64,2185,7491,8730
11494,117,124,203,191,12352
80,183,3399,3399,523,291
26778,9,9
766347,199135,195,10,8774,288,235,7506,156170,23022,14
22115,576,13,367,711559,88,10779,31852,989,11796,19669
78,5442,15,672,9
30,10,129,16,9,446,1306,2130,128,43,33,37,21,36,183,17,2258,20
962714,69277,111,470,11,23204,6538
766347,30,36,77059,36,214531,111,479
11796,19669,4,401676,26
554,145,177,9490,39,13,125,1402,64,11,5340,36,11,356,3116,2742,39,68
3260,8111
214,313,152,96,66,13,1030,4,637,8426,9
92,455,70,1680,382,70,3056
621,311,313,96,66,13,1030,93,13,637,8426,79,13,6058,407,221,311,1773,16,163,13,353
7266,1179,728506,4,13633,13,56631,270,270,270,335196
1445,1261,13,1399,39,61,125,83,374,61,1613,1397,172,2052,2350,689
29151,30430,1
296,315,1980,296,36,33,93,11,650,16,650,353
11,398,487,37,13,54533,26,11,398,10647,16,6737,35552,296,1980,302,4049,26,296,1980,3337
12,56,5669,39,1746,66,954,37,9555,694,713,3836,350,12041,26,78,3836,61,48678,12,12
12,92,10,999,10,3870,29,2437,267,10,129,632,16,115,816,10,59,6439,313,16,694,1659,39,1416,453,632,645,12
637,344,5253,35,13,401676,860,4,2579,2707,118364,37,1573,1,117,2309,206277,146
46,172,2646,16532,152,11,860,4,11,4550,26,172,4335,1
532,3100,26,2606,8980,3056
554,145,177,9490,39,13,125,64,11,2644,356,3116
17,44696,108809,35,432086,19278,4,401676,26,19278,20
13,341,410,121,311,7885,109756,35,3337,32,13,1144,13,2521,66,235,2412,63,238,4946,11,2417,39,8758,46,33
2211,72973,1,10491,154666,1
245,758,13,1863,11,885,973,586,4,1447,14427,794,17415,85,75,125,26,15,87,11,2973,1801,1
631,1196,285,15,316,56,46,45,1021,1801,185,153,942,37,11,6974,16,38496
178,11,885,969,79,177,122,356,16,1174,26,381,96,39,15,1,10,420,4852,86,15,406,9,56,7560,4,56,1362,83,56,177,9,146
26,92,982228,794,1591,39,259127,36,184939,168,15301,70,5550,68,168,3169
16458,9,9,9,2646
24780,216074
24780,216074
24780,216074
1667,26,11498,9961,1690,4,11796,19669
31265
53,1741,2896,215,568,13889,8137,2,16,286760,20090,153,314483,7676,1
33826,332,499,39480,1036,91999,1073517,173,19594,1005043,1,2399,534,28400,220315,1
11647,54841
3333,1851,8719,9,9,9
55180,5013,61417,12965,499,12682,1036,1433,1
6832,33
17444,432086,2646
338,16,172,565,6134,4,1655,2320,36,5904,5264,51,11,520,5070,36,565,135,3116
96,3337,341,3337,96,1670,1745,1670,1585,72789,109661,72789,177,11702,125,2621
80,73,171,145,130,35,7756,63,277,5096,246,764,18427,5013,1
8975,22,487550,19946,733,434,36,15301,10349
733,15299,4,565,72645,4,58118,16057,26,11,341,14608,1,181,32,75,121,739,16694,1
117,3375,382,11,583,1393,229,66,11796,19669,1
629,722,2183,148,1343,172,10,1772,85,58,942322,2183,46,29,651,1,1
190,1684,496,1326,39,7050,46,13,586,1,842,416,33,45,271,37,779,267,29,569,128,115,26,509,13,12378,46,21
92,93,33,13,288,135,15,195,363,37,13,325,135,14,58118,16057,1,7576,3569,17,73,15218,20
554,145,177,9490,39,13,125,16,96,39,13,449,12329,36,565,11743,530,51,64,11,2644,356,338
178,316,624,85,3109,236634,235,649,1,59,21,1413,33285,58,11,72973,35,1966,4,1436,3155,26,5764,11664,73562,2183,1
66,1229,11,1423,16,87,27405,83,75,1,80,957,16,56,35,736002,79,196,284,11,5371,1733,13,5371,16,1
374,13,130,86,109,129,9,9,9,80,129,150388,172,10744,13860,9,9
178,11,204177,37,181,1,1698,5345,463,798,4,214,410,10,1579,93,13,4633,12775,9
46,236634,235,374,99,398,22034,4435,79,35,2797,77258,1,80,102,1174,135,80,8030,1,53,523,1999,1,9,9
80,102,87,857610,16,1546,7266,1179,9336,3783,523,11,11716,153,4298,48055,46,238,1
102,238,987,29,884,16,21,14,143,11,435,795,229,26,178,7042,1213,16,311,579,16,758
26,232,85,45,75839,1089,942,37,13,1667,16,2021,489,13,4335,432086,2646
143,1772,85,152,11,7027,1956,861,1413,1,10,68,15,3337
4,17,11796,19669,20
2461,4164,45,3337,32,13,209,135,4868,37,526,17708,1032,93637,1
87,85,4,6290,4,433,13,353,654,602,2091,1,240,15,143,13,1399,39,13,125,16,111,46,14844
5990,3763,5005,117,37,40,2839,1,26,74,10,626,18872,33,894,9979,37,3922,2265,9
606,37,125,1216,8253,46,16
589,24102,1,20914,51,1305,11275,21,13,295,15449,5948,28,622544,15302,153,181,11702,272270,1,2846
1305,11275,21,295,15449,5948,28,622544,15302,4,1163631,116292,57014,153,181,272270,4,1,2846
46,271,16,19379,5791,16802,16,2053,401676
58,11,13821,66,5495,2646,11796,19669
559,3341,1021,1340,6615,1069
11796,19669,3100,22916,11796,19669
14724,1573,2,21054,11796,19669
347,370,4,4,38,17,11796,19669,3100,20
554,145,177,9490,39,13,125,2621,330,2159,51
2621,1,934,589,13101,4757,65570,21,14142,1444,1447,2101,1033755,1036,1031996,163611,147,1888,51677,849795,1433,1
11796,19669
164,32,24154,367,1949,13039,1659,39
239645,2002,12,440585,1036,2909,12,437,8821,615,290358,151,115593,46237,269,1
293835,5013,534,11796,19669,21,815634,1433,1,7376,684620,27410,534,12390,46001,43223,64754,14,1,401676,14802,1596,1,1305,43,698,1,3455,84780,1
29,67498,28977,21,53,1830,933,10038,46,3197,68,51,2742,569
11692,12210,11796,19669
15,22856,29,288,1221,1,10,4402,14214,70,46239,1045,35,12965,79,109,15225,399,37,175,1071,1,20242,102
376853,23725,200994,984226,151,247641,89910,61485,36108,1433
6471,1578,243510,8975,493303,2181,367,1949,14,28,19809,1036,676940
186,3080,63,857340,18427,5013,151,539641,8551,4925,534,201934,38453,1447,69,12390,13101
2621,12,10,72,2930,39,11,3481,147,32,1915,35,726,35254,35,137303,1,79,832,32,520,1507,1553,39,4500,246,240395,1
64,490,94274,9526,26,18427,5013,64,623,9526,39,3111,94274,1,107,292,496,1
34745,16,284,5091,51,190,115,126,96,1071,102,183,352,5623
296,1312,10,1579,13,2450,13,11049,39,2041,1669,63054,4861,33630,565,4869
554,145,177,9490,39,13,125,16,13,4599,60365,574,2210
53705,2400,1451,32267,2176,86983,1,291954,24190,478709,534,8985,13006,64754
148174,199451,499,14142,1394,2340,8551,768,1555,4911,1,5990,10665,69,4073,1394,2340,87683,8975,36108,1433,12390,51677,151,31171,1
1300,4757,703,8551,1667,62661,1433,16880,1,299529,292556,8404,6471,64754,1
10,186,18166,64,11,10184,1,12,2399,11127,173,37513,2703,9102,12
12,4564,128,56,392,10089,1,3749,128,284,191,135,9,12,12
43605,5318,13101,111768,4073,4500,1999,1433
24190,9102,173,9102,1379,13659,1451,302254,1433,1,35,1154138,69,1785,2974,5967,499,6677
10,186,107,32,11,236146,22853,3177,1,63,22853,391248,107,1353,75,263356,16,249,452059,130
33826,18427,5013,332,414373,1036,1451,59868,1433,332,49624,62661,1433,1036,18427,5013,357617,21,54141,28,54141,147,13777,340
18884,534,414373,357617,35610,9395,1433,16,18884,534,412387,55797,1036,709004,8975,36108,1433,1,3455,84780,1
13,12329,66783,2248,549,133,13,11145,36262,14085,1863
393,13,35,67942,148,13,14076,13,2879,3970,152,107,93,24835,128749,13,1578,63,11,4675
86,11,2050,107,32,13,271,107,1313,249,33630,35,11,2197,33,93,24835,565,172,7751,39,184592,4106
430239,437,12390,4073,40269,1,4757,9990,26,101479,1451,59868,1433,1
6307,425,191,9157,10781,14698,241622,1,565,9,9,28836,16909
12,912614,1433,7315,221715,1,223221,891357,69,2399,493303,25912,764,16977,2399,1104089,25912,1757,12
3593,2,12302,66,3397,35,1,20253,2,36,4,8253,2,49,4,23866,2,17,4335,20,802,6762,2,4,1580,2031,878,1
10,225,11,16763,39,401676,83,10,42707,3077,10432,37173,16,1574,446515,71613,640879,695,80968
23292,66,17,401676,20
559,26,100683
7053,1863,18987,1,432086,2646
3739,46,30,317,1,214,10164,46,19206,1,15,902,7312,39,5990,704,1
607,5232,26,5371,58058,3337,159,159,11796,19669
739,11,3739,45,32,78,760648,16,682,2994,20850,1,109,68,214,10164,45,156,35,568,23607,19206
899,99,86,11,101479,313,23022
11,520,117,2413,33,196,56,11,540,117,3678,37,23022,110,75,13,30231,70,46,13,94301
26,99552,49102,35,13,18803,2271
12,13,3050,2002,66,432086,2646,28,14062
29,777,10164,2050,2017,17321,133,4049
3981,4939,171,18813,487,53,10636,781
120007
7850,39,361,844
11,1591,1564,32,11,5511,1564,1,74,147,87,1591,92,238,215,61,1823,4,221,267,238,645,215,17229
15,1911,16,56,58,238,127,183,15,15659,37,350,15890,26,190,215,15,11794,329,15,1336,58,228,1
10,289,1708,46,11,33391,58,238,66,6721,66,13,26,653,121,75,13,1553,80,64,211,46,1
553,191,15792
183,13,3119,4,58,68,26,4791,1064,1
258,26,1317,1,432086,2646
209,32535,58058,35,3337,159,401676,19278,159,11796,19669
10,64,2089,11,4738,16,628,5546,26,7676,143,13753,1,221,12689,13842,39,6013,16,470,99,1
79,1272,70,145,35,37037,39,20724,26,12528,78,46,13,3948,107,26,12528,8427
96,125,645,20853,2109,13452,46,1,47641,396,7290,80,124,11,1321,191,547,7466,39,1272,127,377,2320,37,291
6098,35,2706,109,4463,407,80,19261,1585,16,3475,124,1048798,26,15672,249,61635,1
127,128,3721,13,2197,1,8851,19252,70,39320,124,1043,175,720,2197,6715,1
80,70,653,121,20724,26,12528
2362,9,9,523,145,1999
847907,32,63,14924,92894,14,74,10,629,56,39,15,4,10,128,7993,15
66,11796,19669
59,16,409,1215,37,96,60177,954,127,70,124,12689,802,39,53,9694,32
107,32,11,19646,39,11,246
8551,1031344,1555,36108,150444,534,4137,1433,1,1179,3513,123676,777837,1033542,117117,1179,8551
1553,173,1451,5318,181,1861,1,12965,128,10533,119,1362,393,53
92,10,1728,53,4,238,813,21,221,61505,1298,16,14392,18767,351
43,15,64,496,1345,39,45,1436,5710,14,200,1482
14392,37,86,14,26,127,13753,53,21842,4738,14,14
26,12528,131281,249,12539,3056,46,1585
127,13753,4738,39,575178,143598,14,175,11,1071,39,238,645,32,50864,133,1012,10238
398,9087,39,12965,42177,352,23415,1,1086,2052,5452,5154,70,744,352,1232
53,7196,128,7067,37,50481,35,1306,1
203627,847907,3177,9541,78502,1433,1,20724,19261,847907,151,50773,499,14392,20724,589,8975,62661,109,37,12965,1
26,92,11248,5137,55,3497
2081,29904,504,1134,128,245,35,277,4040,26,5861,51,128,56,1579
488,63,602,13,209,7087,2971,35,13,12276,1
53,2355,1471,43991,83,13693,530,624,58,11,7534,35,43991,48,137,1425,9,9
13,1667,28544,1076,229,4,33,28978,313,35,70163,26,68682,13,2521,63,53,1,37,127
10,19683,11,68,55,2034,4,13,4335,196,56,1591,1
28624
177,6151,315
61,1083,128,337,15,1196,55,320,477,4,273,117,4,264,117,29,122,23020,38,8164,121,5867,26,311,3586
2654,1447,102,515,278995,13,21926,26,5952,228,16,44375,295,1353,15,145,3081,37,40934,16,3495,231,1177,1
284,11,28,1296,875,35,22,2053,39,504,6051,1,64175,59,126,1386,51,232,70,453,397,119,61,656,1,32,14001
343,328,10,29649,516,13,1643,389,393,1423,39,1399,8459,10,22322,16,374,85,389,6098,13,4640,32,245,13,4680,1
181,4,78,29,18492,1,33,128,56,11,7919,39,126,99031,10,225,1,33,128,5266,21,39,126,1362,10,225,45,10,102,3664,695,13,28
182,547,45,12669,656,159405,15,37,11,1975,4,311,2496,159405,15,779
10,276,56,177,58,13,7781,45,425,55,880,26,34138,29,1807,267,33,93,78,1227,66,75
3721,86,523,15,177,26,1208,37,33
4309,632,14
33,93,182,565,3084,16,6955,2466,55,337,15,37,13,112703,4,26,894,13,24440
257,375,74144,4,79,68,13,1443,1,55,190,651,9,28836,16909
11796,19669,4,401676
920,634,9,13,860,576,13,401676,26,19278,4044,75,13,135,9,133,7850
2621,4,164,13,217378,1447,11369,2313,26,12066,25767,133,1817,56,58035,1477,8699,9722,14
16199,7850,39,432086,2646
37,1573,14,1612,39,401676,83
215,1671,11,89638
5264,11,520,177,45653,16,13,2609,127685,26,1426,2799,2050,64,172,565,356,3116
8485,18657,1,14059,35,2734,1,28836,16909
5372,254,13,1863,148,93,3699,43906,1
942,37,238,1216,16,243,35,29,181,26,687,428,1,1243,711,39,53,185
32840,183,15,6647,631,1,87,85,26,985,153,16963,1,59,374,85,1,86,10,226,16,649,92,352,87,477,1
80,171,145,1326,130,35,53,367
764,11,38,36,2646,11796,19669
3606,46,6099,367,30,1,389,147,425,291,1116,800,389
553,16,2215,9,227508,70089,4,401676,83,2646
554,145,9490,39,13,125,16,13,330,39,10164,12668,89937,330,2159
48537,4054,4,11796,19669,4,11,83,36,2646
126,91289,5139,102,56,13,97670,39,3657,17471,313,554,9776,4,554,890,350,2597,2742,73,232,1665
996,1156,4,229,32,11,34304,1,2348,401676,2646
13,31510,39,13,62967,2646,39,401676
59,4887,17,401676,83,19278,35,11796,19669,4,401676,83,19278,20
59,4887,17,401676,83,19278,35,11796,19669,4,401676,83,19278,20
32766,51395,17755,4,43463,20719,4,812,11498,34439,1,270,401676,9,2542,35,68
59,96,274,133,8181,10046,26,3878,855,16,607,7831,133,869
17693,5023,401676,19278
526,708,540,565
5039,61,820,5232,14,13,209,9561,2821,9,9
214,70,59,12425,133
15049,4,2370,26,12732,5264,11,520,177,45653,530,51,87,75,13,2530
338,301688,330,2159,15,26,64,172,565,135,3116
1553,70,2011,16,56,14194
2621,4,32,33,2184,16,24554,44646,35,11660,1,195,80,260,496,9637,392,46,2821,16855,30,1,14
2055,185,9,9
53,802,39,181,276,56,989,3140,5371,1
1086,641,119,2709,1,150583,217980,9192,53,133,10,186,2721,14
13,214,410,10,257,145,285,51,32,1723,3888,27355,1,120,21,16,1348,17,66,1206,235,20
969,235,2007,1,26,320,9,28836,16909
11796,19669,4,6615,1069,4,43345,42604,3700
2973,124,561604,4,79,281765,152,9351,1447,4,678889,141465,34824,1863
5654,344,35,11796,19669,9,34824,1863
10,43,45,1480,156,92,10,225,66,335,1,10,225,35,1482,4163,63,15,1,781169,4415,401,1
416908,12965,208628,76011,16,32267,16977,18427,16,764,14142,5508,4911,4,184743,16,1177,332,39878,21,2326,78648,1
19358,66,11796,19669,1,30,12620,13544,1
66,401676,83,19278,35,11796,19669,4,401676,83,19278
11796,19669
11097,39,13,455,24025,2924
1863,30878,4160,2477,6021,1393,12316,1659,39,45,1494,543,83,189292,204312,73,784,1
5495,2646,4,11796,19669,4,11,83,36,19278
86,13,3532,1
2081,44497
860,3056,133,4550,3056,2200,4,11796,19669,1
11796,19669,3100,3056,133,119410,1690,1
48537,4054,28,11796,19669,1
1447,888,4,10791,4550,4,414,401676,4
265,13,920,3119,15,4,3390,13,2361,39,29,886,1425
245,56,785,4,5058,785,4,64,3022,35,785,4,43,78,111,99,26,273,37,11,5070,5329,26,96000,33,1
3256,6390,66,12535,2646,4,11796,19669,1
12535,2646,4,11796,19669,4
2455,19946,22585,13494,9,9,9
121832,4888,39,1
5495,2646,4,11796,19669,4
131824,16792,1447,2340,13745,4,11796,19669,1
6164,1745,4335,4,4734,9112,658,133,432086,16,11796,19669,1
13,516,9,29,1500,820,2192,159,159,2934,98741,2646
117,344,16,15,75,53,32,325,125,39,75,3337,1300,11796,19669,35,181,1221,11304,2812,37,11,83,36,19278
2109,631,66,954,186,453,3169,945594,6026,8738,10252,285,1064
232,5358,518,2790,39,79,195,11,768,152,230426,33,30402
48,11432,26,12978,875,29,8730,1,48,66,401676,11070,58
4,33,1925,16,21,45,15,826,11,3729,26,276,64,826,1636,74,160,15,162,70,11640,1659,1
26,130,226,46517,701,1,922,375,46517,45646,26,12175,4,127,377,520,6131,16
11796,19669,17877,2413,4807,19252,13012,111734,160807,1048588,24444
11796,19669,8536,2413,4807,19252,13012,111734,160807,1048588,24444
3606,46,2294,487,35,17877,152,19252,35
5264,13,6963,4,18829,26,11,103093,39,75,135,11,520,177,338,574,2210
11,908,35,3337,329,75,2002,46047,19633,32,1493,75,5990,3187,824,401676,117,60350
11,908,35,3337,329,75,2002,46047,19633,32,1493,75,5990,3187,824,401676,117,60350
11,908,35,3337,35,965,75,2002,46047,19633,32,1493,75,5990,3187,1,401676,60350
11,908,35,3337,329,75,2002,46047,19633,32,1493,75,5990,3187,1,824,401676,117,60350
128,59,56,11,615,19275,32,3337,48,137,1135,119,9300,1,214,66972,15112,320,1
764,32,208,79,249,10665,7016,290,13,450,59,436,1,30,3196,46,19275,1,401676,13,449,66972
78,4558,13,450,35,401676,19278,715,87473,1868,11,22876,3625,641,4,68694,10699,66,406
26716,169766,2740,38912,83
1422,2521,1422,1447,1422,6986,1
12,96,102,190,899,549,1,78,272,1,13,214,271,99,32,35,1,12,1422,18833,2934,98741,2646
10,292,13,2419,860,92,12879,70,246580,35,13,96,10,317,2978,1
124,172,5990,10,264,11087,9,20115,2858,35,13693,172,4649,37,143050,4,79,2002,46047,1493,75,3187,35,401676,32,120819
124,172,5990,10,264,11087,9,20115,2858,35,13693,172,4649,37,143050,4,79,2002,46047,1493,75,3187,35,401676,32,120819,1
1898,46,1265,35,401676,19278,37,2828,16641,214
59,826,11,327,3902,2646,4,401676
764,814,543,37,381,5990,4,249,44323,35,401676,181168,2615,12047,39,2259,21359,16,56,11,1
28,2,387983,1863,2,28
28,2,387983,1863,2,28
14039,32,208,59,436,133,13,764,35,4770,3195,2259,70,13,124301,1,35,401676,13,10665,37,2913
13,122,7294,1502,35,401676,32,11,1431,39,12691,14033,75,829,124,11,19563,39,3337,10,64,392,29,6674,16,22269,1
93,211,695,518,3269,9435,36,1005,53,866,86,11,2971,33,93,4,30,8805
692,22418,489,13,1109,523,15,129,16,88628,33,389,1
1384,401676,2646,133,38,96089,38,367757,1,424,291,133,13,4417,1582,4909,80,70,35,393,641
401676,44323,32,181168,543,744,130,1298,32,744,2053,726,21023,428600,26,240,34457,16,2699
92,13,2521,215,11,939,16,384,4,26,55,43,15,4,92,13,20719,70,31304,16,10752,4,26,55
209,1667,1076,272,35,68,58,1863
553,16,1671,11,22425
55,559,35,168
1258,432086,2646
250462,4511,1502,148,35,25092,401676,4,4,11,13852,58827,35,2317,1698,4,4,14360,16,75,127,425,53,1169
1422,2875,28,1863,76,4,432086,2646,4,77842,102,87,295,285,53
53,32,21,58118,16057,35,13,20719,39,401676,9,11,532,367,313,175,9,17,33,93,11
2646,2798,1,4,1,4335,12276
178,16,7638,489,45,19591,367,4,26,16,56,245,175,2,78,1321,33,503703,695
4,4,11,12961,1534,9961,32,550,790,424,46,8850
7850,39,1422
8358,37,45
47281,28,2151,28,28450,2646
59,11,2041,433,36,1261,1659,39,5481,352,231,2151,85,9,9,337661,4882,1433,5318,5714,332,40425,28400
53,3699,2074,13,60229,39,1068,352
26,2477,16,53,13,2660,14194,2742,39,58297
4079,534,6471,13006,3337,5318,8062,78648,173
296,125132,16,13,2348,7149,302,37,13,11569,29791
8436,29,338,35,2875,1,86,645,102,10,564,37,14,14,14,193,432086,15,11,25687,9,9,9
26,894,3791,124,125
4057,5832,133,85,35,13,1188,124,10,758,43991,26,4408,35,11796,19669
66,2934,98741
4033,1,16135,11,151,23725,16095,258726,39,6228,66,11796,19669,3100,1
4,4,1326,1064,4,4,337,51
5264,96,39,13,449,6963,4,559,26,11,2050,554,177,9490,39,13,125
45653,800,389,406,51,75,13,1248,26,2319,2742,39,68,111418,3657,9,9,9
209989,48,2034,37,13,411,455,1,17,20
16,39,131824,16792,1447,2340
17910,1036,5979,65838,4,5979,67880,4,12965,151,18405,4,8551,36641,4,4,26687
17910,1036,5979,65838,4,5979,67880,4,12965,151,18405,4,8551,36641,4,26687
17910,1036,5979,65838,4,5979,67880,4,12965,151,18405,4,8551,36641,4,4
17910,1036,5979,65838,4,5979,67880,4,12965,151,18405,4,8551,36641,4,4
17910,1036,5979,65838,4,5979,67880,4,12965,151,18405,4,8551,36641,4,4,4746
17910,1036,5979,65838,4,5979,67880,4,12965,151,18405,4,8551,36641,4,4
17910,1036,5979,65838,4,5979,67880,4,12965,151,18405,4,8551,36641,4,4
17910,1036,5979,65838,4,5979,67880,4,12965,151,18405,4,8551,36641,4,4
17910,1036,5979,65838,4,5979,67880,4,12965,151,18405,4,8551,36641,4,4
17910,1036,5979,65838,4,5979,67880,4,12965,151,18405,4,8551,36641,4,4
17910,1036,5979,65838,4,5979,67880,4,12965,151,18405,4,8551,36641,4,4
17910,1036,5979,65838,4,5979,67880,4,12965,151,18405,4,8551,36641,4,4
17910,1036,5979,65838,4,5979,67880,4,12965,151,18405,4,8551,36641,4,4
17910,1036,5979,65838,4,5979,67880,4,12965,151,18405,4,8551,36641,4,4,2
17910,1036,5979,65838,4,5979,67880,4,12965,151,18405,4,8551,36641,4,4
17910,1036,5979,65838,4,5979,67880,4,12965,151,18405,4,8551,36641,4,4
17910,1036,5979,65838,4,5979,67880,4,12965,151,18405,4,8551,36641,4,4
17910,1036,5979,65838,4,5979,67880,4,12965,151,18405,4,8551,36641,4,4
17910,1036,5979,65838,4,5979,67880,4,12965,151,18405,4,8551,36641,4,4
17910,1036,5979,65838,4,5979,67880,4,12965,151,18405,4,8551,36641,4,4
17910,1036,5979,65838,4,5979,67880,4,12965,151,18405,4,8551,36641,4,4
17910,1036,5979,65838,4,5979,67880,4,12965,151,18405,4,8551,36641,4,4
17910,1036,5979,65838,4,5979,67880,4,12965,151,18405,4,8551,36641,4,4
17910,1036,5979,65838,4,5979,67880,4,12965,151,18405,4,8551,36641,4,4
17910,1036,5979,65838,4,5979,67880,4,12965,151,18405,4,8551,36641,4,4
17910,1036,5979,65838,4,5979,67880,4,12965,151,18405,4,8551,36641,4,4
17910,1036,5979,65838,4,5979,67880,4,12965,151,18405,4,8551,36641,4,4
13,401676,26,19278,70,11,1868,39,19278,66,13,384348,39,13,4550,39,73438,26
17910,1036,5979,65838,4,5979,67880,4,12965,151,18405,4,401676,2646,8551,36641,4,2378,6725,4,5712,5794,26309
17910,1036,5979,65838,4,5979,67880,4,12965,151,18405,4,401676,2646,8551,36641,4,2378,6725,4,5712,5794,26309
17910,1036,5979,65838,4,5979,67880,4,5258,36,26687,12965,151,18405,4,401676,2646,8551,36641,4,2378,6725
17910,1036,5979,65838,4,5979,67880,4,12965,151,18405,4,401676,2646,8551,36641,4,2378,6725,4,5712,5794,26309
17910,1036,5979,65838,4,5979,67880,4,12965,151,18405,4,8551,36641,4,2378,6725,4
17910,1036,5979,65838,4,5979,67880,4,12965,151,18405,4,8551,36641,4,4
17910,1036,5979,65838,4,5979,67880,4,12965,151,18405,4,8551,36641,4,4
17910,1036,5979,65838,4,5979,67880,4,12965,151,18405,4,8551,36641,4,4
17910,1036,5979,65838,4,5979,67880,4,12965,151,18405,4,8551,36641,4,4
17910,1036,5979,65838,4,5979,67880,4,12965,151,18405,4,8551,36641,4,4
59205,16,57984,3081,4,4,6734,75328,37,19369,4774,16,76,15841,99,35,6443,38,2800,4,4,4408,51493,37,5623,10182,10746,3356,834513
858,191,6223,615,46,13,7723,1822,4,122,23052,46,1853,4,11058,37,61015,16,76,46,39953,698,4,8838,1728,171150,16,374,99,4139
13,34439,39,384,15,554,17385,26,191,39,228,64,11,286647,39,103740,16,228,1,13
50,2284,65,107419,14080,1863,4,432086,2646
34824,1863
30,12472
45653,9005,574,2210,36,1261,2742,39,68
13,401676,16642,1,432086,19278,4,4335,12276
13,14844,64,16929,996,17,401676,83,19278,35,11796,19669,4,401676,83,19278,20
31966,11,15591,46,28605,35,11660,58,75,33570,52131,4,4,4,579,16,49544,1732,16,4974,4,36521,83,14572,133035,28605
30,12472,2,1665,53,9,9
13,6527,38776,4,11796,19669
5495,3056,2200,26,12276,13,5495,3056,2200,26,12276,32,11,20472,2200,127231,66,11796,19669,4
812,11498,34439,26,8873,1422,20719,530,56,13,325,410,45,1041,16,651,92,80
17847,13,1477,1447,367,35,133,16,4937,38,28,37,145,4139
2923,148
18216,11,122,283289,34341,6986,35,11796,19669,4,401676,83
812,3339,58,7026,2200
1680,9784,7839,35,4,254,86,2923,99,16,56,172,733,8387,1,95616,96,39,13,209
26,13,4709,7016,1
554,145,177,9490,39,13,125,406,51,75,13,2530,26,2319,574,2210
145,285,130,70,2457,66,11796,19669,934,2477,16,30,60833,39,18369,2477,16,43991,39224,30,11214,18369,250186
145,285,130,64,2457,66,11796,19669,30,11214,18369,70,2821,16,228,30,35716,166598,5693
10,115,186,13,7466,70,8520,4,79,979,21,53,71215,21,25107,9,10,551,855
215,13,5990,23115,890,221,80433,14,28
8443,58,145,133,59,13,1144,45,53,908,32,35
8324,4,16779,4822,4,1863,181,83,1603,21939,56698,1573,2585,637,315,9
554,145,177,9490,39,13,125,16,96,39,13,12329,2487,10,115,574,2210
18427,169420,32,19247,13,5990,20182,152,106921,1268,3187,37,2913,26,2259,35,401676,19278,40025
2639,6515,58,14039,2567,7756,26,11,25749,3187,32,248,1980,1493,8851,13993,35,401676,152,18427,10665
401676,11796,19669,133,13,17755,2639,172,20267,2646,532,26,45063,3056
80,1772,973,35,13,344,35,3909,37,156,355,80,214,1005,2579,9400,46,13,11498,1
7750,85,39,4382
93,4382,10603,26,6181,10,1220,1980,35,29,58469,33,1468,64664,29,1350
3463,13,288,1086,455,35,13,63769,39,13,14398,48,115757,5527,48,45,32,4
3258,122,87647,85,121,277,2828,908,248,16,4,414,401676,2646,650,16
1,11,120122,4,34560,1,13,939,39,168,2209,22860,6902,45,13,122,4534,713,78,56,8346,58,1
9,46,13,66276,615,9
338,5193,288,356,93,894,620,26,133,4,53,356,156,9,399,37,13
462781
117,344,172,733,4335,3056,133,29,2200,878,17444
172,278671,313,13,26,37745,37,11,583,6290,29423,13,43463,11145,1,4057,9,9
16,13,122,1667,39,13,122,125,39
148,10,855,1733,13,4335,26,883,191,532,45063,337479,33,93,172,3084
277,637,7181,70,4349,53,356,66,432086,2646,35,3337,1
53,135,288,356,4,96,39,29,449,2828,866,1,33,93,13,4734,1863,39,277,2200,35
554,145,177,9490,39,13,125,530,51,87,75,13,2319,36,68,574,2210
13,19451,1863,35,3337,1,5014,11498,1863,12276,4,432086
209,410,121,16057,32,45,15,102,25308,58,56772,26,1188,21083,1
80,420,45,13,128,894,1671,61,5527,1,80,3463,1590,1504,46,2370
37786,133,11796,19669,16,432086,2646,35,401676,13,449,565,26,2554
5654,19410,16,15,75,133,102141,75,375,23893,265112,9
13671,10395,35,425,39,5402,1
4921,641,518,29806,4135,181766,957,16,111,5253,58,35427,46,350,140575,15816,1
7601,55,164,225,10,66,5889,39,14826,14,28
3256,12472,39,5139
5840,37359,92,15,163,172,59422,13452,38201,393,45,5069,2646
10,292,1576,229,32,55,79436,4,2859,26,424,4,59,215,13,449
329,102,15,163,13,518,26,177,14080,39,37,424,14,46,13,449,532
172,3375,45,523,51,888,35,68,172,3375,16,626,126,10,406,45,381,3375
45797,76522,60,2776,200,16075,18130,5282,24077,1,200,515,84,85,58
45797,201770,59061,2,200,515,21,6398,13,59061,37,60,2776,9023,520,92818,36212,9
9164,16,1399,35,8420,1,11,83,36,650960,1,1863
125,30,16,5402,1,13053,5402,32,746,145,19857,240,11118,1
172,31345,152,13,401676,24710,39,32583,83,7692,16,56,6110,46,1206,13,4239,4
2450,1394,5939,26,258937,119,16,119,1012,5443,1614,1,488,733,153,341,1
68439,656,9,432086,2646
42126,102,56,55,1861
3256,25530,6390,1,12535,2646,4,401676,26
13,417,127,1280,51,11,670,128,245,43,568,352,5700,37,51,1,6075,5452,83,34737,6032,4,16,183,15,634,1
22115,16,11796,19669,133,261210
124,10,11698,38913,83,9192,99615,46,10157,259096,6898,5925,1078650,554,19252,993,57370
1494,26,14305,1863,4,432086,2646,123,401676,19278
119,16,13,26,119,16,1,55,53,1863,32,989
265,291,626,13,4255,23845,39,277,1670,26,264,1116,16,56,11,802,39,3337,1,177,11702,125
221,59,11,516,83,172370,16,515,35,99424,9047,83,7382,987,313,2858,35,2301,899
8387,46,13,111503,1422,20719,26,13,60442,812,46104,39,17,3435,8637
115757,5527,1
75,29,181,93,49257,46,33,110,221,11,2413,12669
164,35427,70,373369,11,532,6288,2646,28
11992,1893
175,32,488,37,11,83,36,19278,35,31457,8338,1,38,38,74,11796,19669,32,14062,152,11,31457,1221,4,38,45,128,56,13,449,1
152,45,28605,128,87,11,9667,38,38,1307,3341,543719,128,56,2379,10173,16,12578,1,38,38,9604,39,19278,128,87,9667,1,38,38,5839,533986
13,35427,63,2712,38,38,26,40631,38,26,127,129,6533,39,265787,128,64,11,3963,125,1,38,79,3337,291
13,21182,64,41365,75,69799,17535,39,11796,19669,26,239,13,69799,3100,38,38,109,297,183,350,4531,35,496,39,13,19278
74,11,2355,39312,13,128,56,97721,7884,38,38,13,21182,4531,26,401676,21774,276,64,4531,35,496,19278
393,15615,80,348,64,11,4412,3961,7767,38,14020,7767,38,38,277,23052,111,37,11412,16,73220,38,7254,1,38,164,38,30,3739,48,123
13,5495,32,41365,152,21182,38,45,276,56,26123,63,5980,2646,1,38,38,13,5495,276,56,14062,152,11,4088,16,43345,199254
10,6362,489,13,20719,4,16,5780,13,5987,39,181,1,1659,10,470,181,26,5987,124
1052161,85785,17294,4,276,56,11,614,64,35,432086,4,1863,432086,2646
46,13,209,812,11498,1863,28,227445,301024,432086,2646
11992,14608,3765,11992,13483,432086,2646
610,11,2986,175,9,7781,32,311,425,9,9170
13,45916,127,284,30,37,172,1636,28
147,19159,860,47934,46,13,860,7906,9,12535
10,406,10,102,1151,35,53,1447,9,9,9,14080,1863,4,432086,2646
2222,13115,83,2222,21
12,51,12,206,139,4335,367
5990,24130,45,155187,3964,66,42026,281,60646,28
11,341,516,133,13,8806,110,75,2086,46,13,6206,1949,12247
164,245,178,35,1471,11,3612,63,53,25074,5475,26,367,1949,25807,66,13,450,1423,515,526,10164,36,4382
133,6852,11321,16,13,59311,39,13,4335,75,80,70,4,32,1307
353,39,11498,9,1863
353,39,11498,9,1863
29,3056,133,13,1863,10791,53,135,288,435,1010,4,718
520,10749,152,13,9990,39,393,55,463,883,11,2050,127,297,10027,63,45,58,13,1578,520,6963,2050
1469,13,3612,32,290,33,37,51,14268,249,33630,93,23476
6178,1980,1232,148,58,13,5604,126,109,2539
3337,1644,13,16829,26,25974,16,3963,325
11,2156,724,1893,16,13,19278,1,1188,3337,4636,28,135,16,42779,85,28
10,115,45,109,128,3667,75,350,1553,99
70,13,21899,5549,14,121,111418,83701,26,177418,51568,70327,2561
526,51,28,10164,367,1949,111,3337
13,374147,39038,9,2192,1,13523,1863,12276,4,432086,2646
1,11702,125,1,401676,83,19278,35,13,11796,19669,934
754441,51,26,504,302,14464,477,1028,13,624,80,70,1116,39,15,4,10,225,177,16,163,45,13,1306,10164,73,35,2184,1729
92,504,246,9652,11,59355,55,1116,111,302,3337,80,102,43,33
2875,632,14,34824,1863,4,11796
2875,632,14
32274,12567,124,6600,291,48,790,1690,48,36698,35673,28
191,553,58,34092,171268,12620,39,1156,39542,719214
45653,16,96,39,29,2828,6134,2742,39,68,574,2210
45653,16,96,39,29,2828,6134,2742,39,68,574,2210
246,1817,9031,122,34424,2510,107,215,13,6902,16,1103,8292,39,13,7906,1,9088
11,532,344,26,11,559,1949,39,2258,523,504,125,239,295
973,25735,46,13,199254,2646
96,356,1371,10,93,46,13,532,401676,83,19278,1,13,19278,377,46,29,11716
520,199615,3532,432086,2646
2493,16,96,39,13,449,532,802,39,3337,17,432086,199254,20
6813,3341,9,9,2684,313,26,163,432086,2646
11692,173231,1863,4,4,2934,401676
290,18803,35,11,1655
31416,19669,35,11796,19669
184197,440313,99,37,9,9,9
533,1006,99,37,13,1272,39,43708,11,51585,1298,2275,40589,152,53,19948
5427,1655,16,13
66992,11796,19669,51207
273,1193,53,3532,9,9,9,1863
589,1,128,1283,152,270693,148,1,260,248,16031,1989,1
218,3657,9,9
111,37,197695,8793,153,7175,698131
489,13,2859,1,13996,70664
554,145,9490,39,13,125,16,29,15710,2742,39,68,574,2210
33,93,59,11,28009,9,9,9
1348,344,7801,64,16,320,37,5281,26,6652,9,1,1
17,401676,83,19278,35,11796,19669,4,401676,83,19278,20
164,78,13,115557,56,3469,40857,6244,66,11796,19669,22908,26,22149,16,1384,13,59696,133,13,158855,392,152,13
13,124555,70,2379,16,14648,99,23077,1,38,38,175,70,16,17293,33,1
35,13,886,2041,3739,45,33,93,13,214,3089,393,311,509,35,133,11,6865,39,1043,2050,133,2610,1666
66,14080,1863,35,432086,2646
13,449,259748,1216,2798,10,64,272,22683
221,11,2859,10746,989,618290,2462,12,27976,8521,12
80,2971,10630,9,9,9,432086,2646
11936,241226,629472,6463,11,18427,830,37,13,8582,39,249,728364,38,38,107,952,499,257744,58,13,515,39,18427,5013,1,38,38
133,13,51207,39,11796,19669,35,277,1116,401676,1893,35,8968,12145,48,9,11796,19669,4,401676
53,866,425,29,886,125
96,39,13,449,19591,272,807,1,45063,4,16,226,13,1229,9
13,227508,70089,66,35,377,11,38528,1,1447,4984,876242,313,13
11,532,1667,1076,1863
126,532,15,70,2500,9,15,1527,291,181,26,16,7039,291,15,1527,75,1,79,80,374,119,102274,7033,1
13,70,3753,16,1300,48,137,398,724,35,63575,4,26419,28
11,532,16617,39,11498,4,860,26,432486,3341
518,5990,1428,66,199,1863
416,2397,26,23675,14085,432086,2646
140575,35,1815,51,470,21,4,240,3317,13,258,35,4801,6620,32,21
48537,4054,1,11796,19669,4,401676,26,19278
92,80,377,397,579,37,13,6986,1739,16,172,2646,133,11796,19669,37,58118,16057,35
74,214,1356,86,2319,93,240,80,297,64,17658,133,1733,269,1778
33,32,245,13,1426,45,32,35,381997,1729,45,32498,13,580,1,59,11,6297,45,5990,21111,70,2913,1
553,3765,13,4801,21671,6426,2971,92,468,33,148,1
33,538,196,64,248,11,25230,16,13,918,80,87,58600,218329,39,281,39,13160,800,35,11,654,83,1054,221,341
111,16,26286,2957,313,8102,111,16,96,3537,451,229,221,392,1,30,824,13,221,19500,1
1721,330,33,32,559,1721,86,225,10,873,10,225,559,1054,45,271,2029,1385,295,28,674,13,559,14801,1
59,7929,13,4948,2271,11,4160,58,1651,779,15571,276,10,784,13,4738,14,1653,21,9,9,9
344,245,2404,117,79,13,145,15,1113,7884,33,32,117,117,344,382,1,183,33,504,125,1
61417,4285,9850,11992,82,144332,534,1850,31701,1179,2821,1433
15,70,208,2709,1,764,1,1925,1716,15,883,785,35,13,4305,148,344,1
116,99,39,12969,152,4013,39,401676,4,407,12,1078,73594,12,1659,39,12,1078,12
6163,2709,1,35154,124,74,3362,428,93,35316,58,2133,26,39593,1
92,80,377,11,414,1510,4,80,47635,191
273,66,13,18004,468,9,37037,39,2714,39,13943,35,11,198401,33155,1
3150,46,607,35,218,1,128,53,56,13,1971,48132,39,13,658,356,14
14722,35,107172,35
520,547,147,1127,123251,21,85,26,795,33,32,78,239,29,533,46,46096,37,5096,2271,16,26640,21,85,88,9,9,9
16,22933,58,13,62000,316,1261,53
5303,695,344,374,21,11,2478,39,8142,200
32106,27376,70,468,350,14033,1733,11,61329,4,1218,109,70,78,1709,39,2331,26,38
164,629,130,39,3337,27132,13,22819,37,13,1215,39,13,1207,130,39,26,469,5596,1,38,26
8322,239,276,894,56,107730,35
13,38515,59838,5704,21,121,363,450,45,1511,35,107172,35
148,344,35,1415,191,96,890,350,533,329,70,13,469,15081,12843,221,110,29,531,53,749,43,33,1
35,13,1221,35426,788,15,276,64,509,2310,78,2866,746,11,435,1
13,1902,523,21,264,63,4454,35,46348,39,11,2294,5901,58,11,42250,621,10,129,16,6324,1
292556,6677,173,146802,1179,541814,2169,16977,3161,499,9850,5189,40269,2518,117217,109,425,11,619,1,186,1
8979,21,16,11,46977,26,284,21,4714,902,16,4405,21,88,9,9,9
1793,66,1632,39,281,30,3661,46,13,10669,1,107691,1317,782,1,124564,311,172,1317,1469,127,2972,9,9,9
13,145,10,899,13,145,2401,10,509,46,407,152,20622,38550,16,168,84848,1
26,265,13,4825,56,43052,16,13,6416,1
1165,63,33,713,56,13,288,10824,15,10391,35,181,26,78,36517,221,13,8999,39,11663,221,451,800,35,11,654,16,999,2528
12533,221,8370,96,39,558,620,10869,1415,35,13,344,26,110,53,330,1384,291,1
86,43,5990,1045,64,45,10804,1045,64,14,632
2294,32,37,13,65060,11251,22520,74,330,55472,428,32,2184,265,282,43,249,320,1,10315,1,1710
13,1425,39,330,128,416,15,2184
240,164,15,1290,29,1425,55,45,80,102,1151,829,35,13,10872,22034,6293,39,144466,1
4882,292556,249309,5318,200,696,191,489,554,13,1397,127,171,33,1,55,109,1290,504,1425
177,16,264,61,2692,533,1,46,13,49450,264,202,295,16,115,45,10,425,15,701,574,2210,9,9,9
16740,23057,26,11738
126,145,463,43,10,64,16,2211,13,930,14,14,14
124,6467,11,5883,5281,46,797,79,86,523,168,55
384,61,10929,2021,13,580,5717,83,23005,32,39,30,716,35,1822,39,11,1386,417,9,9,9
15,70,397,46,271,39,29,13078,26,17968,33,489,11,701,459
70,80,653,121,30774,16792,14,14,14,88,9,9,9,30,40862,68,13,271,107,708,26,4219
1049,758,14417,37456,284,21,16,7714,1049,111,146740,695,13,1680,20661,15,26,21,1
30,271,10,64,13,2672,35,29,6195,79,111,46,29,9025,13,4770,32,3888
15,425,21,816,2031,29,2437,37,10,361,1746,1054,18246,16,19692,39
74,55,15,70,13,1881,45,2929,13,3057,549,35,29,181
61,18675,32,245,1941,124,11,1482,152,13,344,5210,56,177,245
10,5545,29,9779,1155,1,13,635,1728,21,86,128,15,43,1321,11,933,1494,14,35431,407,525,681,4,63,83,7093,26,322,1
74,1321,11,11204,17685,569,28517,15,26,11,1045,35,9079,78,4,240,29,1034,531,15,70,11,20689,1
126,6054,32,13,533,782,172,4308,121,533,875,26,2456,35,68,58,13,17276,1
92,330,36099,181,489,15,33,93,78,16,56,4745,35,13,533,79,16,56,9875,58,954
68,32,13,11458,39,381,533,37,92,6110,35,290,1523,13,17158,79,92,265,424,15947,954,449,1
15,896,64,11,74147,3111,35,61,6195,208,110,1,126,16,716,33,16,221,833,8476,2,3672,83,2215,1
172,1298,39,20566,11,417,133,533,32,16,509,559,46,13,651,39,13,417,28,355812,67502,17,78,55,3165,20,88,9,9
10,6110,61,1425,59,16,64,11,264,39,11,6131,34978,11,24648,35,29,14085,45,15880,75,13,520,209,35,29,181,1
45,4188,32,989,68
13,2294,7181,576,13,432086,1863,4,401676,2646,1863,4,432086,2646,123
4998,20438,133,1317,2,30,1087,86,1041,35,181,4,2109,191,10233,153,11498,46,607,39,33,26,985,1732,1
493310,2284,534,82,19946,181,534,7376,4338,292556,2518,5318,207034,69,19291,2518,333,1,694,113567,286257
5990,66944,45,297,4408,15,35,3577,3035,22399,28
48,9576,14444,48,93,11,410,26,33,93,33214,28,13,449,7410,3320,32,8805,9,9,9
35431,190,1106991,46,1494,10,1262,35,11152,833,39,28068,1
92,33,32,559,83,45842,124,110,164,87,13,108876,39,674,45,33,32,3117,229,13,98250,31669,32,186518
86,32,13,2953,1471,21404,4,51668,26,26497,14,28
172,1881,11,125,8610,5889,39,2138,973,28
12701,39,2007,1480,530,1465,9375,185655,5889,2,1915,28
43071,7200,20743,654,2579,56078,4,79,164,28
375,1271,25748,70,425,39,7050,28
53,32,13,449,6534,6097,35,13,367,28
229,4,1045,4909,26,831,8473,19043
520,547,239,7718,78,2261,1296,135,3673,33,4044,26821
246,18452,28,10412,597,254,338,2193,28,35,11,8153,367,28
55324,49102,12554,11,2073,121,86714,83,99552,28,65690,58,13,2476
6382,2819,46,32,40025,1,375,1326,130,276,56,35019,46,13,2971,26,13790,152,450,6382,6475,1
1797,119,58,11,17,6382,20,45123
902,121,182632,1,186,121,558,4770,83,1215,111284,1
117,235,674,64437,20357,83,3739,37,311,2288,35,53,8509,83,8153,367
55,45,33,713,2496,13,4088
929,2972,644,221,59,11,25600,37,13,171,39,13,24047,59,55485,152,11,670,39,5041,65837,352
4595,35,218,32,78,121,9689,350,1729,79,350,4040,26,2308,574,10365,9,9,9
195,15,115,45,1221,3083,93,1302,152,130,942,35,13,1221,16,13,5463,878,1
288,135,10,1220,53,93,35,566,1477,13,10145,1030,2318,526,168,1959,85,88,9,9,9
11614,79,78,75,31943,20719,70,2034,208,1034,88,9,9,9
469704,55,3409,2491,2527,10,225,55,3409,273,489,29,533,1054,520,9689,1,79,16,479,78,1363,33,644
147,59,1579,29,8292,88,9,9,9
75,29,1953,70,540,55,276,10,796,274,1,3599,13,271,109,701,330,10,59,2281,26,64,699,16,2875
1721,330,33,992,7193,1313,25,133,504,3343,26,212193,9881,35,543,110,1422,83,933,1,88,9,9,9
13,1185,2931,11,56677,39,6522,26,11,3222,39,47126,11,273,66,2875,26,13,1064,329,70,15,1034,14
175,70,568,1326,39,130,35,13,367,13,1397,45,6324,35,13,1801,26,13,469,127,2248,121,33,1
11,125,16,626,2840,61,1425,1733,61,20134,9135,99,11,1959,16,1250,12143,190,3323,1,88,9,9,9
117,395,70,425,58,5402,26,11452,1,26,15,14,673,30,4,15,70,425,58,6029,26,1535,1
10,143,11,30815,37,29,1216,125,133,11,1428,39,20219,10,115,1,761,109,28110,21,92,10,813,228,12,10,289,433,1,12
4890,32,172,19067,4,329,35,11,246,12332,249,48,13891,9310,48,26,11,1240,24441,168,48,15136,48,1
1729,85,778929
13,1109,276,56,795,35,13,1109,4,8570,451,16,999,1,317,181,37,86,328,215,4,78,37,86,1312,215,1941,549,1
25559,1655,124,11,55762,32,11,4726,5956,45,19099,1012,130,16,433,703
1005,33,24345,46,13,271,16,619,5039,7457,1793,5069,407,716,24837,24754,1
10,93,59,13037,16,61,2290,229,224118
538,33,32,316,56,2621,13,892,32,205052,122,892,3753,16,13,16778,148
74,1572,812,93,55,903,26,7864,164,93,147,1704,931,58,414,831,127,75,33230,12,589,1451,9,12,66,168,14,59,4389,9,9,9
10,420,80,128,56,382,718,80,479,26,240,56,5818,382,26,9602,13,185,99,39,130,152,1619,46,33991,26,9882,9,9,9
3343,37,13,125,2,3495,61,28153,74,15,64,11,6986,9,9,9,1721,29,15,143,11,4412,296,229,32,13,14223,9,9,9
356,518,1240,9828,168,1542,37,13,325,135,28,68
355351,509,61,209,243,119,171,15,182,355,35,13,302,59,62789,110,35,13,302,1,51,73,1362,9,9,9
7315,1191225,12172,26042,685,7439,5925,28,75,375,2268,9234,9,9,9
277,6702,32,162824,35,11,35630,21404,28,44264
9558,9470,186431,133,3260,28
53,32,11,22632,15,102,1250,1514,788,28
22468,1317,5800,4456,216154,28,37,13,68,39,13686
14975,58,1680,1467,16709,28,87,21,13,4088,28
13,4333,39,17257,10027,829,58,278772,142744
37,13,2491,2478,39,533,1
2565,46455,34986,1216,36227,46,32442,455,16,401676,2331,66,2331,3004,281
1782,16,716,558,110,214,29,4435,70,1135,88,9,9,9,459,96
5655,9472,15496,3856,11,45670,34787,489,11,20661,214,16,56,899,313,152,11,1301,1,6743,152,8228,8223,61,918,1
3337,1078,3529,35,173946,16659,1949
23725,83,143577,23725,3073,124,831,19779,133,16,1078,3529,35,350,24643,1
40453,22205,5806,125810,16,6431,22819,13039,99,39,762
130,145,1849,153,22819,13039,14,40453,22205,5806,43736
470,13,2491,2478,39,61,533,83,183,538,33,11226,35,7454,1,897,215,33,79,16,2496,634,824,13,670,1
9100,43,2126,58,4435,718,1444,6270,888,46,350,650,240,13,533,2040,468,33
398,1064,221,11,1741,367,35,13,3190
74,11,1542,32,1746,66,13,12539,3673,4,33,1218,109,64,19228,1
15,70,1363,13,14042
1054,520,547,61,10038,3822,32,55,491,88,9,9,9
1304,33
12,654,107,765310,46,13,7144,39,13,29539,46104,4,107,93,66398,133,135,16,135,152
86,11,532,1141,9,134918,35,1
78,214,11,4306,894,11,19293
1667,1076,35,13,3714,6105,1
272,18093,164,784,4335,1447,215,1268,7850,39,1422,14,11,2,1145,75,13,33191
883,53,35,13,16,11796,19669,2216,1
2908,70,11,670,63,18085,1,64,15,272,2412,66,61,146,26,18093,47,14
190,875,533,267,109,64,214,96,1733,875,350,8730,267,109,64,39,228,88,9,9
33,32,3649,6054,26,7261,45,449,39,13,68,1525,64,13,892,672,35,33,1
1444,6270,70,2542,46,29,650
903,108056,1
1619,313,13,933,8054,35,1041,375448,8926,16,20830,15,231,61,2747,1,45,32,316,56,504,417,39,6637
148,11,246,8456,46,29,1632,26,1728,37,11,1741,23473,4854,13,3376,5253,3422,1,10,1527,282,11,4088,39,1447,1
1858,33,800,58,13,16778,1752,93,117,79,1196,28694,1861,1,88,9,9,9
496,469,15257,469,285,101749,1,88,9,9,9
10,260,11,264,45,929,2972,37,21,26,358,59,1858,1665,11,1086,34218,26,110,10,43,64,11,670,39,5452,275,1
337,15,419188,1,10,182,6321,13,1203,110,844,39,1742,11992,1203,389,899,63,243073
425,21,626,30343,1711,524,14072,1
13,17966,15001,39,330,3649,1579,35,8805
922,13,2897,6134,39,12,11992,11992,36867,186703,1433,12,50512
1721,15,478,19335,32,9181,143,33,1200,9,9,9,1200,9,9,9,1200,9,9,9,337,51,45,93,1227
868,16,29,1258,55,10,102,1173,46,61,12677,37,86,15,195,58,29,3416
74,10,225,664,5298,21,79,143,16,226,61,7467,70,55
221,595,992,156,202,102,959,553,11,7194,153,11,64079,39,6029,20223,108077,37,148
10,59,260,29,1573,416,468,45,1473,43,86,523,15,177,112914,61,4219,1,183,54769,1
538,15,196,64,3469,61,34760,701,16,1404,46,3856,7526,1,243,46,3694,13,73754,10,102,163,33,239,1,88,9,9,9
22365,34009,11,1404,39,1999,26,11,2210,96
453,53,86,377,80,20710,121,996,238,87,21,11,2258,133,13,3052,1
1444,1447,33893,96,39,13,209,271,16,14432,1447,5920,4,26,894,54078,860,1447,16,2654,1447,1
38209,39,510709,32,17412,1205,74147,1,79,800,107730,13591,56,11,341,2313,35,401676,19278
15,70,63886,21,399,11,1296,59,260,16,361,29,24099,110,15,102,43,45,389
74,214,29,2437,377,101763,152,13,96,127,876,16,163,33,1054,8370,196,64,191,5987,86,14,14,14,1054,1953,831,894,999,1
55,582,33,276,56,989,2073,33,276,56,407,124,1116,8439,39,5971,1
1054,824,86,523,15,894,436,55,202,121,168,369017,397,3117,147,32,491,37,168,56720,1740
10,63,31020,13,4167,802,55,202,55,58,11,670,39,5987,208,6321
518176,9192,16,1425,254,401676
2431,13,1317,32,127415,88
397,579,37,4890,201934,47466,1
56,209426,26,574,177,63,53,11669,88,9,9,9
30,1113,15,245
181,794,8921
153816,119837,11458
4143,102,56,286167,16,395,135351,75,576,92,209426,83,381510,26,13711,119,92,4668
4033,841985,8404,1367,28,11,83,36,19278,38,4613,46,2552,1,38,38,13,38
267,39,13,4673,18794,13,10665,4,1,39,3337,143,375,19278,1,38,38,8570,10665,4,1,879376,3337,64,30
107,32,172,10562,39,19252,26,11,522154,11556
13,520,130,6769,10596,3337,143,401676,19278,70,78,15008,38,38,8851,38,19252,14
13,5039,11,151,583399,215,22670,11,2909,46,11,83,36,46,2866,7457,39,14437,160,162,4,24203,28,28
71440,32,182,7410,7592,1480,88,9,9,9
74,4160,7046,26,9882,297,436,29,330,152,13,271,297,238,384,21,329,10,4745,13,16740,4079,14,88,9,9,9
59,143,1501,26,53305,35,13,344,10,68,375,1582,39,9669,1,33,523,11,670,39,6985,1,9,9,9
55,423620,221,78,13,584,1465,79,13,35431,45,5688,428,330,2159,9,9,9
83,469407,981687,1,110,61,868,1,200425,16977
8351,15,9,9,9,82987,15,8766,685,6337,148,131601,927,61,44955,1,56,76330,83,1849,1
26,45,36343,22858,61,13981,37,53,367,1
375,70089,329,1733,13,4335,453,13,38201,113073,1,26,33,15497,85,245,4,6940
5170,1863,3099,34824,1863
22819,2,7224,149508,42026,12743,8290,57014,152,4939,17,300937,4,61800,4,41390,20
26,10,232,87,254,51,1422,4335,1
218547,2,11,3577,507,39,4802,16703
969585,5222,2,12,329,70,15,211,14,12,953959,2,12,397,13,673,99,39,198140,12
2331,70,177,58,277,13,39,3817,1502,35,401676,4,109,143,13,202,2379,100044,8521,39917,1
496,117,946,37,14147,401676,14,74,15,70,844,175,32,30,172433,39,2654,1447,35,401676,4,240,15,70,664,1
92,13,190266,2521,4,6907,13,190266,860,4,33,3818,13,939,39
234,13160,4164,16,243,497,58,291,1
11,1741,1394,3532,102,374,15,55,202,2319,63,221,11,2521,833,39,1394,9,9
193,11,607,7433,46,16,13,17177
8162,35,1077,39,4545,9602,46,18369,1089,15030,1
3606,16,37,750,598,2530,4,53,135,4,11,5655,762,83,899,38,201
55,459,3834,1690,37,2254,35,11796,19669
860,15516,12276,35,39,401676,83,12800,123,19278
61,2465,32,520,355,1,10,225,4558,16,883,53,1582,2465,133,2546,1
2621,4,92,12528,93,5270,35,1908,4,51,32494,5780,420,1,15,260,989,37,2713,26,281400,53,7534,1,3606,2621,1
894,11,2261,16,433,5604,654,7594,296,1980
296,37,13,7453,296,1980,98053,36,2751,26,39,1603,13,6527,4169
148,10,59,1613,66,34824,1863,35
352,80,43,92,80,292,13,1863,4388,5527,6475,1753,35,432086,4,4,26,80
5319,83,2002,66,12535,2646,1,80,64,957,13,518,162356,7703,46,13,14429,1
4168,85,45,37202,11740,381,353,32,59,172,8952,1090,16,43
10052,35,11,731,22819,8806,221,59,8952,284,11,6439,9,9,11,547,3983
13,5588,39,4939,26,13,5946,37,13,353,39,10164,523,1268,133,954
10,93,5807,58,39,3981,33630
53,246,32,13,6979,16,75,13,2317,2010,29076,603717,1696,83701
14080,1863,4,432086
26,33,93,11,117,9990,4727,133,296,107775
8952,79,547,1,10,143,43991,16,11796,19669,1188,3492,17,3568,20,37,1
319,4,3824,4,79,2034,313,1416,1
11796,19669,4,401676,26,19278
504,1494,504,13,235,504,13,8532,39,2705
347,51,1494,85,29,367,63,929,645,86,523,55,565
873,428,663,744,11,1436,26,3083,16,13,25665,39,504,22242
10,553,16,1078,51,79,504,55,559,10,29751
10,59,289,56,2034,35,504,68
124,3502,124,1447,102,56,9,37590,58118,432086,2646
46,13,13654,2934,4550,25530,2646
4595,32,34180,63,414,395,3114,199,11145,5463,504,67929,36,750,389,660,16
922,13,122,784,1447,68860,46,13,2703
15520,401676,83,537504,41833,17,3889,20,37,37,455,133,530,16,530,4,66,4,11796,19669
11,886,122,367,22862,1
59130,338,16,13,12329,26,172,565,5904,530,51,64,87,75,13,1248,26,2530
281,39,30464
13,214,117,410,121,55,880,32,13304,1
20860,39,8387,1,1,11796,19669,1,2348,1,401676,83,19278,1
8387,1,1863,4,11796,19669,4,2348,1,401676,83,19278,1,1,8387
4110,2200,46,432086,1,17,25530,51178,20
66,432086,199254,35,432086,4,401676,26,19278
66,25530,51178
198074,24861
685,135,109,11776,13,135,5338,1,10,129,16,111,119,16,29,1
53,1753,32,133,1,33,93,29558,16,56,175,1,1534,21,3341,4
96,93,35158,66,26393,7446,121,6842,4044,35,56561,39,4726,8526,11245,469,46,5895,1781,63315
1423,39,530,93,36227,38,436,16,9558,39,401676,19278,35,3675,43909,2974,46528,1
2923,313,11,6054,6202,16,39107,4530,13,17364,2170,32,153,6660,1,100044,8521,1636,75,2360,1
117,3375,11796,19669,4,401676,26,19278
3606,16,53,24203,597,26,249,13993,6898,11,83,36,21529,37,2530,1
75,125,463,10,1980,58,63442,25530,56772,31702,4335,39,53,367
37976,26,61509,5693,70,49257,46,18130,26,13,495348,70,94635,9
12,732000,5802,12,32,11,127168,507,39,1781,1,9237,4,83,2477,16,191,2939,4,10,260,16,43,415753,56561,46,11,732000,347,1
12688,14867,70,10173,58,47267,12688,42734,1
14218,749,35,24780,216074,2646
92,33,15641,53,4559,4,1056767,34824,1863,32,78,13,450,1,163,13,866,66,221,24754,1
329,175,32,30,1121,37,36207,3325,46,13,11463,4,739,3991,70,132748,1
1077,39,130,16,31455,26,3227,32,145,4,55,70,13,1077,39,11245,39,11841,1785,26,666984,39,23165,1
63606,401676,12535,2646,4,401676,26
554,145,177,9490,39,13,125,530,51,4300,145,5129,3311,64,11,125,3116,6239,39,68
75,15,115,121,29,68,37,1,26,126,297,10,292,13,5571,16,1443
109,226,7749,3532,83,860,574219,70,82480,1,10,226,10,64,807,228,35,13,34439,329,2572,497,1,78,11,731,1815,12302,16,58860
267,39,13,37342,4,13,8832,688,52894,215,58841,172,6637,1,128,433,33,1
1,10,156,93,4038,35,2584,1028,10,782,53,614,56,13,450,1155,1,29920,70,1268,9
64,15,4746,13,7825,48,416,17979,26,2419,48,14,3045,35
4549,32,13,449,4500,13524,39,39470,6211,35,3991,63,291,4,221,78,1
126,21064,16,462,53,10746,2500,92,33,32,2445,4463,4335,9
53,1141,78,44420,23620,465876,56,425,6660,83,6064,56,221,44420,37,13693,9
10,225,229,765,1698,1,5170,53,908,59,63,35427,1,29,122,531,32,894,63,21,1
148,10,855,37,66,35,133,1422,337479,13680,1,37,13
21,4,29,1655,26
27887,2747,26,68,35,401676,83,9,34824
239,92,13,507,39,1781,32,3502,17,1311,1,20773,4,4549,4,3850,20,4,13,30559,39,1781,20914,56,496,153,32738,153,48795,1
44052,20279,16950,965,64,200124,70,11,18481,15792,1
175,70,145,285,62142,1
19910,32,520,4475,1
32541,70,1043,4260,1
9351,35,13,1188,4,11498,35,29,584,28,10,1113,74,13,34439,232,292,21
11796,19669,679866,23292,34824,1863
1306,51822,1,96,39,13,554,881,7181,45,1221,1863,1,532,35,350,720
11,19601,5710,133,13,1447,11219,132158,9,401676,83,19278
13,264,39,10145,2428,61,2747,3968,9,9,9,117,344
626,13,938,33,93,98,3968,312,232,102,264,13,2054,717,11,1021,2007,713,515,1290,46
6721,489,13,315308,10798,9,13,1415,35,13,17755,21310,393,11,14218,26,111503
30,384,315,121,291,276,10731,4745,33,124,11,2073,88,9,9,9
38548,41877,5718,130,35,5718,70793,1514,13,5718,2055,1423,39,32,38548,5718,14,30,4,83060,1
59,598,1069,39,3056,26,33,2209,15,11,1268,5678,1
4,13341,3356,17,48877,100160,14,20,110,11,10,196,68
48,16541,48,36993,35,110641,98250,5311,28
15524,58,11,3056,397,2496,171,145,5421,35,13
21115,11,1109,31425,26,795,21,16228
451,110,10,87,33,221,7703,45,15,68,9,9,9,10,156,68,13,2844,39,240979,48910,518,7703,20834,9,9,9,459,264
858,13693,794,363,16,45397,46
200,163,29,88309,46,4417,12778,1,102,10,320,37,15,14
248,942,37,1109,1086,641,34927,883,218329,39,33,79,245,13,450,4745,942,1750,33,14
422,59,191,861,1090,436,861,55,284,33,124,575,436,44575
115526,14142,117217,9850,7376,2400,2284,19946,208022,534,5208,46337,493310,25912,6101,8253,534,60325,1433,1179,7376,7852,2518
11,701,2929,13,651,2579,177,29,1907,1907,672,2549,425,15,177,340,340,340
422,15,56,35,2054,143,16,762,2725,328,344,88,9,9,9,19946,48557,3579,499,292556,18889,6677,46337
416,13,15955,1933,83,1894,191,6652,262028,5871,117
2021,504,27111,110,9,9,9
14038,231,23536,9,9,9
29,531,5941,66,2941,295,687,16,13,3211
1850,21,13,2799,39,17745
172,44696,11866,344648,58,221,43300,1,10,1145,1579,13,2712,124,10,93,1619,576,13
5264,11,520,177,338,574,2210,6527
59,826,11,327,9961,1690,4,11796,19669
22029,19206,93,13,17444,39,13,125
29,117,330,6772,453,10,93,4454,66,13,7433,39,13,11252,88,9,9,9,459,96
653,121,68,153,3521,2133,3599,375,568,2338,520,296
420,33,215,11,6424,8102,2311,14
245,26,124,3148,316,56,3580,2496,83,1121,330,2159,9,9,9
13,1436,39,305734,26,840328,330,2159,9,9,9,1444,6270,70,2542,46,29,650
433,82208,7466,39,13,860,4847,133,31943,16,2034,24780,216074
1595,11,1151,2603,13,565,1286,32565,80257,13
269,45,1400,295,1205,39,79,16,47281,16,181
903,46,2500,16,987,15357,2319
164,10665,32,6185,35,4847,3480,39,30457,38,12864,153,20301,2549,14,80,64,670,145,1849,352,469,285,4218,16,43,1
240,53,81944,128,56,16168,16,61,599427,2311,399,37,13,100456,12977,41616,29,3735,9,9,9
86,11,861,19877,14,14,14,744,13,7403,61,566,18670,295
341,2022,1,2431,100044,8521,13272,128,56,15008,35,13,1908,35,13,2978,1306,1
20867,4550,4,341,3337
1574,117,19940,37,25974,70016,1,320,124,202,135,124,2436,1,171,580,37,619,1,9541,16
74,1158,8385,38491,35,401676,4,172433,39,102,76,53711,152,1068,949,8452,152,17944,35,12864
2031,6866,13206,152,13434,3619,53,1345,83,2153,4322
4968,16,53,200326,2345
55,53,32,96,39,13,2939,37,20771,4545,38
2829,11,64735,2634
708,63,11,4801,10038,3822,3904,12108,68,2419,344,77695
4263,13,12363
375514
10,64,30992,3248,974,11,22306,651,414,46,13,277233,1258,1613,33
133,15,221,11,903,6556,68718,16,330,2159,15,368021,2621,1
88,45,93,182,134194,6321,208,35,13,1350,110
70,80,653,121,1045,2794,14,14,14
1659,39,8772,20816,39,2055,1203,4,74,80,4119,59711,39,3187,4,11905,35,6761,4,33,128,56,295,1
191,28306,70,3731,6595,35,350,320,1,53,128836,313,13,2953,1471,228,26,15870,108170,1
11,122388,699791,881,1083,32,1005,35,11,61329,35,20914,56,13,7886,1534,53,14
183,33,2609,2304,68,83,5110,111,58,15,4255
13,520,775,39,580,931,482776,168,334,42,42,151,13,6740
107,32,96,39,29,2294,27440,26,1613,13,688,20366,9,9,9
15,462,33,4564,3599,13,660,802,794,4564,79,10,226,13,8703,802,39,181,70,245,533,10365
5127,35,1523,83,27974,1733
59124,111418,917,2122,55554,9641,96,37,13,3419,2050,4330,9,9,9
10,883,20366,35,10133,746,88,9,9,9,509,11,670,39,3931,16,13,688,23536,14038,231,16,15
83701,43,33,11385,33,477
15,6983,12442
401676,215,520,1933,6241,13,1144,45,175,32,239,11,908,989,12,12,35
17593,9,53,59938,102,190,56,13,879,39,1094,3337,1
29,642,32,37,23536,4388,20366
9869,96,145,165154,17044,16,1596,130,6599,9,9,9
13,60169,860,49016,221,29153,4,11740,26,32481,7069,13,60169,15302,39,2521
59,1213,16,48,384,21,127,61,382,70,26,10,128,384,86,1582,39,11,417,15,70,48
175,32,30,37173,37,10796,123363,133,11,21382,1,530,5270,76,9029,4,79,128,56,12843,1
168426,133,60689,9,9,9,11796,19669,4,401676,26,19278
13,939,39,13,101719,39,24203,465876,4013,133
148,4,277,110288,16135,128,2684,10892,5791,37,122,6399,2978,1056767,34824,1863,1
866,2,28,1064664,123886,866,2,28,432086,2646,3419,908,619,1261
1312,4,80,377,4429,291,16,1621,16097,1,4139,39,16097,70,46,28602
10,93,664,1,169677,1527,122964,35,11245,1,53,5889,32,34265,1941,35,401676,35,11,5574,36846,39,11245,10173,16,469,3991,1
43709,59466,109288
148,32,11,362708,1989,125,37,363783,10395,66,3675,43909,2974,11796,19669,1,838594,35,11,125,9
319,4,175,32,11,1301,989,401676,19278,70,23546,145,285,25260,549,133,2345,1
973,344,54841,11796,19669,4
1750,45,2844,789,10,30960,68,32,35,13,1188
319,4,11,6660,518,246,34117,12516,11,5655,1240,35,401676,1,172,46421,1815,16,9179,53092,39,13842,21309,58,2170
53,52689,1577,1,550,6144,1590,39,29,2263,24718,1
10,1858,5136,1573,318,4,111,55,296,4,3117,35,13,2053,39,13,4857,4079,4,10,1782,164,13,673,10,93,35,13,4293,1
610,610,610,153,6439,6439,6439,9,9,9,1750,295,14
15,115,11,355,5035,92,12641,5806,15,16,361,26,265,168,99,9
52815,5594,215,11,1666,8137,5494,2263,32,78,96,39,228,9
10,93,606,695,11,9713,1203,1,33,407,726408,20203,102,56,957,16,183,11,16077,27019,10,93,3050,726408,20203,14
11,990,128,7382,868,68,1733,99,1,26,13,1155,32,4530,15,102,68,133,1012,10238,1
761,15,102,1384,13,1447,9,9,9
904,16,8965
4624,5654,1,231,16,432086,11796,19669,51207
4454,361,26,606,66,11,3056,63,53,4,90330,66,13,1422,1745,20719,4,13,21000
66,11796,19669,3100
860,26,11498,1,26,11145,1,1863
239,145,532,285,33,12865,16,56,35,13,920,1,53,908,1,53,1863,1
63,15,109038,39,13,25317,1,88
277,5110,70,58,15,36214,43,61,802,552
6671,39,29,4013,17,16855,39,2526,465876,20,92,10,22346,13,10331,39,100044,8521
3705,10892,5791,37,8427,11,4649,37,965,107,195,78,64,6050,1,3376,33874,64,12895,26609,79,78,8772,3084
11660,13033,215,3469,20623,16,277,715,4,16,88973,13,135,11407,92,16,462,11,881,1083,48,247003,48,1,496,7173,14
626,53,27422,4,15174,125803
42565,39,181,14038,231,9,9,9,15,396,276,163,53
11,1423,518,347,2281,48,137,11,398,3954,16,45,1741,24203,4511
375,37884,37,83689,39,247003,122388,881,11215,70,7454,305,1
16,20038,58,15460,32,13,209,802,39,16341,1
15,87,11,130134,26,42367,37,45,88
4327,663,621,32,204374,123,621,663,4327,32,7410,1,16,888,35,68,145,7410
11796,19669,401676,83
12,2,10,68,168,6486,9,12
45,2067,674,92,15,858,6782,61,695798,9
36262,47474,1863,12276,36262,14085,1863,12276,4,432086,4,401676,19278
125,1,401676,1893,1,607,2,318090,1863,4,5495,2646,3965,2,2934,4550,2646
401676,455,9,11796,19669,51207
933,693818,340993,38,463,190435,340993,63,29,1737
12,13,860,4,800,33,79012,221,4727,4,8911,96,35,221,2378,39,1113,779,12,58118,16057,66,401676,83,19278
50805,1868,1547,85,3904,3100,37,401676,1050
10,11796,19669
3532
1363,13,574,1,25530,51178,12276,432086
904,16,13,878,1,25530,51178,12276,432086
10,11796,19669
16779,10050,28
135,37,51,16,45397,164,32,232,55,3845
1034,200,265,21,115,74,175,32,496,2465,7457,35,11796,19669,16,14020,1698,518,24692,1
107755,3618,1404,2281,11,3256,1781,4,276,13,3057,85512,37,6202,17,14557,37107,20,16,9470,207943,14
60612,135,37,58,13782,35,34824,1863
1444,35,13,1422,860,1
4013,39,11796,19669,11010,11,628,16,4352,4607,125,1,109,377,2692,16,4607,1,80,260,2742,39,575,1,269,4013
175,70,214,11,1086,352,45,102,2397,21,4,96,39,965,32,13,48644,26,2274,39,11
13,3256,25530,11474,12535,2646,4,401676,26
29,90737,23620,45,53,32,547,8637,147819,26,1094,13308,1
858,13,125,19628,658,26,35,590,39,694,13,3320,128,56,2368,10,225,49576,16,694,16,43,191,8426,26,1384,228,1
10,11796,19669
2940,10,1621,78451,10,111,175,6111
292,13,908,1,25530,51178,12276,432086
19410,133,11796,19669,9
361,2641,361,1531
2641,361,744,350,1353,350,590,238416,2183,4,106051,157370,2268
86,32,13,3729,39,53,3320,164,130,1132,1,677,59,37,3211
239,130,602,1210,58,11692,109,758,53,1741,11692,894,361,9700,1,361,2641,200
984665,7683,2,4,11796,19669,4,401676,1
2183,219,3480,3469,152,2268,63,238416,2183,4,2183,157370,4,2183,530,145,1,361,75,13412,1
2261,61,3211,28607,169644,6813,4421
11,37631,1815,39,13271,2819,152,48877,93,152086,1,29,325,3084,58,739,1582,39,1815,1
32849,2621,10,225,473,16,22269,15,45,15,6689,13,104968,81923,37,886,1670,79,86,121,13,11796,19669,934,1
13,886,1670,5170,13,4,79,11796,19669,5170,1153478,4285,1
10,129,16,56,63,37726,39,11498,30014,58,13,159052,39,135,942,37,13
96,28467,16,1132,22205,40170,26,598,96,551,2368,11,1404,35,4163,35,20432,23954,1,11267,615,10349,11796,19669
13,17004,32,232,55,4953,14,1698,46,26,33,232,1884,55,355,428,32,99,39,908
401676,26,19278,215,1005,7016,35,13,4857,908,1,809820,26,618290,70,602,9985,6211,12820,35,3337
35716,215,1941,135,685,2858,133,99,1258,185794,153,127,64,185794,10,2311,4,81410
269,37,31757,13,6122,1,202,9666
13,135,10,855,3765,1,29,325,13680,16,9031,13,18820,39,13,25308,367,93
175,32,50698,39,2579,9867,3986,35,11796,19669,401676,1,10,257,334964,83,469,59134
1863,1443,11796,19669,4,401676
1573,58,172,5990,531,26,6507,531,432086,2646,28
74,238,297,9031,11,133359,13524,39,787741,39,860,1447,4,33,128,56,11,4111,1069,1
7850,39,1422,12535,2646,4,401676,26
13,449,3710,1753,1941,9,2669,37,45077,1062612,98719,1753,152,13,565,10,68
37,2584,135,765,1781,152,111112,318266,4,4909,17,48,137,1203,2949,33,20,17927,37,21064
164,130,39,401676,83,32,232,52888,14,37,53,1326,39,40226,4,80,232,64,58,2181,37,36814
929,133,61,1258,215,64707,21,1028,110,1,92,128,61,12,21605,12,243,14
2875,35,3337,1,432086,2646,432086,2646,28,401676,26
45,1340,674,1,473,37,13,27194,1,79,10,264,109,70,583,1
348,1642,4,1443,191,19910,9,9,9
58,29,619,16,163,13,15299,66,1056767,34824,1863,1
344,12378,9,9,744,2258,37,397,16022,11796,19669,4,401676,26,19278
708,63,13,11236,1009,215,5406,35,401676,9
80787,1863,1,1
269,37,504,296,63626,10688,4541,46,5840,290981,4,1924,8058,26,12079,6241,16,277,4013,1
100044,29920,614,56,2089,16,31915,4615,2776,1,9237,4,221,78,11,2464,35,554,3991,10,115,9
48537,4054,11796,19669,4,401676,26,19278
74,15,70,35,1,240,51,614,111,35,53,6075,908,4,111,26,1261,58,26
1,53,32,13,96,39,13,533,9689,3991,39,3337,1,807878,59,389,10,129,16,3056,13,129934
35,13,2053,39,13,4335,1653,16,15228,8387,133,229,1,1,1,1,1,1
146206,1493,13,1667,10,68,87628,228,75,1,363,47650,4,363
1056767,34824,1863,32,598,3845,1863,66,11796,19669,1,1,1,1,1
175,32,30,624,16,13,1268,7466,26,36793,109,243,1,1,1,1,1,1
1750,11,1863,663,11,3056,39,191,19910,7181,1,1,1,1,1
22981,1,12,80,115,249,590,1,80,8473,1499,121,30519,127,102,5728,249,881,1083,12
1658,58,13,56772
284,21,549,16,24575,9697,1,284,21,549,16,1422,17755,1,284,21,549,16,39320,20719,1
315,215,1220,39,2875,1,10,64,807,944,1,1422,17755,965,899,37,3519,26,2034,1447
13,1077,39,32274,64,20520,554,80442,35,288,1086,641,13,2361,39,13,11463,70,1145,13,450,1
16352,66,13,34439,1,1,1,1,1
13,11796,66,11796,19669,1,1,1,1,1
1667,23063,1,1,1,1
2621,10,129,16,43,5258,37,4220,13335,79,10,716,1543,832,43951,2378,32,16,202,1983,2594,43,363,832,1
8387,66,1056767,34824,1863,1,1,1,1,1,1
406,15,13,450,1,2257,4,10,225,1665,954137,17822,35,277,1580,5911,765,191,135,1,469,3376,335214,73,175
59,63,277,19941,11976,514751,4,554,2331,22876,70,894,1135,663,311,1773,16,1392,350,8001,37,149845,1
1733,13,2646,221,156,63495,11,10050,16,56,890,489,13,10798,1,1,1,1,1,1
1733,13,2646,221,55,63495,10050,45,15,102,56,890,35,13,10798,1
1858,16,15228,13,833,3052,7144,1,1,1,1,1
13,21196,271,9,9,35,13,408790,39,401676,1
5990,11796,19669,4,401676,26,19278
393,11454,39,18427,474344,4,1665
858,10,1005,13,2206,965,215,2579,41813,1,214,46,730,9,451,9,9,9,75,954,3770,61089,1
177,338,16,13,48,1696,39,24765,48,26,29,777,574,2210,26,64,172,565,356,36,135,3116,1261
29,324863,11819,16,446515,32,78,750,22369,580671,38,49,38,26,580671,38,49,38,200,515,72
10,63,398,92964,4,26,10,1817,1262,9,34824,1863
37,191,15250,1661,320,4,10,75753,35,11,22292,37,13,325,708,55,532,133,4728,1
6374,9847
277,7825,6522,152,10665,1,79,163,126,158728,26,53,30852,54472,7825,23744,35,53,2373,2978,152,19252,21698
875,13,9882,1,1076,424,1,52836,61,1426,1,374,61,209,1,7951,148,1,13,5478,9
64491,17,20,5253,29423,6293,26,337479
425,382,58,11,2610,356,518,127,93,5065,406,26,33977,85,249,2417,37,1573,1,623
260,11,575,125,66,432086,2646,26,191,1447,2340,1
131,4,34439,9,34824,1863
61,515261,17536,83,9087,70,3339,1089311,83,109,3770,3376,489072,58,515,39,504,2331,35,401676,26
34824,1863
34824,1863
34824,1863
148,80,152086,2660,16,515571,4530,109,70,7069,1255,3928,66,11796,19669,2040,46,6996,1
11,1741,68609,3117,46,13,6105,39,432086,4,13459,133,11,6986,1
4,349042,4,48874,26,315804,9830
229,32,818255,2607,2086,163,81923,310263
74,15,171,812,580,240,8223,61,620,580,23349,1,1147110,580,361,152
63017,45,987,119,6828,361,79,128,56,211,46,164,1147110,77956,361,14
580671,38,49,38,53,324863,32,9004,133,1,30,96,32,25563,121,324863
456,12965,79599,4,1747
74246,4362,401676,83,19278
11,3056,39,11,199254,14059,152,45,957,16,64,4088,74214,37,25530,526,66,11796,19669,4
53,2586,687,8916,102,987,119,620,580,16,3337,14
29,4649,32,78,750,22369,4,30,96,64707,21,17094,29,4649
29,4649,32,78,750,22369,4,30,96,64707,21,17094,29,4649
117,1793,45,28625,2311,32,658,110,21852,45,291,1369,894,4801,79,4663,195,78,56545,22490
3195,32,130,39,1747,13,83,8710,19779,33,1,83,21852,33,45,1369,894,3140
10,64,6244,18247,46,18427,124,343,2549,688,14,124,1043,29,2699,4,10,20685,29,2311,156,1218,1
4640,39,11,575340,3337,1,14038,231,376882
10,64,41517,462,5641,133,11605,79,232,22930,16,43,5641
164,277,21023,70,232,4417,1096,14,214,5990,218,520,202,4038,10,1113,214,1747
10,128,894,111,58,1747,1369,93,3140,83,109,64,9513,46,22490,214,1,110,8999
164,15,70,9032,61,3081,965,15,70,78,2496,1
